date,tone,art_count
2017-01-01,1.368,69
2017-01-02,0.798,157
2017-01-03,0.75,845
2017-01-04,1.003,612
2017-01-05,1.147,1355
2017-01-06,1.514,733
2017-01-07,1.125,346
2017-01-08,0.912,270
2017-01-09,1.197,430
2017-01-10,1.099,404
2017-01-11,1.282,317
2017-01-12,1.104,269
2017-01-13,1.106,325
2017-01-14,1.287,171
2017-01-15,1.397,127
2017-01-16,1.826,264
2017-01-17,1.492,258
2017-01-18,1.213,261
2017-01-19,0.988,255
2017-01-20,1.181,202
2017-01-21,1.179,106
2017-01-22,0.94,71
2017-01-23,1.475,144
2017-01-24,1.047,184
2017-01-25,1.373,204
2017-01-26,1.722,196
2017-01-27,1.825,231
2017-01-28,1.087,127
2017-01-29,1.787,70
2017-01-30,1.14,192
2017-01-31,1.321,281
2017-02-01,1.242,305
2017-02-02,1.798,272
2017-02-03,1.557,245
2017-02-04,1.427,241
2017-02-05,1.285,90
2017-02-06,1.362,259
2017-02-07,0.968,273
2017-02-08,1.277,200
2017-02-09,1.149,324
2017-02-10,1.17,475
2017-02-11,1.595,289
2017-02-12,1.271,85
2017-02-13,1.643,267
2017-02-14,0.646,251
2017-02-15,1.435,286
2017-02-16,1.604,332
2017-02-17,1.556,297
2017-02-18,1.099,125
2017-02-19,1.404,100
2017-02-20,1.328,193
2017-02-21,1.403,227
2017-02-22,1.269,326
2017-02-23,-0.16,326
2017-02-24,0.817,321
2017-02-25,1.46,269
2017-02-26,1.478,129
2017-02-27,1.417,334
2017-02-28,1.263,270
2017-03-01,1.231,475
2017-03-02,1.138,346
2017-03-03,1.359,337
2017-03-04,1.805,186
2017-03-05,2.087,123
2017-03-06,1.316,277
2017-03-07,1.442,380
2017-03-08,1.607,303
2017-03-09,1.43,293
2017-03-10,1.523,260
2017-03-11,1.104,163
2017-03-12,1.721,96
2017-03-13,0.611,506
2017-03-14,0.975,376
2017-03-15,1.16,289
2017-03-16,1.005,341
2017-03-17,1.328,269
2017-03-18,1.072,182
2017-03-19,1.499,98
2017-03-20,0.573,239
2017-03-21,0.806,342
2017-03-22,0.64,335
2017-03-23,0.991,302
2017-03-24,0.781,406
2017-03-25,0.482,169
2017-03-26,1.032,87
2017-03-27,1.252,158
2017-03-28,1.659,209
2017-03-29,1.604,181
2017-03-30,1.162,196
2017-03-31,0.984,181
2017-04-01,0.967,104
2017-04-02,1.18,71
2017-04-03,1.238,215
2017-04-04,0.332,375
2017-04-05,1.042,403
2017-04-06,1.355,325
2017-04-07,1.486,297
2017-04-08,1.657,114
2017-04-09,1.37,116
2017-04-10,1.332,229
2017-04-11,1.137,332
2017-04-12,1.162,242
2017-04-13,1.278,218
2017-04-14,1.384,145
2017-04-15,0.643,108
2017-04-16,0.832,91
2017-04-17,0.681,587
2017-04-18,1.167,453
2017-04-19,1.58,317
2017-04-20,1.512,246
2017-04-21,1.494,219
2017-04-22,1.917,98
2017-04-23,1.756,109
2017-04-24,1.642,297
2017-04-25,1.802,327
2017-04-26,1.736,260
2017-04-27,1.521,293
2017-04-28,1.684,363
2017-04-29,1.328,160
2017-04-30,1.733,119
2017-05-01,1.331,237
2017-05-02,0.95,378
2017-05-03,1.184,416
2017-05-04,1.357,261
2017-05-05,0.79,212
2017-05-06,1.428,100
2017-05-07,1.664,97
2017-05-08,1.401,354
2017-05-09,1.247,366
2017-05-10,0.176,844
2017-05-11,0.78,544
2017-05-12,0.892,412
2017-05-13,1.157,189
2017-05-14,1.651,87
2017-05-15,1.571,305
2017-05-16,0.928,340
2017-05-17,1.168,481
2017-05-18,1.084,439
2017-05-19,1.536,391
2017-05-20,1.565,187
2017-05-21,1.744,135
2017-05-22,1.602,305
2017-05-23,1.362,205
2017-05-24,0.073,440
2017-05-25,1.047,338
2017-05-26,1.455,191
2017-05-27,1.456,151
2017-05-28,2.137,203
2017-05-29,1.062,203
2017-05-30,1.071,453
2017-05-31,1.163,335
2017-06-01,1.661,281
2017-06-02,1.255,249
2017-06-03,1.645,95
2017-06-04,1.663,79
2017-06-05,1.501,189
2017-06-06,1.262,198
2017-06-07,1.238,155
2017-06-08,1.159,346
2017-06-09,-0.343,753
2017-06-10,-0.06,268
2017-06-11,0.939,96
2017-06-12,-0.061,338
2017-06-13,0.168,360
2017-06-14,0.82,465
2017-06-15,0.95,478
2017-06-16,0.898,370
2017-06-17,1.15,112
2017-06-18,1.855,149
2017-06-19,1.506,207
2017-06-20,0.993,313
2017-06-21,1.56,324
2017-06-22,1.115,204
2017-06-23,0.825,189
2017-06-24,0.881,72
2017-06-25,0.6,64
2017-06-26,0.467,210
2017-06-27,0.884,293
2017-06-28,0.98,247
2017-06-29,0.123,252
2017-06-30,0.342,125
2017-07-01,0.237,66
2017-07-02,0.629,32
2017-07-03,1.146,139
2017-07-04,0.926,76
2017-07-05,0.109,311
2017-07-06,0.54,228
2017-07-07,0.406,232
2017-07-08,0.488,120
2017-07-09,0.441,41
2017-07-10,0.878,281
2017-07-11,0.869,351
2017-07-12,0.907,327
2017-07-13,0.531,358
2017-07-14,0.634,262
2017-07-15,0.983,43
2017-07-16,1.023,26
2017-07-17,0.048,110
2017-07-18,0.18,131
2017-07-19,1.002,161
2017-07-20,0.935,157
2017-07-21,1.114,237
2017-07-22,0.672,45
2017-07-23,1.095,28
2017-07-24,0.932,137
2017-07-25,1.251,142
2017-07-26,1.519,184
2017-07-27,0.963,149
2017-07-28,0.781,148
2017-07-29,1.231,73
2017-07-30,0.481,43
2017-07-31,1.335,203
2017-08-01,1.417,186
2017-08-02,1.413,182
2017-08-03,1.313,146
2017-08-04,1.108,134
2017-08-05,0.775,44
2017-08-06,1.056,36
2017-08-07,0.627,200
2017-08-08,1.24,154
2017-08-09,0.822,226
2017-08-10,-0.197,423
2017-08-11,-0.931,670
2017-08-12,-0.065,154
2017-08-13,0.252,92
2017-08-14,-0.011,299
2017-08-15,0.872,305
2017-08-16,0.735,253
2017-08-17,1.04,218
2017-08-18,0.63,157
2017-08-19,-0.29,86
2017-08-20,0.65,14
2017-08-21,1.365,250
2017-08-22,1.699,198
2017-08-23,1.054,152
2017-08-24,1.169,116
2017-08-25,0.853,138
2017-08-26,0.573,78
2017-08-27,0.296,59
2017-08-28,0.843,128
2017-08-29,1.068,138
2017-08-30,1.602,266
2017-08-31,0.826,220
2017-09-01,0.865,129
2017-09-02,0.936,50
2017-09-03,0.797,36
2017-09-04,1.045,78
2017-09-05,-0.959,374
2017-09-06,0.573,144
2017-09-07,1.08,152
2017-09-08,1.33,106
2017-09-09,0.959,61
2017-09-10,0.61,39
2017-09-11,0.62,216
2017-09-12,0.931,277
2017-09-13,0.778,196
2017-09-14,1.116,115
2017-09-15,-0.765,281
2017-09-16,-0.224,191
2017-09-17,0.779,90
2017-09-18,0.446,359
2017-09-19,1.283,196
2017-09-20,0.999,222
2017-09-21,-0.13,516
2017-09-22,0.445,226
2017-09-23,0.916,145
2017-09-24,0.981,51
2017-09-25,-0.327,328
2017-09-26,-0.621,532
2017-09-27,1.097,254
2017-09-28,1.809,227
2017-09-29,0.539,210
2017-09-30,0.964,80
2017-10-01,0.445,48
2017-10-02,0.472,267
2017-10-03,1.065,184
2017-10-04,1.056,164
2017-10-05,1.179,169
2017-10-06,0.925,296
2017-10-07,0.395,122
2017-10-08,1.154,47
2017-10-09,-0.127,274
2017-10-10,0.238,525
2017-10-11,0.701,329
2017-10-12,1.019,250
2017-10-13,1.121,196
2017-10-14,0.79,81
2017-10-15,0.881,53
2017-10-16,1.201,99
2017-10-17,1.375,261
2017-10-18,1.384,241
2017-10-19,1.233,226
2017-10-20,1.265,190
2017-10-21,0.626,96
2017-10-22,0.946,68
2017-10-23,1.163,201
2017-10-24,1.26,300
2017-10-25,0.274,270
2017-10-26,1.426,326
2017-10-27,0.77,403
2017-10-28,1.015,165
2017-10-29,1.328,121
2017-10-30,1.267,392
2017-10-31,1.308,289
2017-11-01,1.442,211
2017-11-02,1.335,220
2017-11-03,1.285,247
2017-11-04,0.714,94
2017-11-05,0.992,75
2017-11-06,0.697,303
2017-11-07,1.212,319
2017-11-08,1.36,388
2017-11-09,0.864,763
2017-11-10,0.065,906
2017-11-11,0.832,286
2017-11-12,0.849,177
2017-11-13,1.575,365
2017-11-14,1.206,457
2017-11-15,0.596,583
2017-11-16,0.93,336
2017-11-17,1.072,278
2017-11-18,1.353,114
2017-11-19,1.537,112
2017-11-20,1.536,196
2017-11-21,1.437,219
2017-11-22,1.242,209
2017-11-23,1.333,135
2017-11-24,1.578,153
2017-11-25,1.484,83
2017-11-26,1.485,78
2017-11-27,1.136,227
2017-11-28,1.306,192
2017-11-29,0.683,253
2017-11-30,0.643,228
2017-12-03,-0.064,49
2017-12-04,0.506,224
2017-12-05,1.048,391
2017-12-06,1.032,263
2017-12-07,1.13,236
2017-12-08,1.705,274
2017-12-09,1.419,105
2017-12-10,1.042,51
2017-12-11,2.059,140
2017-12-12,1.004,208
2017-12-13,0.947,256
2017-12-14,1.29,262
2017-12-15,1.175,165
2017-12-16,1.244,54
2017-12-17,1.046,40
2017-12-18,1.531,116
2017-12-19,1.253,107
2017-12-20,1.435,139
2017-12-21,1.306,167
2017-12-22,-0.419,248
2017-12-23,0.398,65
2017-12-24,1.193,57
2017-12-25,1.183,68
2017-12-26,0.793,92
2017-12-27,0.69,119
2017-12-28,0.599,158
2017-12-29,0.849,114
2017-12-30,-0.034,66
2017-12-31,0.857,53
2018-01-01,0.615,49
2018-01-02,0.548,299
2018-01-03,-0.09,494
2018-01-04,0.465,388
2018-01-05,0.655,302
2018-01-06,0.94,80
2018-01-07,0.884,51
2018-01-08,0.75,952
2018-01-09,0.934,567
2018-01-10,-0.178,467
2018-01-11,0.132,230
2018-01-12,0.741,185
2018-01-13,0.534,153
2018-01-14,0.877,92
2018-01-15,0.619,109
2018-01-16,0.688,214
2018-01-17,0.912,179
2018-01-18,0.903,118
2018-01-19,0.59,208
2018-01-20,0.336,87
2018-01-21,0.985,92
2018-01-22,0.81,153
2018-01-23,0.308,151
2018-01-24,-0.7,307
2018-01-25,0.45,202
2018-01-26,0.994,248
2018-01-27,0.15,67
2018-01-28,1.338,43
2018-01-29,1.443,102
2018-01-30,1.044,99
2018-01-31,1.113,145
2018-02-01,0.967,146
2018-02-02,1.121,259
2018-02-03,1.274,158
2018-02-04,1.073,103
2018-02-05,-0.027,316
2018-02-06,0.951,301
2018-02-07,0.7,250
2018-02-08,0.241,277
2018-02-09,-1.097,805
2018-02-10,-0.045,192
2018-02-11,0.86,117
2018-02-12,0.599,137
2018-02-13,0.867,161
2018-02-14,0.933,161
2018-02-15,0.583,218
2018-02-16,0.852,191
2018-02-17,0.406,89
2018-02-18,1.005,112
2018-02-19,0.676,116
2018-02-20,0.41,226
2018-02-21,0.49,192
2018-02-22,0.913,146
2018-02-23,0.825,132
2018-02-24,0.89,77
2018-02-25,1.154,97
2018-02-26,1.14,198
2018-02-27,1.496,138
2018-02-28,1.031,118
2018-03-01,0.845,130
2018-03-02,1.588,172
2018-03-03,0.682,48
2018-03-04,0.697,72
2018-03-05,0.603,144
2018-03-06,0.938,153
2018-03-07,1.097,146
2018-03-08,1.036,129
2018-03-09,1.05,165
2018-03-10,0.908,51
2018-03-11,0.356,56
2018-03-12,0.361,158
2018-03-13,-0.244,197
2018-03-14,0.715,102
2018-03-15,0.338,221
2018-03-16,0.312,140
2018-03-17,0.475,36
2018-03-18,0.213,36
2018-03-19,-0.3,285
2018-03-20,0.388,392
2018-03-21,1.12,331
2018-03-22,1.619,286
2018-03-23,-0.651,218
2018-03-24,1.141,35
2018-03-25,0.076,32
2018-03-26,0.924,153
2018-03-27,-0.621,805
2018-03-28,-1.748,1111
2018-03-29,-1.006,419
2018-03-30,-0.493,189
2018-03-31,-1.533,118
2018-04-01,-0.845,84
2018-04-02,-1.287,518
2018-04-03,0.782,495
2018-04-04,0.241,318
2018-04-05,0.733,243
2018-04-06,0.599,338
2018-04-07,0.804,121
2018-04-08,0.087,50
2018-04-09,1.095,156
2018-04-10,0.378,346
2018-04-11,1.391,227
2018-04-12,1.06,126
2018-04-13,0.757,122
2018-04-14,1.125,40
2018-04-15,0.774,29
2018-04-16,0.869,129
2018-04-17,1.013,123
2018-04-18,0.979,160
2018-04-19,0.05,262
2018-04-20,0.671,142
2018-04-21,0.59,54
2018-04-22,0.972,32
2018-04-23,0.533,109
2018-04-24,-0.284,167
2018-04-25,0.546,150
2018-04-26,0.709,166
2018-04-27,0.355,136
2018-04-28,0.025,54
2018-04-29,-0.209,40
2018-04-30,0.73,99
2018-05-01,1.385,101
2018-05-02,1.568,114
2018-05-03,1.059,175
2018-05-04,0.392,141
2018-05-05,0.364,55
2018-05-06,0.348,33
2018-05-07,0.563,298
2018-05-08,0.845,288
2018-05-09,1.045,261
2018-05-10,0.967,370
2018-05-11,0.656,556
2018-05-12,0.627,185
2018-05-13,0.507,132
2018-05-14,1.007,141
2018-05-15,0.391,197
2018-05-16,0.895,159
2018-05-17,0.617,169
2018-05-18,0.863,180
2018-05-19,0.886,56
2018-05-20,1.062,34
2018-05-21,1.068,204
2018-05-22,1.527,188
2018-05-23,1.211,180
2018-05-24,1.144,206
2018-05-25,1.043,113
2018-05-26,0.842,80
2018-05-27,1.72,49
2018-05-28,1.161,80
2018-05-29,0.655,105
2018-05-30,1.327,210
2018-05-31,1.134,152
2018-06-01,0.99,139
2018-06-02,0.715,49
2018-06-03,0.004,46
2018-06-04,0.281,263
2018-06-05,1.741,254
2018-06-06,1.243,228
2018-06-07,1.217,220
2018-06-08,1.272,283
2018-06-09,0.933,88
2018-06-10,0.549,61
2018-06-11,1.181,194
2018-06-12,1.062,182
2018-06-13,1.142,184
2018-06-14,0.974,158
2018-06-15,1.181,126
2018-06-16,1.872,59
2018-06-17,0.86,31
2018-06-18,1.525,89
2018-06-19,1.013,139
2018-06-20,0.732,145
2018-06-21,0.612,138
2018-06-22,-0.412,353
2018-06-23,-0.443,66
2018-06-24,0.566,57
2018-06-25,-1.564,357
2018-06-26,-0.641,354
2018-06-27,0.853,179
2018-06-28,0.494,203
2018-06-29,0.637,129
2018-06-30,1.728,56
2018-07-01,0.582,34
2018-07-02,0.237,138
2018-07-03,0.433,120
2018-07-04,0.324,115
2018-07-05,0.933,173
2018-07-06,0.832,119
2018-07-07,0.171,60
2018-07-08,-0.096,42
2018-07-09,0.832,140
2018-07-10,1.366,262
2018-07-11,-1.755,423
2018-07-12,0.399,197
2018-07-13,0.647,171
2018-07-14,1.27,120
2018-07-15,0.873,24
2018-07-16,1.585,115
2018-07-17,0.841,190
2018-07-18,0.353,245
2018-07-19,0.13,124
2018-07-20,0.809,124
2018-07-21,0.846,57
2018-07-22,1.006,29
2018-07-23,-0.361,149
2018-07-24,1.052,171
2018-07-25,1.036,132
2018-07-26,0.412,131
2018-07-27,1.212,134
2018-07-28,1.001,48
2018-07-29,0.618,40
2018-07-30,1.287,98
2018-07-31,1.416,125
2018-08-01,1.229,149
2018-08-02,0.117,193
2018-08-03,0.776,182
2018-08-04,0.023,41
2018-08-05,-0.454,35
2018-08-06,-0.434,221
2018-08-07,0.623,249
2018-08-08,0.868,193
2018-08-09,0.339,175
2018-08-10,1.051,145
2018-08-11,0.624,56
2018-08-12,0.971,49
2018-08-13,-0.894,273
2018-08-14,1.244,396
2018-08-15,0.834,183
2018-08-16,0.918,254
2018-08-17,-0.712,644
2018-08-18,0.317,121
2018-08-19,0.961,91
2018-08-20,0.552,392
2018-08-21,0.561,304
2018-08-22,0.466,324
2018-08-23,-0.518,312
2018-08-24,0.848,192
2018-08-25,0.654,45
2018-08-26,-0.139,49
2018-08-27,0.436,178
2018-08-28,1.337,188
2018-08-29,1.56,221
2018-08-30,1.304,210
2018-08-31,1.37,210
2018-09-01,0.723,70
2018-09-02,0.083,36
2018-09-03,0.917,84
2018-09-04,0.776,94
2018-09-05,0.88,145
2018-09-06,1.168,142
2018-09-07,0.446,109
2018-09-08,0.746,41
2018-09-09,0.655,22
2018-09-10,0.697,135
2018-09-11,0.868,154
2018-09-12,-0.626,227
2018-09-13,1.605,215
2018-09-14,0.738,190
2018-09-15,0.416,67
2018-09-16,0.268,30
2018-09-17,0.664,123
2018-09-18,0.807,158
2018-09-19,0.902,148
2018-09-20,0.556,224
2018-09-21,0.418,142
2018-09-22,0.485,47
2018-09-23,0.625,26
2018-09-24,0.946,108
2018-09-25,0.769,100
2018-09-26,0.546,124
2018-09-27,0.86,167
2018-09-28,-0.287,326
2018-09-29,0.31,76
2018-09-30,1.259,67
2018-10-01,1.271,141
2018-10-02,1.428,168
2018-10-03,1.299,262
2018-10-04,1.26,197
2018-10-05,-0.326,221
2018-10-06,0.973,70
2018-10-07,1.646,32
2018-10-08,0.665,228
2018-10-09,1.081,145
2018-10-10,-0.245,423
2018-10-11,1.007,217
2018-10-12,0.703,137
2018-10-13,0.941,57
2018-10-14,1.539,29
2018-10-15,-1.294,259
2018-10-16,0.308,191
2018-10-17,0.946,120
2018-10-18,1.132,125
2018-10-19,1.115,130
2018-10-20,0.839,40
2018-10-21,0.682,46
2018-10-22,0.981,131
2018-10-23,-0.237,222
2018-10-24,0.873,157
2018-10-25,0.715,193
2018-10-26,0.665,113
2018-10-27,1.054,53
2018-10-28,0.803,35
2018-10-29,1.166,129
2018-10-30,1.037,151
2018-10-31,0.757,124
2018-11-01,0.109,219
2018-11-02,1.081,124
2018-11-03,0.535,29
2018-11-04,0.169,27
2018-11-05,-0.155,209
2018-11-06,1.049,140
2018-11-07,1.721,115
2018-11-08,1.422,116
2018-11-09,0.87,130
2018-11-10,0.271,49
2018-11-11,0.811,64
2018-11-12,-1.184,424
2018-11-13,-0.238,662
2018-11-14,0.249,225
2018-11-15,0.148,238
2018-11-16,-2.041,923
2018-11-17,-0.898,246
2018-11-18,0.188,78
2018-11-19,-2.399,468
2018-11-20,-1.543,449
2018-11-21,0.753,292
2018-11-22,1.513,169
2018-11-23,0.822,163
2018-11-24,0.726,50
2018-11-25,1.396,58
2018-11-26,0.231,270
2018-11-27,-0.948,538
2018-11-28,-1.018,518
2018-11-29,-0.93,503
2018-11-30,-1.038,503
2018-12-01,-1.401,319
2018-12-02,-1.428,284
2018-12-03,-0.167,431
2018-12-04,0.253,347
2018-12-05,-0.232,270
2018-12-06,-0.846,237
2018-12-07,-0.087,208
2018-12-08,-1.033,139
2018-12-09,-1.174,129
2018-12-10,-0.022,163
2018-12-11,0.194,203
2018-12-12,0.608,221
2018-12-13,0.473,281
2018-12-14,0.421,165
2018-12-15,-0.311,98
2018-12-16,-0.472,81
2018-12-17,0.6,148
2018-12-18,0.428,165
2018-12-19,0.416,189
2018-12-20,0.229,326
2018-12-21,0.246,108
2018-12-22,-0.136,57
2018-12-23,1.054,46
2018-12-24,0.387,100
2018-12-25,0.387,43
2018-12-26,-0.072,99
2018-12-27,0.013,110
2018-12-28,0.159,95
2018-12-29,-0.992,61
2018-12-30,0.102,53
2018-12-31,0.301,80
2019-01-01,0.158,57
2019-01-02,-0.089,101
2019-01-03,-0.14,158
2019-01-04,0.272,131
2019-01-05,0.743,50
2019-01-06,1.314,78
2019-01-07,1.263,793
2019-01-08,0.637,704
2019-01-09,0.748,379
2019-01-10,0.99,284
2019-01-11,0.769,204
2019-01-12,0.894,102
2019-01-13,0.525,59
2019-01-14,0.804,109
2019-01-15,0.821,132
2019-01-16,1.153,143
2019-01-17,0.172,190
2019-01-18,-0.109,205
2019-01-19,1.133,46
2019-01-20,0.029,43
2019-01-21,0.724,89
2019-01-22,-1.169,185
2019-01-23,-0.148,122
2019-01-24,-0.387,214
2019-01-25,0.062,141
2019-01-26,0.252,44
2019-01-27,1.309,40
2019-01-28,-2.657,807
2019-01-29,-2.2,909
2019-01-30,-0.242,307
2019-01-31,0.383,225
2019-02-01,-0.073,190
2019-02-02,0.13,63
2019-02-03,-0.042,54
2019-02-04,0.354,126
2019-02-05,0.987,154
2019-02-06,0.019,174
2019-02-07,0.215,204
2019-02-08,-0.448,183
2019-02-09,0.401,73
2019-02-10,-0.202,63
2019-02-11,-0.332,206
2019-02-12,0.345,165
2019-02-13,0.35,197
2019-02-14,-0.331,236
2019-02-15,-0.425,519
2019-02-16,-0.04,105
2019-02-17,0.07,58
2019-02-18,0.362,116
2019-02-19,0.77,131
2019-02-20,0.828,122
2019-02-21,-0.082,153
2019-02-22,1.157,167
2019-02-23,0.47,79
2019-02-24,1.51,123
2019-02-25,1.18,184
2019-02-26,0.846,125
2019-02-27,0.588,99
2019-02-28,1.06,130
2019-03-01,0.987,95
2019-03-02,0.197,43
2019-03-03,0.295,34
2019-03-04,0.878,96
2019-03-05,1.289,115
2019-03-06,0.942,123
2019-03-07,-0.365,150
2019-03-08,0.676,124
2019-03-09,0.555,47
2019-03-10,-0.115,77
2019-03-11,0.109,652
2019-03-12,-0.245,436
2019-03-13,0.556,309
2019-03-14,0.885,196
2019-03-15,0.773,314
2019-03-16,0.494,72
2019-03-17,0.774,46
2019-03-18,1.702,269
2019-03-19,1.292,715
2019-03-20,1.125,332
2019-03-21,1.048,353
2019-03-22,0.374,170
2019-03-23,0.309,55
2019-03-24,0.747,41
2019-03-25,-0.664,244
2019-03-26,0.035,322
2019-03-27,0.406,142
2019-03-28,1.06,109
2019-03-29,1.621,94
2019-03-30,1.442,48
2019-03-31,1.504,56
2019-04-01,1.207,108
2019-04-02,1.403,119
2019-04-03,1.094,145
2019-04-04,1.129,99
2019-04-05,1.102,219
2019-04-06,2.415,54
2019-04-07,0.981,30
2019-04-08,1.692,121
2019-04-09,0.528,144
2019-04-10,1.031,216
2019-04-11,1.366,197
2019-04-12,1.503,142
2019-04-13,1.578,56
2019-04-14,0.545,30
2019-04-15,0.951,94
2019-04-16,1.263,160
2019-04-17,1.159,128
2019-04-18,0.945,104
2019-04-19,1.282,164
2019-04-20,1.157,25
2019-04-21,1.614,23
2019-04-22,0.429,77
2019-04-23,1.403,381
2019-04-24,1.321,195
2019-04-25,0.73,156
2019-04-26,-0.154,243
2019-04-27,1.52,52
2019-04-28,1.177,24
2019-04-29,1.112,92
2019-04-30,0.776,174
2019-05-01,1.506,141
2019-05-02,1.361,100
2019-05-03,0.858,106
2019-05-04,-0.262,41
2019-05-05,0.293,32
2019-05-06,-0.326,140
2019-05-07,0.422,156
2019-05-08,0.6,140
2019-05-09,0.542,165
2019-05-10,0.668,134
2019-05-11,0.801,34
2019-05-12,-0.231,45
2019-05-13,-1.4,253
2019-05-14,-0.597,266
2019-05-15,-0.661,356
2019-05-16,-0.032,330
2019-05-17,-0.222,237
2019-05-18,-0.148,59
2019-05-19,-0.339,32
2019-05-20,0.165,122
2019-05-21,-0.002,216
2019-05-22,-1.131,185
2019-05-23,-1.418,332
2019-05-24,0.801,152
2019-05-25,0.753,46
2019-05-26,-1.087,58
2019-05-27,1.607,372
2019-05-28,1.679,372
2019-05-29,-0.299,330
2019-05-30,0.762,137
2019-05-31,0.873,94
2019-06-01,0.783,45
2019-06-02,1.341,23
2019-06-03,0.832,182
2019-06-04,-0.369,219
2019-06-05,-1.242,298
2019-06-06,0.877,132
2019-06-07,0.795,102
2019-06-08,0.836,38
2019-06-09,0.928,45
2019-06-10,0.415,330
2019-06-11,0.381,284
2019-06-12,1.525,156
2019-06-13,0.295,157
2019-06-14,-1.852,210
2019-06-15,1.573,35
2019-06-16,1.646,25
2019-06-17,2.177,176
2019-06-18,0.655,369
2019-06-19,1.158,154
2019-06-20,1.718,89
2019-06-21,0.683,93
2019-06-22,-1.946,107
2019-06-23,-0.7,32
2019-06-24,-1.84,209
2019-06-25,0.765,87
2019-06-26,-0.477,286
2019-06-27,-0.694,337
2019-06-28,0.985,127
2019-06-29,1.0,47
2019-06-30,2.454,44
2019-07-01,-0.543,206
2019-07-02,2.257,213
2019-07-03,2.06,138
2019-07-04,1.557,68
2019-07-05,-0.067,209
2019-07-06,0.397,69
2019-07-07,1.17,94
2019-07-08,1.544,112
2019-07-09,1.69,159
2019-07-10,1.368,139
2019-07-11,0.066,321
2019-07-12,1.516,130
2019-07-13,1.01,61
2019-07-14,2.324,44
2019-07-15,2.078,197
2019-07-16,1.834,134
2019-07-17,1.335,115
2019-07-18,-0.922,248
2019-07-19,0.828,122
2019-07-20,1.655,41
2019-07-21,1.148,29
2019-07-22,0.964,91
2019-07-23,2.034,150
2019-07-24,1.181,98
2019-07-25,1.155,98
2019-07-26,1.578,115
2019-07-27,1.218,41
2019-07-28,1.189,33
2019-07-29,1.909,145
2019-07-30,1.497,166
2019-07-31,1.358,137
2019-08-01,1.586,112
2019-08-02,0.19,118
2019-08-03,0.412,42
2019-08-04,1.479,14
2019-08-05,-3.884,382
2019-08-06,-0.896,225
2019-08-07,1.363,104
2019-08-08,1.726,65
2019-08-09,-0.677,105
2019-08-10,-0.189,29
2019-08-11,-0.514,52
2019-08-12,-0.362,149
2019-08-13,-1.184,247
2019-08-14,0.347,133
2019-08-15,0.507,133
2019-08-16,-1.194,443
2019-08-17,-0.73,97
2019-08-18,-0.585,20
2019-08-19,0.255,542
2019-08-20,0.337,313
2019-08-21,1.98,155
2019-08-22,1.993,104
2019-08-23,-3.2,397
2019-08-24,-3.064,132
2019-08-25,0.891,46
2019-08-26,1.015,186
2019-08-27,0.402,206
2019-08-28,1.287,163
2019-08-29,1.244,116
2019-08-30,1.053,122
2019-08-31,0.471,37
2019-09-01,0.433,24
2019-09-02,0.787,43
2019-09-03,-2.673,285
2019-09-04,0.24,426
2019-09-05,0.281,230
2019-09-06,1.222,118
2019-09-07,1.66,37
2019-09-08,1.134,25
2019-09-09,1.424,69
2019-09-10,2.571,155
2019-09-11,-1.26,180
2019-09-12,1.336,83
2019-09-13,1.247,90
2019-09-14,1.266,32
2019-09-15,1.891,22
2019-09-16,0.905,73
2019-09-17,1.511,121
2019-09-18,1.44,97
2019-09-19,1.153,92
2019-09-20,1.808,109
2019-09-21,1.165,61
2019-09-22,0.826,29
2019-09-23,-0.308,147
2019-09-24,0.895,130
2019-09-25,-0.283,181
2019-09-26,-0.236,158
2019-09-27,0.731,120
2019-09-28,0.995,27
2019-09-29,0.248,27
2019-09-30,1.092,63
2019-10-01,-0.209,159
2019-10-02,1.346,74
2019-10-03,0.036,151
2019-10-04,-0.815,203
2019-10-05,0.965,39
2019-10-06,0.564,20
2019-10-07,-0.359,229
2019-10-08,-2.047,405
2019-10-09,-0.398,245
2019-10-10,0.622,178
2019-10-11,0.082,159
2019-10-12,1.631,25
2019-10-13,2.518,49
2019-10-14,1.251,167
2019-10-15,2.113,227
2019-10-16,0.908,80
2019-10-17,1.783,118
2019-10-18,1.112,162
2019-10-19,1.192,44
2019-10-20,1.168,29
2019-10-21,0.883,210
2019-10-22,1.752,163
2019-10-23,0.086,181
2019-10-24,1.526,147
2019-10-25,1.178,223
2019-10-26,1.119,41
2019-10-27,0.795,15
2019-10-28,2.552,140
2019-10-29,1.464,208
2019-10-30,1.835,110
2019-10-31,2.141,77
2019-11-01,2.163,99
2019-11-02,2.253,36
2019-11-03,1.247,22
2019-11-04,0.944,149
2019-11-05,1.257,174
2019-11-06,1.501,116
2019-11-07,1.292,132
2019-11-08,1.301,93
2019-11-09,1.393,35
2019-11-10,0.613,45
2019-11-11,0.561,129
2019-11-12,0.761,192
2019-11-13,1.104,192
2019-11-14,0.472,241
2019-11-15,1.192,251
2019-11-16,1.514,71
2019-11-17,1.118,32
2019-11-18,0.711,228
2019-11-19,1.599,203
2019-11-20,1.43,150
2019-11-21,1.331,101
2019-11-22,1.187,162
2019-11-23,1.335,46
2019-11-24,2.001,35
2019-11-25,0.795,309
2019-11-26,1.181,188
2019-11-27,1.758,200
2019-11-28,1.35,214
2019-11-29,1.626,130
2019-11-30,2.464,46
2019-12-01,2.484,58
2019-12-02,2.099,157
2019-12-03,0.707,130
2019-12-04,0.726,99
2019-12-05,2.779,113
2019-12-06,1.375,78
2019-12-07,0.519,18
2019-12-08,1.257,26
2019-12-09,1.998,90
2019-12-10,1.33,169
2019-12-11,1.913,95
2019-12-12,1.469,87
2019-12-13,0.718,105
2019-12-14,1.151,18
2019-12-15,1.451,18
2019-12-16,1.443,90
2019-12-17,1.605,109
2019-12-18,1.464,163
2019-12-19,1.909,135
2019-12-20,1.985,102
2019-12-21,0.773,23
2019-12-22,1.822,22
2019-12-23,0.843,82
2019-12-24,1.018,68
2019-12-25,1.423,34
2019-12-26,1.442,45
2019-12-27,1.647,43
2019-12-28,2.355,16
2019-12-29,1.655,32
2019-12-30,0.531,59
2019-12-31,0.342,88
2020-01-01,1.5,22
2020-01-02,2.46,137
2020-01-03,1.695,94
2020-01-04,1.407,41
2020-01-05,2.074,59
2020-01-06,1.265,400
2020-01-07,1.497,333
2020-01-08,1.24,158
2020-01-09,0.849,169
2020-01-10,0.572,196
2020-01-11,1.42,39
2020-01-12,1.111,25
2020-01-13,1.217,95
2020-01-14,1.043,153
2020-01-15,0.265,150
2020-01-16,1.758,93
2020-01-17,1.319,85
2020-01-18,0.73,44
2020-01-19,0.993,15
2020-01-20,0.872,67
2020-01-21,1.429,115
2020-01-22,1.323,86
2020-01-23,1.416,92
2020-01-24,-0.018,143
2020-01-25,1.363,26
2020-01-26,0.872,16
2020-01-27,1.228,90
2020-01-28,0.869,95
2020-01-29,0.018,113
2020-01-30,1.114,99
2020-01-31,-1.172,192
2020-02-01,-1.073,60
2020-02-02,0.82,28
2020-02-03,0.755,66
2020-02-04,0.891,183
2020-02-05,1.344,143
2020-02-06,1.448,62
2020-02-07,0.791,77
2020-02-08,-0.721,63
2020-02-09,-1.253,80
2020-02-10,-1.532,430
2020-02-11,-0.959,296
2020-02-12,-1.321,285
2020-02-13,-0.527,227
2020-02-14,-0.195,423
2020-02-15,-0.922,102
2020-02-16,-0.092,36
2020-02-17,-1.198,235
2020-02-18,0.565,156
2020-02-19,-0.891,258
2020-02-20,-0.025,278
2020-02-21,-1.077,187
2020-02-22,-1.274,72
2020-02-23,0.38,16
2020-02-24,-1.717,257
2020-02-25,-1.562,275
2020-02-26,-3.587,316
2020-02-27,0.034,108
2020-02-28,-0.822,111
2020-02-29,-0.312,50
2020-03-01,-0.672,17
2020-03-02,0.223,135
2020-03-03,-0.118,130
2020-03-04,0.489,85
2020-03-05,0.499,98
2020-03-06,0.383,102
2020-03-07,-0.403,122
2020-03-08,0.422,38
2020-03-09,0.098,99
2020-03-10,0.268,139
2020-03-11,0.637,122
2020-03-12,1.005,109
2020-03-13,0.518,69
2020-03-14,0.245,48
2020-03-15,0.191,32
2020-03-16,-0.488,132
2020-03-17,0.898,90
2020-03-18,0.463,75
2020-03-19,1.627,98
2020-03-20,0.64,84
2020-03-21,1.601,33
2020-03-22,0.289,42
2020-03-23,0.944,86
2020-03-24,1.236,105
2020-03-25,0.965,75
2020-03-26,1.846,96
2020-03-27,0.814,77
2020-03-28,1.829,32
2020-03-29,1.079,28
2020-03-30,0.938,81
2020-03-31,1.405,86
2020-04-01,0.977,71
2020-04-02,2.395,250
2020-04-03,1.756,101
2020-04-04,0.54,44
2020-04-05,0.686,24
2020-04-06,1.496,101
2020-04-07,1.547,94
2020-04-08,0.958,86
2020-04-09,1.225,67
2020-04-10,1.223,56
2020-04-11,1.073,17
2020-04-12,1.144,19
2020-04-13,1.367,73
2020-04-14,1.484,101
2020-04-15,1.258,100
2020-04-16,0.557,168
2020-04-17,1.024,131
2020-04-18,0.874,41
2020-04-19,1.141,32
2020-04-20,1.068,91
2020-04-21,1.225,108
2020-04-22,1.435,108
2020-04-23,0.967,102
2020-04-24,0.727,90
2020-04-25,0.256,25
2020-04-26,0.663,24
2020-04-27,1.202,76
2020-04-28,1.204,110
2020-04-29,0.936,108
2020-04-30,1.326,97
2020-05-01,1.004,67
2020-05-02,0.375,23
2020-05-03,1.267,22
2020-05-04,1.69,122
2020-05-05,1.591,103
2020-05-06,1.491,151
2020-05-07,1.192,101
2020-05-08,1.291,86
2020-05-09,0.408,38
2020-05-10,0.475,17
2020-05-11,-0.219,161
2020-05-12,0.847,113
2020-05-13,0.39,152
2020-05-14,1.306,233
2020-05-15,0.972,142
2020-05-16,-0.123,55
2020-05-17,1.129,32
2020-05-18,1.164,120
2020-05-19,1.116,89
2020-05-20,1.54,110
2020-05-21,0.79,179
2020-05-22,0.397,221
2020-05-23,-0.626,65
2020-05-24,-0.01,29
2020-05-25,0.526,45
2020-05-26,1.399,93
2020-05-27,0.39,188
2020-05-28,0.092,264
2020-05-29,1.528,75
2020-05-30,0.771,31
2020-05-31,0.486,16
2020-06-01,1.234,111
2020-06-02,1.241,112
2020-06-03,0.78,107
2020-06-04,0.861,83
2020-06-05,1.246,50
2020-06-06,0.661,31
2020-06-07,0.998,30
2020-06-08,1.082,72
2020-06-09,1.31,94
2020-06-10,1.247,97
2020-06-11,1.055,163
2020-06-12,0.567,71
2020-06-13,0.682,30
2020-06-14,0.699,33
2020-06-15,0.467,92
2020-06-16,1.062,113
2020-06-17,1.093,89
2020-06-18,1.042,68
2020-06-19,1.134,65
2020-06-20,0.86,30
2020-06-21,0.382,17
2020-06-22,1.547,125
2020-06-23,1.709,256
2020-06-24,0.865,209
2020-06-25,1.577,115
2020-06-26,0.97,100
2020-06-27,1.232,50
2020-06-28,1.522,26
2020-06-29,1.073,68
2020-06-30,1.521,118
2020-07-01,1.645,101
2020-07-02,1.33,88
2020-07-03,1.264,69
2020-07-04,0.833,20
2020-07-05,1.596,20
2020-07-06,1.459,93
2020-07-07,1.651,127
2020-07-08,1.368,144
2020-07-09,1.142,120
2020-07-10,0.629,91
2020-07-11,1.13,30
2020-07-12,1.559,21
2020-07-13,0.29,147
2020-07-14,1.108,122
2020-07-15,0.837,139
2020-07-16,0.859,84
2020-07-17,2.695,164
2020-07-18,0.391,19
2020-07-19,0.06,21
2020-07-20,1.466,75
2020-07-21,1.613,82
2020-07-22,1.253,131
2020-07-23,0.761,162
2020-07-24,0.559,106
2020-07-25,0.591,30
2020-07-26,0.476,31
2020-07-27,0.695,111
2020-07-28,1.272,98
2020-07-29,1.329,94
2020-07-30,1.278,98
2020-07-31,1.053,105
2020-08-01,0.805,46
2020-08-02,1.554,23
2020-08-03,1.258,78
2020-08-04,0.898,130
2020-08-05,1.492,94
2020-08-06,1.341,103
2020-08-07,1.081,95
2020-08-08,1.276,51
2020-08-09,0.767,26
2020-08-10,0.532,102
2020-08-11,0.842,115
2020-08-12,1.392,89
2020-08-13,1.421,163
2020-08-14,0.942,122
2020-08-15,1.73,51
2020-08-16,-0.304,40
2020-08-17,0.183,338
2020-08-18,-0.384,382
2020-08-19,0.767,193
2020-08-20,0.201,216
2020-08-21,0.871,98
2020-08-22,0.363,47
2020-08-23,0.623,22
2020-08-24,1.025,100
2020-08-25,1.052,137
2020-08-26,1.117,138
2020-08-27,1.675,72
2020-08-28,1.085,69
2020-08-29,0.772,32
2020-08-30,0.453,26
2020-08-31,0.94,112
2020-09-01,1.285,307
2020-09-02,1.214,392
2020-09-03,-0.462,418
2020-09-04,-0.699,372
2020-09-05,0.032,69
2020-09-06,0.615,31
2020-09-07,0.68,76
2020-09-08,0.491,143
2020-09-09,0.622,170
2020-09-10,0.824,144
2020-09-11,0.386,132
2020-09-12,0.191,97
2020-09-13,-0.225,95
2020-09-14,-0.012,1545
2020-09-15,0.172,680
2020-09-16,0.182,238
2020-09-17,0.402,236
2020-09-18,0.473,367
2020-09-19,0.143,86
2020-09-20,0.373,50
2020-09-21,0.478,142
2020-09-22,0.452,167
2020-09-23,1.107,148
2020-09-24,0.33,161
2020-09-25,0.088,124
2020-09-26,0.004,32
2020-09-27,0.844,33
2020-09-28,0.118,124
2020-09-29,1.183,162
2020-09-30,1.021,144
2020-10-01,0.98,94
2020-10-02,-0.197,127
2020-10-03,-0.237,30
2020-10-04,0.574,29
2020-10-05,0.731,251
2020-10-06,1.285,133
2020-10-07,0.658,88
2020-10-08,0.977,132
2020-10-09,0.297,44
2020-10-10,1.459,51
2020-10-11,1.61,20
2020-10-12,1.228,58
2020-10-13,1.659,97
2020-10-14,1.5,79
2020-10-15,0.955,62
2020-10-16,1.028,21
2020-10-17,2.195,28
2020-10-18,1.064,18
2020-10-19,0.025,13
2020-10-21,0.971,88
2020-10-22,-0.045,66
2020-10-23,-0.213,29
2020-10-24,0.225,16
2020-10-25,0.791,24
2020-10-26,0.802,76
2020-10-27,0.876,188
2020-10-28,1.072,104
2020-10-29,0.99,89
2020-10-30,0.575,28
2020-10-31,0.392,6
2020-11-01,0.451,14
2020-11-02,0.738,36
2020-11-03,1.3,38
2020-11-04,0.415,84
2020-11-05,0.998,19
2020-11-06,-0.233,21
2020-11-07,0.503,6
2020-11-08,1.737,6
2020-11-09,0.721,72
2020-11-10,1.294,36
2020-11-11,0.547,43
2020-11-12,0.687,19
2020-11-13,0.012,4
2020-11-14,0.0,0
2020-11-15,3.29,9
2020-11-16,1.782,49
2020-11-17,0.679,55
2020-11-18,0.534,265
2020-11-19,-0.452,399
2020-11-20,0.905,193
2020-11-21,1.268,60
2020-11-22,1.085,36
2020-11-23,1.366,118
2020-11-24,1.824,106
2020-11-25,2.002,173
2020-11-26,1.231,108
2020-11-27,1.713,122
2020-11-28,1.254,66
2020-11-29,2.419,63
2020-11-30,0.949,218
2020-12-01,1.587,173
2020-12-02,1.404,134
2020-12-03,1.863,111
2020-12-04,1.376,112
2020-12-05,1.784,46
2020-12-06,0.64,29
2020-12-07,1.145,142
2020-12-08,0.451,157
2020-12-09,0.698,136
2020-12-10,1.01,119
2020-12-11,1.3,117
2020-12-12,0.561,38
2020-12-13,0.911,32
2020-12-14,1.817,119
2020-12-15,1.383,103
2020-12-16,1.02,133
2020-12-17,0.633,131
2020-12-18,0.908,160
2020-12-19,0.287,74
2020-12-20,0.394,75
2020-12-21,-0.227,210
2020-12-22,-0.379,100
2020-12-23,0.705,64
2020-12-24,-0.115,65
2020-12-25,0.251,22
2020-12-26,0.33,30
2020-12-27,0.268,21
2020-12-28,0.899,88
2020-12-29,0.563,135
2020-12-30,0.613,126
2020-12-31,0.418,88
2021-01-01,-0.39,49
2021-01-02,-0.105,23
2021-01-03,-0.107,35
2021-01-04,0.367,71
2021-01-05,0.26,128
2021-01-06,0.227,196
2021-01-07,0.878,164
2021-01-08,0.797,153
2021-01-09,0.272,53
2021-01-10,0.797,39
2021-01-11,1.045,205
2021-01-12,1.391,374
2021-01-13,1.295,426
2021-01-14,0.804,230
2021-01-15,1.051,148
2021-01-16,0.359,53
2021-01-17,0.198,34
2021-01-18,0.844,122
2021-01-19,1.464,181
2021-01-20,1.18,139
2021-01-21,1.071,134
2021-01-22,1.138,152
2021-01-23,0.025,68
2021-01-24,0.092,30
2021-01-25,0.681,88
2021-01-26,0.876,163
2021-01-27,1.513,133
2021-01-28,0.622,128
2021-01-29,0.959,106
2021-01-30,1.106,62
2021-01-31,0.555,28
2021-02-01,1.084,110
2021-02-02,1.001,105
2021-02-03,2.107,204
2021-02-04,0.666,99
2021-02-05,0.868,101
2021-02-06,0.611,37
2021-02-07,0.532,37
2021-02-08,0.423,171
2021-02-09,1.132,152
2021-02-10,1.205,107
2021-02-11,0.213,145
2021-02-12,0.284,144
2021-02-13,-0.344,64
2021-02-14,0.093,55
2021-02-15,0.573,102
2021-02-16,0.408,129
2021-02-17,0.288,116
2021-02-18,0.272,146
2021-02-19,-0.092,143
2021-02-20,-0.439,33
2021-02-21,1.109,66
2021-02-22,0.772,154
2021-02-23,1.178,105
2021-02-24,0.688,167
2021-02-25,0.468,259
2021-02-26,0.044,168
2021-02-27,0.724,47
2021-02-28,1.036,29
2021-03-01,0.466,85
2021-03-02,1.224,97
2021-03-03,1.264,149
2021-03-04,1.343,118
2021-03-05,-0.548,170
2021-03-06,0.074,38
2021-03-07,-0.322,19
2021-03-08,0.493,116
2021-03-09,0.467,198
2021-03-10,-0.771,319
2021-03-11,0.982,122
2021-03-12,0.985,104
2021-03-13,0.859,39
2021-03-14,1.361,24
2021-03-15,1.113,88
2021-03-16,0.984,109
2021-03-17,1.046,109
2021-03-18,1.189,112
2021-03-19,1.188,80
2021-03-20,-0.39,34
2021-03-21,-0.291,17
2021-03-22,0.877,115
2021-03-23,1.351,132
2021-03-24,1.087,115
2021-03-25,1.017,117
2021-03-26,1.198,63
2021-03-27,0.582,35
2021-03-28,0.304,37
2021-03-29,0.582,82
2021-03-30,1.582,135
2021-03-31,0.593,148
2021-04-01,0.021,293
2021-04-02,0.815,93
2021-04-03,0.734,18
2021-04-04,1.705,26
2021-04-05,1.008,57
2021-04-06,0.975,92
2021-04-07,1.791,103
2021-04-08,1.248,91
2021-04-09,0.406,146
2021-04-10,-0.089,46
2021-04-11,0.252,26
2021-04-12,2.045,325
2021-04-13,1.397,217
2021-04-14,1.386,166
2021-04-15,0.921,149
2021-04-16,1.473,83
2021-04-17,0.529,49
2021-04-18,0.895,31
2021-04-19,0.438,212
2021-04-20,0.02,143
2021-04-21,1.354,109
2021-04-22,0.837,110
2021-04-23,1.225,133
2021-04-24,1.867,163
2021-04-25,-0.408,27
2021-04-26,0.655,93
2021-04-27,0.866,98
2021-04-28,1.256,154
2021-04-29,1.024,151
2021-04-30,1.211,113
2021-05-01,1.403,31
2021-05-02,1.199,23
2021-05-03,1.011,92
2021-05-04,1.093,112
2021-05-05,0.855,137
2021-05-06,0.576,96
2021-05-07,-0.32,173
2021-05-08,0.488,36
2021-05-09,-0.004,33
2021-05-10,1.073,85
2021-05-11,1.413,224
2021-05-12,1.293,150
2021-05-13,0.705,104
2021-05-14,1.029,72
2021-05-15,1.174,24
2021-05-16,1.176,27
2021-05-17,1.4,74
2021-05-18,1.302,108
2021-05-19,0.405,81
2021-05-20,0.807,142
2021-05-21,0.311,345
2021-05-22,0.165,48
2021-05-23,0.479,37
2021-05-24,0.173,292
2021-05-25,-0.203,286
2021-05-26,0.507,156
2021-05-27,1.022,292
2021-05-28,1.261,127
2021-05-29,1.405,45
2021-05-30,0.771,35
2021-05-31,1.575,96
2021-06-01,1.893,353
2021-06-02,0.607,347
2021-06-03,1.067,246
2021-06-04,0.574,125
2021-06-05,1.51,41
2021-06-06,0.913,32
2021-06-07,0.915,110
2021-06-08,1.007,159
2021-06-09,1.249,103
2021-06-10,1.22,118
2021-06-11,0.038,180
2021-06-12,0.929,61
2021-06-13,0.496,25
2021-06-14,1.284,115
2021-06-15,1.412,138
2021-06-16,1.297,104
2021-06-17,0.99,126
2021-06-18,1.141,116
2021-06-19,0.688,32
2021-06-20,1.792,30
2021-06-21,1.513,178
2021-06-22,1.282,189
2021-06-23,1.336,160
2021-06-24,1.302,125
2021-06-25,1.775,147
2021-06-26,0.89,45
2021-06-27,1.036,27
2021-06-28,0.666,230
2021-06-29,-0.58,332
2021-06-30,1.342,157
2021-07-01,1.86,151
2021-07-02,0.915,95
2021-07-03,0.396,45
2021-07-04,0.625,29
2021-07-05,1.068,56
2021-07-06,1.631,154
2021-07-07,1.421,188
2021-07-08,1.073,98
2021-07-09,1.245,78
2021-07-10,1.384,37
2021-07-11,2.149,37
2021-07-12,0.998,60
2021-07-13,1.265,85
2021-07-14,1.595,104
2021-07-15,1.472,115
2021-07-16,1.211,125
2021-07-17,-0.113,34
2021-07-18,1.041,31
2021-07-19,1.515,129
2021-07-20,0.991,124
2021-07-21,1.418,177
2021-07-22,0.618,102
2021-07-23,0.831,88
2021-07-24,0.964,28
2021-07-25,0.8,21
2021-07-26,0.281,211
2021-07-27,0.121,239
2021-07-28,1.096,76
2021-07-29,1.375,88
2021-07-30,0.856,60
2021-07-31,0.507,24
2021-08-01,1.572,19
2021-08-02,1.287,67
2021-08-03,0.817,95
2021-08-04,0.148,124
2021-08-05,1.551,102
2021-08-06,1.357,165
2021-08-07,0.59,14
2021-08-08,0.835,21
2021-08-09,0.887,69
2021-08-10,1.077,111
2021-08-11,1.126,103
2021-08-12,1.935,92
2021-08-13,0.905,75
2021-08-14,2.403,18
2021-08-15,0.345,34
2021-08-16,0.993,90
2021-08-17,1.333,106
2021-08-18,0.231,172
2021-08-19,-0.162,308
2021-08-20,-0.534,271
2021-08-21,-0.616,45
2021-08-22,0.487,29
2021-08-23,0.914,133
2021-08-24,1.23,150
2021-08-25,1.139,160
2021-08-26,1.2,121
2021-08-27,0.678,128
2021-08-28,0.472,40
2021-08-29,0.563,43
2021-08-30,1.08,91
2021-08-31,0.647,94
2021-09-01,1.242,92
2021-09-02,1.355,97
2021-09-03,1.359,118
2021-09-04,1.653,33
2021-09-05,0.781,26
2021-09-06,1.619,57
2021-09-07,0.652,98
2021-09-08,-0.261,193
2021-09-09,0.882,73
2021-09-10,1.303,62
2021-09-11,0.109,32
2021-09-12,0.38,21
2021-09-13,0.875,92
2021-09-14,0.53,112
2021-09-15,2.543,180
2021-09-16,0.822,178
2021-09-17,1.458,86
2021-09-18,-0.087,27
2021-09-19,1.773,37
2021-09-20,-1.772,257
2021-09-21,-2.14,251
2021-09-22,1.035,332
2021-09-23,0.767,174
2021-09-24,-0.003,147
2021-09-25,0.225,39
2021-09-26,1.518,34
2021-09-27,1.332,109
2021-09-28,-0.258,269
2021-09-29,-0.788,304
2021-09-30,1.169,179
2021-10-01,1.119,119
2021-10-02,1.151,30
2021-10-03,1.391,38
2021-10-04,0.951,142
2021-10-05,0.366,225
2021-10-06,0.775,177
2021-10-07,1.188,101
2021-10-08,0.97,92
2021-10-09,1.278,42
2021-10-10,1.196,26
2021-10-11,1.063,77
2021-10-12,0.551,179
2021-10-13,1.076,153
2021-10-14,0.838,118
2021-10-15,0.72,86
2021-10-16,0.818,33
2021-10-17,1.049,83
2021-10-18,0.054,175
2021-10-19,-0.351,274
2021-10-20,1.224,134
2021-10-21,1.613,139
2021-10-22,1.08,155
2021-10-23,1.014,34
2021-10-24,1.081,21
2021-10-25,1.039,107
2021-10-26,0.809,171
2021-10-27,0.119,294
2021-10-28,-1.011,331
2021-10-29,-0.761,255
2021-10-30,0.377,33
2021-10-31,1.236,27
2021-11-01,0.805,100
2021-11-02,0.676,95
2021-11-03,1.092,107
2021-11-04,1.13,227
2021-11-05,-0.009,232
2021-11-06,0.578,38
2021-11-07,0.68,118
2021-11-08,0.764,236
2021-11-09,0.849,412
2021-11-10,0.729,228
2021-11-11,0.009,219
2021-11-12,0.164,176
2021-11-13,0.497,57
2021-11-14,0.704,52
2021-11-15,0.91,149
2021-11-16,1.065,287
2021-11-17,0.899,222
2021-11-18,1.064,356
2021-11-19,0.727,368
2021-11-20,1.577,67
2021-11-21,1.27,30
2021-11-22,1.289,123
2021-11-23,0.381,341
2021-11-24,0.922,156
2021-11-25,1.552,113
2021-11-26,1.897,74
2021-11-27,2.11,47
2021-11-28,1.84,57
2021-11-29,-0.415,184
2021-11-30,-0.761,202
2021-12-01,0.199,196
2021-12-02,-0.024,220
2021-12-03,-1.323,479
2021-12-04,-0.699,80
2021-12-05,0.425,35
2021-12-06,0.206,181
2021-12-07,0.751,201
2021-12-08,0.498,220
2021-12-09,0.02,285
2021-12-10,-0.75,266
2021-12-11,1.236,51
2021-12-12,0.555,24
2021-12-13,0.928,160
2021-12-14,0.79,177
2021-12-15,1.488,136
2021-12-16,0.688,152
2021-12-17,0.092,148
2021-12-18,-1.252,81
2021-12-19,0.566,31
2021-12-20,0.814,150
2021-12-21,0.546,120
2021-12-22,0.643,145
2021-12-23,0.67,150
2021-12-24,0.584,62
2021-12-25,1.316,22
2021-12-26,0.837,27
2021-12-27,-0.654,182
2021-12-28,-1.226,220
2021-12-29,-1.676,198
2021-12-30,0.028,91
2021-12-31,0.215,84
2022-01-01,0.521,28
2022-01-02,0.84,14
2022-01-03,-0.03,227
2022-01-04,1.101,480
2022-01-05,1.042,381
2022-01-06,1.284,183
2022-01-07,1.304,290
2022-01-08,0.98,75
2022-01-09,1.927,27
2022-01-10,0.622,143
2022-01-11,0.46,255
2022-01-12,0.499,317
2022-01-13,0.827,243
2022-01-14,0.495,180
2022-01-15,0.673,65
2022-01-16,0.547,26
2022-01-17,1.759,82
2022-01-18,0.081,193
2022-01-19,-0.064,304
2022-01-20,-0.448,348
2022-01-21,-1.503,270
2022-01-22,-0.383,57
2022-01-23,1.083,28
2022-01-24,-0.96,194
2022-01-25,-0.161,261
2022-01-26,0.719,206
2022-01-27,0.429,190
2022-01-28,-0.056,203
2022-01-29,1.133,64
2022-01-30,0.57,23
2022-01-31,0.071,173
2022-02-01,-0.725,227
2022-02-02,0.903,146
2022-02-03,0.655,89
2022-02-04,0.213,104
2022-02-05,0.081,28
2022-02-06,0.532,33
2022-02-07,0.671,106
2022-02-08,-0.604,522
2022-02-09,-0.196,271
2022-02-10,0.264,143
2022-02-11,0.136,143
2022-02-12,-0.971,72
2022-02-13,-0.059,48
2022-02-14,0.086,165
2022-02-15,1.117,180
2022-02-16,0.946,182
2022-02-17,0.477,263
2022-02-18,-0.0,133
2022-02-19,0.406,50
2022-02-20,-0.001,33
2022-02-21,1.045,64
2022-02-22,1.099,97
2022-02-23,1.206,95
2022-02-24,-0.617,126
2022-02-25,-1.241,161
2022-02-26,-1.362,61
2022-02-27,-0.705,32
2022-02-28,-0.797,189
2022-03-01,0.347,110
2022-03-02,-0.241,132
2022-03-03,-0.094,110
2022-03-04,0.453,80
2022-03-05,-0.844,29
2022-03-06,-1.452,37
2022-03-07,-1.739,155
2022-03-08,-0.209,133
2022-03-09,1.276,123
2022-03-10,0.194,149
2022-03-11,0.629,95
2022-03-12,-0.144,36
2022-03-13,0.04,11
2022-03-14,-1.277,102
2022-03-15,-0.409,160
2022-03-16,0.538,105
2022-03-17,0.972,106
2022-03-18,-0.6,192
2022-03-19,-0.059,53
2022-03-20,1.016,26
2022-03-21,0.484,105
2022-03-22,0.854,268
2022-03-23,0.129,268
2022-03-24,-0.696,308
2022-03-25,-2.004,326
2022-03-26,0.185,68
2022-03-27,0.429,41
2022-03-28,0.638,117
2022-03-29,0.936,154
2022-03-30,0.202,286
2022-03-31,-0.286,159
2022-04-01,0.208,118
2022-04-02,0.714,57
2022-04-03,1.12,39
2022-04-04,1.593,121
2022-04-05,0.751,113
2022-04-06,1.204,118
2022-04-07,0.278,134
2022-04-08,-0.673,163
2022-04-09,-0.333,33
2022-04-10,-0.041,28
2022-04-11,-0.22,126
2022-04-12,0.479,174
2022-04-13,1.46,118
2022-04-14,0.978,93
2022-04-15,1.278,52
2022-04-16,0.489,26
2022-04-17,1.195,22
2022-04-18,1.884,59
2022-04-19,0.935,92
2022-04-20,1.137,102
2022-04-21,-0.491,190
2022-04-22,-0.505,173
2022-04-23,0.215,47
2022-04-24,0.917,20
2022-04-25,0.592,96
2022-04-26,1.113,122
2022-04-27,0.94,120
2022-04-28,0.383,125
2022-04-29,0.046,95
2022-04-30,1.514,27
2022-05-01,0.754,16
2022-05-02,-0.134,105
2022-05-03,-0.676,240
2022-05-04,0.457,104
2022-05-05,1.128,118
2022-05-06,-1.195,251
2022-05-07,-1.436,91
2022-05-08,0.234,36
2022-05-09,0.419,134
2022-05-10,0.682,146
2022-05-11,1.205,112
2022-05-12,-0.539,234
2022-05-13,0.022,116
2022-05-14,0.682,26
2022-05-15,0.416,21
2022-05-16,-0.093,144
2022-05-17,0.958,125
2022-05-18,0.956,152
2022-05-19,0.675,143
2022-05-20,0.576,170
2022-05-21,0.488,46
2022-05-22,-0.196,40
2022-05-23,1.152,132
2022-05-24,1.962,193
2022-05-25,0.569,199
2022-05-26,0.033,267
2022-05-27,0.589,123
2022-05-28,0.261,41
2022-05-29,1.232,36
2022-05-30,1.575,105
2022-05-31,1.442,121
2022-06-01,1.802,118
2022-06-02,-0.008,162
2022-06-03,0.778,99
2022-06-04,0.564,30
2022-06-05,1.702,21
2022-06-06,1.077,81
2022-06-07,1.185,137
2022-06-08,0.939,106
2022-06-09,1.532,104
2022-06-10,-0.05,121
2022-06-11,-0.763,57
2022-06-12,1.38,26
2022-06-13,0.696,108
2022-06-14,0.776,84
2022-06-15,1.07,113
2022-06-16,0.318,98
2022-06-17,-0.338,111
2022-06-18,-1.063,45
2022-06-19,1.37,19
2022-06-20,0.671,57
2022-06-21,1.528,94
2022-06-22,1.091,148
2022-06-23,1.196,145
2022-06-24,0.906,103
2022-06-25,0.606,40
2022-06-26,1.05,30
2022-06-27,0.804,107
2022-06-28,1.44,120
2022-06-29,0.866,147
2022-06-30,0.718,123
2022-07-01,-0.714,194
2022-07-02,-0.786,46
2022-07-03,0.041,32
2022-07-04,1.005,61
2022-07-05,0.822,107
2022-07-06,0.963,147
2022-07-07,0.495,113
2022-07-08,1.507,80
2022-07-09,0.998,22
2022-07-10,0.133,13
2022-07-11,0.794,74
2022-07-12,1.377,151
2022-07-13,1.59,124
2022-07-14,1.126,115
2022-07-15,0.805,99
2022-07-16,0.826,56
2022-07-17,0.036,29
2022-07-18,0.501,107
2022-07-19,0.391,127
2022-07-20,0.848,197
2022-07-21,0.707,155
2022-07-22,0.423,61
2022-07-23,0.904,31
2022-07-24,-0.778,22
2022-07-25,-0.301,145
2022-07-26,0.494,131
2022-07-27,0.132,154
2022-07-28,0.927,133
2022-07-29,0.393,113
2022-07-30,1.133,30
2022-07-31,1.133,17
2022-08-01,0.103,63
2022-08-02,1.296,163
2022-08-03,0.02,98
2022-08-04,0.699,120
2022-08-05,0.41,86
2022-08-06,0.38,24
2022-08-07,0.863,22
2022-08-08,-0.913,402
2022-08-09,-0.573,366
2022-08-10,-1.346,262
2022-08-11,0.352,134
2022-08-12,0.233,184
2022-08-13,-0.101,53
2022-08-14,-0.47,52
2022-08-15,0.75,99
2022-08-16,0.404,137
2022-08-17,1.113,171
2022-08-18,1.044,87
2022-08-19,1.002,100
2022-08-20,0.686,34
2022-08-21,0.255,44
2022-08-22,0.368,91
2022-08-23,0.572,80
2022-08-24,0.364,253
2022-08-25,0.009,200
2022-08-26,0.131,118
2022-08-27,0.717,33
2022-08-28,0.849,14
2022-08-29,0.224,79
2022-08-30,-0.279,231
2022-08-31,-0.531,288
2022-09-01,-1.505,708
2022-09-02,-0.465,311
2022-09-03,-1.433,53
2022-09-04,-0.336,38
2022-09-05,0.265,74
2022-09-06,-0.309,145
2022-09-07,0.52,99
2022-09-08,0.701,108
2022-09-09,0.795,85
2022-09-10,-0.081,109
2022-09-11,-0.14,28
2022-09-12,0.204,120
2022-09-13,1.304,146
2022-09-14,1.058,122
2022-09-15,1.034,114
2022-09-16,0.573,121
2022-09-17,0.05,43
2022-09-18,-0.997,47
2022-09-19,-0.438,110
2022-09-20,0.786,376
2022-09-21,1.345,280
2022-09-22,0.579,202
2022-09-23,0.206,147
2022-09-24,-0.29,53
2022-09-25,-0.655,33
2022-09-26,0.367,125
2022-09-27,0.912,175
2022-09-28,0.493,130
2022-09-29,0.518,144
2022-09-30,1.339,147
2022-10-01,0.452,39
2022-10-02,0.47,27
2022-10-03,0.512,102
2022-10-04,0.099,147
2022-10-05,0.193,138
2022-10-06,0.469,114
2022-10-07,-0.792,176
2022-10-08,-0.576,112
2022-10-09,0.049,36
2022-10-10,-1.036,242
2022-10-11,0.534,237
2022-10-12,0.824,239
2022-10-13,0.935,192
2022-10-14,-0.135,189
2022-10-15,0.896,104
2022-10-16,0.294,41
2022-10-17,0.772,119
2022-10-18,1.092,247
2022-10-19,1.071,110
2022-10-20,0.665,128
2022-10-21,0.241,92
2022-10-22,0.428,35
2022-10-23,0.756,29
2022-10-24,1.012,101
2022-10-25,1.216,122
2022-10-26,0.366,104
2022-10-27,0.586,122
2022-10-28,0.561,100
2022-10-29,-0.014,30
2022-10-30,-0.356,25
2022-10-31,0.329,90
2022-11-01,0.791,74
2022-11-02,0.759,78
2022-11-03,0.926,96
2022-11-04,0.608,104
2022-11-05,0.891,28
2022-11-06,0.948,16
2022-11-07,1.112,96
2022-11-08,0.416,154
2022-11-09,1.218,135
2022-11-10,1.669,167
2022-11-11,-0.816,9
2022-11-12,0.6,40
2022-11-13,0.775,30
2022-11-14,1.529,140
2022-11-15,0.642,257
2022-11-16,-0.382,340
2022-11-17,0.429,225
2022-11-18,0.928,106
2022-11-19,0.902,34
2022-11-20,0.827,25
2022-11-21,1.073,87
2022-11-22,0.355,185
2022-11-23,0.144,189
2022-11-24,-0.61,105
2022-11-25,1.179,104
2022-11-26,1.717,33
2022-11-27,1.482,53
2022-11-28,1.188,84
2022-11-29,1.564,115
2022-11-30,1.022,101
2022-12-01,0.625,106
2022-12-02,0.465,93
2022-12-03,0.58,39
2022-12-04,1.665,20
2022-12-05,-0.65,125
2022-12-06,-0.747,236
2022-12-07,1.142,164
2022-12-08,0.193,107
2022-12-09,-0.994,133
2022-12-10,0.436,40
2022-12-11,-1.075,49
2022-12-12,0.592,102
2022-12-13,0.107,126
2022-12-14,1.237,93
2022-12-15,0.235,133
2022-12-16,0.566,91
2022-12-17,0.623,19
2022-12-18,0.967,30
2022-12-19,1.487,49
2022-12-20,1.209,78
2022-12-21,1.036,90
2022-12-22,0.779,149
2022-12-23,-0.841,118
2022-12-24,0.068,21
2022-12-25,-0.595,25
2022-12-26,0.924,40
2022-12-27,0.572,93
2022-12-28,-0.026,69
2022-12-29,0.664,76
2022-12-30,-0.612,102
2022-12-31,-1.394,30
2023-01-01,-0.864,22
2023-01-02,0.452,67
2023-01-03,1.803,260
2023-01-04,1.892,275
2023-01-05,1.682,268
2023-01-06,1.338,169
2023-01-07,1.379,73
2023-01-08,1.695,53
2023-01-09,0.562,196
2023-01-10,1.376,131
2023-01-11,2.066,119
2023-01-12,1.048,102
2023-01-13,0.566,98
2023-01-14,0.48,32
2023-01-15,2.132,21
2023-01-16,-0.12,81
2023-01-17,0.378,163
2023-01-18,0.872,115
2023-01-19,0.738,126
2023-01-20,-0.319,171
2023-01-21,1.111,26
2023-01-22,0.288,29
2023-01-23,1.034,90
2023-01-24,0.836,80
2023-01-25,1.02,77
2023-01-26,1.347,118
2023-01-27,0.32,118
2023-01-28,-0.732,46
2023-01-29,-1.099,51
2023-01-30,0.606,97
2023-01-31,0.604,118
2023-02-01,1.102,162
2023-02-02,1.491,118
2023-02-03,0.901,102
2023-02-04,1.004,29
2023-02-05,1.383,30
2023-02-06,0.502,60
2023-02-07,1.845,86
2023-02-08,1.57,90
2023-02-09,0.901,106
2023-02-10,0.798,67
2023-02-11,-0.54,48
2023-02-12,1.506,28
2023-02-13,1.178,88
2023-02-14,0.942,123
2023-02-15,0.877,119
2023-02-16,-0.342,173
2023-02-17,-1.383,212
2023-02-18,-0.552,54
2023-02-19,0.053,26
2023-02-20,0.618,103
2023-02-21,-0.298,286
2023-02-22,0.124,363
2023-02-23,0.358,381
2023-02-24,-0.392,245
2023-02-25,0.538,50
2023-02-26,0.289,45
2023-02-27,1.063,157
2023-02-28,1.371,104
2023-03-01,0.899,125
2023-03-02,0.515,140
2023-03-03,0.49,181
2023-03-04,0.497,41
2023-03-05,-0.193,39
2023-03-06,0.304,121
2023-03-07,1.034,116
2023-03-08,0.004,91
2023-03-09,0.738,108
2023-03-10,1.045,97
2023-03-11,1.148,40
2023-03-12,-0.351,21
2023-03-13,0.13,87
2023-03-14,0.275,155
2023-03-15,1.141,108
2023-03-16,1.161,106
2023-03-17,0.614,109
2023-03-18,1.078,30
2023-03-19,0.455,25
2023-03-20,0.946,100
2023-03-21,2.215,269
2023-03-22,1.189,43
2023-03-24,0.784,79
2023-03-25,0.953,152
2023-03-26,1.312,95
2023-03-27,1.399,89
2023-03-28,1.237,112
2023-03-29,1.35,104
2023-03-30,0.809,132
2023-03-31,0.849,90
2023-04-01,0.913,46
2023-04-02,1.201,45
2023-04-03,0.954,73
2023-04-04,1.337,63
2023-04-05,0.564,148
2023-04-06,0.906,86
2023-04-07,0.869,56
2023-04-08,1.512,48
2023-04-09,1.462,24
2023-04-10,1.209,67
2023-04-11,1.561,86
2023-04-12,0.799,86
2023-04-13,1.892,94
2023-04-14,1.523,87
2023-04-15,0.918,52
2023-04-16,1.487,33
2023-04-17,1.672,84
2023-04-18,2.123,104
2023-04-19,1.418,94
2023-04-20,1.009,104
2023-04-21,0.878,68
2023-04-22,1.231,48
2023-04-23,1.385,36
2023-04-24,1.377,77
2023-04-25,1.384,97
2023-04-26,0.761,113
2023-04-27,0.571,100
2023-04-28,0.62,102
2023-04-29,0.735,70
2023-04-30,1.22,45
2023-05-01,0.636,74
2023-05-02,1.257,81
2023-05-03,1.49,114
2023-05-04,0.734,87
2023-05-05,0.648,136
2023-05-06,0.754,27
2023-05-07,1.214,20
2023-05-08,1.014,67
2023-05-09,1.133,88
2023-05-10,0.29,134
2023-05-11,1.065,94
2023-05-12,1.365,90
2023-05-13,1.448,46
2023-05-14,0.649,49
2023-05-15,-0.219,111
2023-05-16,0.878,112
2023-05-17,1.962,103
2023-05-18,1.502,170
2023-05-19,1.376,135
2023-05-20,1.115,43
2023-05-21,1.318,77
2023-05-22,1.165,144
2023-05-23,1.903,104
2023-05-24,1.034,169
2023-05-25,0.217,448
2023-05-26,-0.256,522
2023-05-27,0.508,91
2023-05-28,1.408,77
2023-05-29,1.355,351
2023-05-30,0.881,552
2023-05-31,0.181,326
2023-06-01,0.263,336
2023-06-02,0.141,245
2023-06-03,0.476,188
2023-06-04,0.381,43
2023-06-05,0.87,144
2023-06-06,0.121,116
2023-06-07,0.243,146
2023-06-08,-0.223,233
2023-06-09,0.639,219
2023-06-10,0.508,65
2023-06-11,1.296,55
2023-06-12,0.437,162
2023-06-13,0.878,259
2023-06-14,1.224,196
2023-06-15,0.749,189
2023-06-16,0.957,133
2023-06-17,1.88,79
2023-06-18,0.441,81
2023-06-19,0.288,201
2023-06-20,1.043,157
2023-06-21,0.848,112
2023-06-22,0.486,196
2023-06-23,-0.006,146
2023-06-24,-0.092,58
2023-06-25,0.493,41
2023-06-26,0.87,104
2023-06-27,0.78,199
2023-06-28,-0.66,317
2023-06-29,0.507,137
2023-06-30,0.647,195
2023-07-01,0.706,164
2023-07-02,0.483,41
2023-07-03,0.803,107
2023-07-04,0.608,71
2023-07-05,0.223,103
2023-07-06,0.426,79
2023-07-07,1.042,84
2023-07-08,0.89,40
2023-07-09,1.581,16
2023-07-10,1.743,67
2023-07-11,-0.972,227
2023-07-12,0.071,290
2023-07-13,0.59,207
2023-07-14,0.607,183
2023-07-15,-0.032,69
2023-07-16,-0.927,70
2023-07-17,-0.012,152
2023-07-18,0.958,164
2023-07-19,-0.056,126
2023-07-20,0.833,189
2023-07-21,0.008,146
2023-07-22,0.535,42
2023-07-23,0.652,50
2023-07-24,0.429,114
2023-07-25,1.068,104
2023-07-26,0.838,99
2023-07-27,1.249,124
2023-07-28,0.978,111
2023-07-29,0.845,40
2023-07-30,0.85,43
2023-07-31,1.294,77
2023-08-01,2.32,87
2023-08-02,0.141,152
2023-08-03,-0.025,176
2023-08-04,1.35,106
2023-08-05,1.582,35
2023-08-06,0.519,47
2023-08-07,1.012,64
2023-08-08,1.45,128
2023-08-09,0.761,142
2023-08-10,-0.39,128
2023-08-11,-0.013,71
2023-08-12,0.31,74
2023-08-13,0.349,56
2023-08-14,-2.047,241
2023-08-15,0.183,263
2023-08-16,0.788,94
2023-08-17,0.901,154
2023-08-18,0.1,120
2023-08-19,0.539,46
2023-08-20,0.429,53
2023-08-21,0.156,188
2023-08-22,0.164,453
2023-08-23,0.272,525
2023-08-24,0.38,727
2023-08-25,-0.342,528
2023-08-26,0.37,110
2023-08-27,0.774,68
2023-08-28,0.894,139
2023-08-29,0.897,213
2023-08-30,0.972,241
2023-08-31,0.696,204
2023-09-01,0.997,154
2023-09-02,1.106,74
2023-09-03,1.032,55
2023-09-04,-1.31,116
2023-09-05,1.133,100
2023-09-06,0.522,198
2023-09-07,-0.432,206
2023-09-08,0.764,189
2023-09-09,0.63,63
2023-09-10,1.213,32
2023-09-11,0.777,237
2023-09-12,0.801,264
2023-09-13,0.385,148
2023-09-14,0.43,280
2023-09-15,0.627,182
2023-09-16,0.925,86
2023-09-17,0.765,78
2023-09-18,1.173,155
2023-09-19,1.335,133
2023-09-20,1.009,152
2023-09-21,0.021,182
2023-09-22,-0.573,188
2023-09-23,0.689,64
2023-09-24,1.059,34
2023-09-25,-0.126,145
2023-09-26,1.411,101
2023-09-27,2.177,113
2023-09-28,-0.124,145
2023-09-29,-0.477,162
2023-09-30,0.697,55
2023-10-01,0.504,41
2023-10-02,0.357,95
2023-10-03,0.362,100
2023-10-04,-0.274,117
2023-10-05,1.501,132
2023-10-06,0.562,108
2023-10-07,0.913,37
2023-10-08,0.467,35
2023-10-09,0.388,83
2023-10-10,0.965,71
2023-10-11,0.645,101
2023-10-12,0.936,83
2023-10-13,0.109,110
2023-10-14,0.368,48
2023-10-15,0.327,26
2023-10-16,1.178,105
2023-10-17,0.343,171
2023-10-18,0.202,278
2023-10-19,0.978,134
2023-10-20,0.77,82
2023-10-21,-0.066,68
2023-10-22,1.253,29
2023-10-23,0.059,142
2023-10-24,0.945,192
2023-10-25,0.552,171
2023-10-26,0.893,146
2023-10-27,1.21,137
2023-10-28,1.137,60
2023-10-29,0.641,39
2023-10-30,1.508,77
2023-10-31,0.729,126
2023-11-01,0.751,116
2023-11-02,1.188,111
2023-11-03,0.97,74
2023-11-04,1.821,41
2023-11-05,1.021,27
2023-11-06,1.57,131
2023-11-07,1.708,95
2023-11-08,1.746,106
2023-11-09,1.018,125
2023-11-10,1.058,111
2023-11-11,1.088,42
2023-11-12,0.185,23
2023-11-13,1.73,72
2023-11-14,1.752,145
2023-11-15,1.449,126
2023-11-16,1.539,107
2023-11-17,0.113,146
2023-11-18,1.308,70
2023-11-19,1.505,62
2023-11-20,0.658,194
2023-11-21,0.743,352
2023-11-22,0.117,342
2023-11-23,0.668,135
2023-11-24,0.215,221
2023-11-25,0.96,98
2023-11-26,1.577,64
2023-11-27,1.267,190
2023-11-28,1.369,168
2023-11-29,1.419,145
2023-11-30,1.137,150
2023-12-01,1.042,115
2023-12-02,0.928,55
2023-12-03,1.044,51
2023-12-04,0.694,151
2023-12-05,0.158,175
2023-12-06,0.81,182
2023-12-07,0.741,308
2023-12-08,1.047,286
2023-12-09,0.762,45
2023-12-10,0.917,34
2023-12-11,1.073,125
2023-12-12,1.234,209
2023-12-13,0.431,175
2023-12-14,1.179,179
2023-12-15,0.954,147
2023-12-16,1.494,60
2023-12-17,0.913,74
2023-12-18,1.302,104
2023-12-19,0.516,170
2023-12-20,0.877,130
2023-12-21,-0.331,96
2023-12-22,-0.596,120
2023-12-23,0.141,79
2023-12-24,0.771,57
2023-12-25,1.37,29
2023-12-26,0.875,116
2023-12-27,0.419,104
2023-12-28,1.026,100
2023-12-29,0.014,239
2023-12-30,-0.239,117
2023-12-31,0.955,64
2024-01-01,0.394,40
2024-01-02,0.701,112
2024-01-03,0.242,193
2024-01-04,1.145,172
2024-01-05,1.049,108
2024-01-06,1.371,72
2024-01-07,2.222,150
2024-01-08,1.242,260
2024-01-09,1.131,408
2024-01-10,1.178,207
2024-01-11,1.3,157
2024-01-12,1.665,134
2024-01-13,1.032,112
2024-01-14,0.461,70
2024-01-15,0.985,69
2024-01-16,1.369,98
2024-01-17,1.264,142
2024-01-18,1.177,110
2024-01-19,0.475,165
2024-01-20,0.487,95
2024-01-21,1.071,49
2024-01-22,0.885,132
2024-01-23,1.179,80
2024-01-24,1.901,97
2024-01-25,1.258,173
2024-01-26,0.601,178
2024-01-27,1.252,94
2024-01-28,1.237,60
2024-01-29,0.643,142
2024-01-30,1.301,180
2024-01-31,1.499,174
2024-02-01,1.682,106
2024-02-02,1.621,169
2024-02-03,1.138,70
2024-02-04,0.924,64
2024-02-05,0.926,94
2024-02-06,1.682,150
2024-02-07,1.369,107
2024-02-08,1.369,129
2024-02-09,0.937,253
2024-02-10,1.006,117
2024-02-11,1.251,72
2024-02-12,0.813,237
2024-02-13,1.237,172
2024-02-14,0.502,230
2024-02-15,0.62,388
2024-02-16,0.817,288
2024-02-17,1.014,103
2024-02-18,0.833,98
2024-02-19,0.693,194
2024-02-20,0.819,299
2024-02-21,0.425,573
2024-02-22,0.77,838
2024-02-23,0.413,358
2024-02-24,1.03,252
2024-02-25,0.959,145
2024-02-26,0.778,377
2024-02-27,0.855,237
2024-02-28,1.011,297
2024-02-29,0.999,311
2024-03-01,0.897,276
2024-03-02,1.044,156
2024-03-03,1.161,122
2024-03-04,0.652,281
2024-03-05,0.582,263
2024-03-06,0.648,242
2024-03-07,0.357,217
2024-03-08,0.515,234
2024-03-09,0.638,162
2024-03-10,1.308,176
2024-03-11,0.29,393
2024-03-12,-0.082,260
2024-03-13,0.26,303
2024-03-14,0.259,269
2024-03-15,0.309,224
2024-03-16,1.433,124
2024-03-17,0.849,145
2024-03-18,0.975,396
2024-03-19,1.66,692
2024-03-20,1.059,467
2024-03-21,1.94,231
2024-03-22,1.011,187
2024-03-23,1.195,121
2024-03-24,1.321,103
2024-03-25,0.804,194
2024-03-26,1.031,204
2024-03-27,1.265,194
2024-03-28,0.952,239
2024-03-29,0.946,174
2024-03-30,1.053,109
2024-03-31,1.386,86
2024-04-01,0.774,177
2024-04-02,1.504,139
2024-04-03,-0.913,250
2024-04-04,0.179,272
2024-04-05,1.064,220
2024-04-06,0.698,122
2024-04-07,0.985,124
2024-04-08,0.714,229
2024-04-09,1.03,237
2024-04-10,1.132,262
2024-04-11,0.821,209
2024-04-12,0.616,223
2024-04-13,1.098,113
2024-04-14,1.351,89
2024-04-15,0.652,135
2024-04-16,1.092,208
2024-04-17,0.806,176
2024-04-18,0.476,292
2024-04-19,0.539,196
2024-04-20,0.282,141
2024-04-21,0.65,99
2024-04-22,-0.318,312
2024-04-23,0.774,249
2024-04-24,1.371,220
2024-04-25,1.379,209
2024-04-26,1.053,212
2024-04-27,0.867,155
2024-04-28,1.265,82
2024-04-29,1.059,150
2024-04-30,1.413,201
2024-05-01,1.259,123
2024-05-02,1.26,157
2024-05-03,0.892,112
2024-05-04,1.021,110
2024-05-05,0.805,87
2024-05-06,0.894,133
2024-05-07,1.144,232
2024-05-08,1.388,131
2024-05-09,1.13,134
2024-05-10,1.017,145
2024-05-11,1.034,116
2024-05-12,0.688,132
2024-05-13,1.401,192
2024-05-14,1.627,174
2024-05-15,1.519,186
2024-05-16,1.29,261
2024-05-17,1.07,204
2024-05-18,1.331,139
2024-05-19,1.541,80
2024-05-20,0.753,295
2024-05-21,0.779,311
2024-05-22,0.657,496
2024-05-23,0.531,713
2024-05-24,-0.187,310
2024-05-25,1.211,123
2024-05-26,1.026,132
2024-05-27,0.435,269
2024-05-28,0.577,301
2024-05-29,0.474,311
2024-05-30,0.687,356
2024-05-31,0.505,374
2024-06-01,0.862,184
2024-06-02,2.273,243
2024-06-03,0.819,502
2024-06-04,0.863,386
2024-06-05,0.886,471
2024-06-06,0.358,641
2024-06-07,0.472,438
2024-06-08,-1.353,306
2024-06-09,0.685,155
2024-06-10,0.512,375
2024-06-11,1.413,557
2024-06-12,0.737,245
2024-06-13,0.897,299
2024-06-14,0.43,203
2024-06-15,0.413,160
2024-06-16,1.412,117
2024-06-17,0.45,176
2024-06-18,1.04,461
2024-06-19,0.726,539
2024-06-20,0.826,411
2024-06-21,0.047,358
2024-06-22,0.383,146
2024-06-23,1.159,141
2024-06-24,-0.24,347
2024-06-25,-0.569,444
2024-06-26,0.085,532
2024-06-27,0.62,451
2024-06-28,0.776,224
2024-06-29,1.014,179
2024-06-30,0.756,110
2024-07-01,0.357,187
2024-07-02,0.301,260
2024-07-03,0.526,213
2024-07-04,1.036,257
2024-07-05,0.783,310
2024-07-06,0.575,209
2024-07-07,1.016,126
2024-07-08,0.743,186
2024-07-09,0.834,164
2024-07-10,0.787,272
2024-07-11,0.698,328
2024-07-12,0.427,359
2024-07-13,0.502,121
2024-07-14,1.133,124
2024-07-15,0.736,254
2024-07-16,1.959,303
2024-07-17,0.08,320
2024-07-18,0.305,361
2024-07-19,-0.027,202
2024-07-20,0.277,103
2024-07-21,0.833,95
2024-07-22,0.29,101
2024-07-23,0.795,275
2024-07-24,0.7,270
2024-07-25,-0.088,251
2024-07-26,0.132,288
2024-07-27,0.873,92
2024-07-28,0.948,107
2024-07-29,0.644,207
2024-07-30,1.029,270
2024-07-31,0.285,419
2024-08-01,-0.004,367
2024-08-02,-1.022,398
2024-08-03,-0.11,136
2024-08-04,-0.25,125
2024-08-05,-2.055,226
2024-08-06,-1.688,582
2024-08-07,-0.304,300
2024-08-08,-0.698,299
2024-08-09,-0.404,303
2024-08-10,0.338,109
2024-08-11,0.522,50
2024-08-12,-0.065,177
2024-08-13,0.096,261
2024-08-14,0.183,315
2024-08-15,0.497,212
2024-08-16,0.477,177
2024-08-17,0.902,137
2024-08-18,0.933,121
2024-08-19,0.856,205
2024-08-20,0.721,172
2024-08-21,0.745,218
2024-08-22,1.536,237
2024-08-23,-0.078,304
2024-08-24,0.866,165
2024-08-25,0.711,132
2024-08-26,0.3,279
2024-08-27,0.154,497
2024-08-28,0.689,701
2024-08-29,0.437,745
2024-08-30,0.836,451
2024-08-31,1.01,139
2024-09-01,0.812,119
2024-09-02,0.564,205
2024-09-03,-0.351,337
2024-09-04,-1.959,746
2024-09-05,0.168,338
2024-09-06,-0.117,300
2024-09-07,0.321,161
2024-09-08,-0.104,167
2024-09-09,-0.273,255
2024-09-10,0.83,311
2024-09-11,0.661,228
2024-09-12,0.383,293
2024-09-13,1.022,323
2024-09-14,1.26,185
2024-09-15,0.232,86
2024-09-16,0.327,127
2024-09-17,0.809,262
2024-09-18,1.139,246
2024-09-19,0.358,194
2024-09-20,0.789,230
2024-09-21,0.507,134
2024-09-22,0.308,108
2024-09-23,1.792,217
2024-09-24,1.777,209
2024-09-25,0.739,272
2024-09-26,1.298,227
2024-09-27,0.947,181
2024-09-28,0.693,123
2024-09-29,1.005,166
2024-09-30,0.141,226
2024-10-01,0.352,184
2024-10-02,0.422,260
2024-10-03,0.878,234
2024-10-04,0.499,259
2024-10-05,0.947,174
2024-10-06,1.343,80
2024-10-07,0.863,206
2024-10-08,0.854,333
2024-10-09,1.159,157
2024-10-10,1.262,210
2024-10-11,1.093,159
2024-10-12,1.274,97
2024-10-13,1.323,104
2024-10-14,1.486,202
2024-10-15,0.578,328
2024-10-16,0.328,367
2024-10-17,1.197,319
2024-10-18,1.087,161
2024-10-19,1.755,49
2024-10-20,1.284,105
2024-10-21,0.968,180
2024-10-22,1.268,170
2024-10-23,0.501,193
2024-10-24,1.169,376
2024-10-25,1.48,208
2024-10-26,1.422,91
2024-10-27,0.758,103
2024-10-28,0.983,187
2024-10-29,1.387,186
2024-10-30,1.193,148
2024-10-31,0.271,283
2024-11-01,0.873,217
2024-11-02,0.003,107
2024-11-03,1.092,116
2024-11-04,0.562,264
2024-11-05,0.907,278
2024-11-06,1.71,235
2024-11-07,1.685,194
2024-11-08,1.279,217
2024-11-09,1.297,94
2024-11-10,1.323,98
2024-11-11,1.05,210
2024-11-12,1.351,412
2024-11-13,1.27,309
2024-11-14,1.627,283
2024-11-15,1.332,182
2024-11-16,1.717,51
2024-11-17,0.561,60
2024-11-18,0.477,366
2024-11-19,0.735,429
2024-11-20,0.468,578
2024-11-21,0.398,668
2024-11-22,0.194,441
2024-11-23,1.433,151
2024-11-24,1.67,117
2024-11-25,0.881,220
2024-11-26,1.096,314
2024-11-27,0.942,308
2024-11-28,0.793,239
2024-11-29,1.196,212
2024-11-30,3.076,141
2024-12-01,1.615,158
2024-12-02,0.816,269
2024-12-03,0.677,351
2024-12-04,1.405,332
2024-12-05,1.581,378
2024-12-06,1.63,201
2024-12-07,1.432,94
2024-12-08,1.47,107
2024-12-09,-0.225,355
2024-12-10,-0.185,385
2024-12-11,0.51,290
2024-12-12,0.71,301
2024-12-13,0.971,312
2024-12-14,0.502,122
2024-12-15,1.158,109
2024-12-16,0.979,293
2024-12-17,0.744,352
2024-12-18,0.106,408
2024-12-19,-0.08,289
2024-12-20,0.575,184
2024-12-21,3.49,107
2024-12-22,0.985,88
2024-12-23,0.365,224
2024-12-24,1.049,188
2024-12-25,1.296,75
2024-12-26,0.911,241
2024-12-27,0.179,210
2024-12-28,0.343,102
2024-12-29,0.716,65
2024-12-30,0.479,154
2024-12-31,0.928,318
2025-01-01,0.81,126
2025-01-02,1.068,364
2025-01-03,0.163,240
2025-01-04,0.979,102
2025-01-05,1.616,94
2025-01-06,1.133,396
2025-01-07,1.533,858
2025-01-08,1.039,437
2025-01-09,1.399,260
2025-01-10,1.338,304
2025-01-11,1.534,117
2025-01-12,1.389,65
2025-01-13,0.241,318
2025-01-14,0.366,226
2025-01-15,0.57,171
2025-01-16,1.457,163
2025-01-17,1.097,165
2025-01-18,0.446,120
2025-01-19,0.774,104
2025-01-20,0.534,135
2025-01-21,0.949,202
2025-01-22,1.402,320
2025-01-23,0.679,335
2025-01-24,1.131,203
2025-01-25,0.968,68
2025-01-26,1.348,90
2025-01-27,0.345,598
2025-01-28,-0.118,1230
2025-01-29,0.143,687
2025-01-30,0.733,418
2025-01-31,0.416,401
2025-02-01,0.371,151
2025-02-02,0.467,139
2025-02-03,-0.436,392
2025-02-04,0.318,242
2025-02-05,-0.632,332
2025-02-06,0.562,279
2025-02-07,0.867,220
2025-02-08,0.768,91
2025-02-09,0.833,111
2025-02-10,0.547,146
2025-02-11,0.48,300
2025-02-12,0.596,186
2025-02-13,0.813,110
2025-02-14,0.85,186
2025-02-15,1.199,146
2025-02-16,0.472,126
2025-02-17,0.91,168
2025-02-18,1.51,123
2025-02-19,0.795,189
2025-02-20,1.251,276
2025-02-21,0.577,284
2025-02-22,0.046,93
2025-02-23,0.746,94
2025-02-24,0.207,185
2025-02-25,0.11,319
2025-02-26,0.425,403
2025-02-27,0.979,515
2025-02-28,-0.746,376
2025-03-01,0.32,115
2025-03-02,0.388,125
2025-03-03,0.032,404
2025-03-04,-0.089,410
2025-03-05,0.575,206
2025-03-06,-0.013,188
2025-03-07,0.22,198
2025-03-08,0.612,78
2025-03-09,0.549,70
2025-03-10,-1.058,206
2025-03-11,-1.044,348
2025-03-12,-0.764,433
2025-03-13,-0.325,288
2025-03-14,-0.168,209
2025-03-15,0.273,122
2025-03-16,0.327,101
2025-03-17,0.521,207
2025-03-18,1.863,323
2025-03-19,1.237,386
2025-03-20,0.957,356
2025-03-21,0.621,261
2025-03-22,0.989,153
2025-03-23,0.25,148
2025-03-24,0.555,251
2025-03-25,1.058,351
2025-03-26,0.669,293
2025-03-27,0.284,275
2025-03-28,0.491,216
2025-03-29,0.323,116
2025-03-30,0.312,42
2025-03-31,0.158,230
2025-04-01,-0.427,189
2025-04-02,0.239,174
2025-04-03,-0.896,458
2025-04-04,-2.124,385
2025-04-05,-0.939,156
2025-04-06,0.098,96
2025-04-07,-0.178,155
2025-04-08,0.152,231
2025-04-09,-0.109,276
2025-04-10,0.15,246
2025-04-11,0.198,153
2025-04-12,0.056,482
2025-04-13,-0.739,211
2025-04-14,0.198,301
2025-04-15,0.83,286
2025-04-16,-1.539,684
2025-04-17,-1.858,577
2025-04-18,-0.485,223
2025-04-19,-0.182,81
2025-04-20,0.455,91
2025-04-21,-0.596,277
2025-04-22,-0.227,245
2025-04-23,-0.362,267
2025-04-24,0.064,177
2025-04-25,-0.056,195
2025-04-26,0.357,87
2025-04-27,0.611,69
2025-04-28,0.812,182
2025-04-29,0.45,212
2025-04-30,-0.342,258
2025-05-01,0.373,301
2025-05-02,0.509,185
2025-05-03,1.12,76
2025-05-04,1.36,67
2025-05-05,0.141,159
2025-05-06,0.795,214
2025-05-07,0.847,306
2025-05-08,0.844,229
2025-05-09,1.017,146
2025-05-10,1.038,80
2025-05-11,1.488,90
2025-05-12,0.997,153
2025-05-13,0.916,319
2025-05-14,0.588,409
2025-05-15,0.682,339
2025-05-16,1.239,212
2025-05-17,0.856,90
2025-05-18,0.848,92
2025-05-19,0.843,289
2025-05-20,1.512,295
2025-05-21,0.246,302
2025-05-22,0.531,179
2025-05-23,0.545,327
2025-05-24,0.608,180
2025-05-25,0.759,86
2025-05-26,0.187,91
2025-05-27,0.311,203
2025-05-28,-0.191,529
2025-05-29,-0.349,692
2025-05-30,0.205,324
2025-05-31,0.73,85
2025-06-01,1.318,92
2025-06-02,0.808,210
2025-06-03,0.382,241
2025-06-04,0.798,273
2025-06-05,1.091,197
2025-06-06,0.871,213
2025-06-07,0.675,111
2025-06-08,1.337,98
2025-06-09,0.918,233
2025-06-10,-0.646,517
2025-06-11,1.357,164
2025-06-12,1.242,145
2025-06-13,1.109,171
2025-06-14,0.26,64
2025-07-02,0.456,203
2025-07-03,1.027,231
2025-07-04,1.294,160
2025-07-05,0.914,98
2025-07-06,1.274,69
2025-07-07,1.159,192
2025-07-08,1.197,233
2025-07-09,0.673,286
2025-07-10,0.286,436
2025-07-11,0.14,329
2025-07-12,0.718,189
2025-07-13,0.565,98
2025-07-14,0.234,196
2025-07-15,0.682,514
2025-07-16,0.228,467
2025-07-17,0.991,263
2025-07-18,0.529,289
2025-07-19,0.731,155
2025-07-20,1.074,105
2025-07-21,0.973,187
2025-07-22,0.91,252
2025-07-23,0.758,272
2025-07-24,0.915,234
2025-07-25,0.217,333
2025-07-26,0.967,147
2025-07-27,0.604,124
2025-07-28,0.707,339
2025-07-29,0.758,257
2025-07-30,1.294,282
2025-07-31,0.833,372
2025-08-01,-0.034,284
2025-08-02,0.872,100
2025-08-03,0.874,137
2025-08-04,0.793,207
2025-08-05,0.883,344
2025-08-06,0.285,348
2025-08-07,0.322,517
2025-08-08,-0.102,327
2025-08-09,-0.21,186
2025-08-10,-1.141,221
2025-08-11,-0.257,495
2025-08-12,0.183,439
2025-08-13,0.556,298
2025-08-14,-0.09,344
2025-08-15,0.287,308
2025-08-16,0.009,106
2025-08-17,0.682,120
2025-08-18,1.112,217
2025-08-19,0.288,337
2025-08-20,-0.596,410
2025-08-21,-0.611,341
2025-08-22,0.16,521
2025-08-23,0.52,186
2025-08-24,0.725,128
2025-08-25,0.352,333
2025-08-26,0.032,466
2025-08-27,0.026,756
2025-08-28,0.04,661
2025-08-29,0.266,506
2025-08-30,0.624,195
2025-08-31,0.585,106
2025-09-01,0.775,109
2025-09-02,0.36,238
2025-09-03,0.248,164
2025-09-04,0.931,181
2025-09-05,0.859,331
2025-09-06,0.144,213
2025-09-07,0.689,86
2025-09-08,0.982,254
2025-09-09,0.545,356
2025-09-10,1.198,260
2025-09-11,0.982,239
2025-09-12,1.195,338
2025-09-13,0.96,204
2025-09-14,1.425,261
2025-09-15,-0.961,480
2025-09-16,0.052,458
2025-09-17,0.74,535
2025-09-18,0.083,566
2025-09-19,0.292,532
2025-09-20,0.759,194
2025-09-21,0.328,163
2025-09-22,0.871,448
2025-09-23,0.577,543
2025-09-24,0.061,444
2025-09-25,0.606,381
2025-09-26,0.63,295
2025-09-27,1.224,204
2025-09-28,0.675,121
2025-09-29,0.876,138
2025-09-30,0.845,219
2025-10-01,0.841,142
2025-10-02,0.916,245
2025-10-03,0.45,272
2025-10-04,0.709,66
2025-10-05,0.467,85
2025-10-06,1.631,384
2025-10-07,0.591,311
2025-10-08,0.834,422
2025-10-09,1.221,374
2025-10-10,-0.076,427
2025-10-11,-0.446,181
2025-10-12,0.025,142
2025-10-13,0.36,381
2025-10-14,0.985,445
2025-10-15,0.304,296
2025-10-16,1.093,409
2025-10-17,0.497,261
2025-10-18,1.012,113
2025-10-19,0.697,125
2025-10-20,0.767,193
2025-10-21,1.031,296
2025-10-22,1.41,199
2025-10-23,0.141,390
2025-10-24,0.663,370
2025-10-25,1.107,159
2025-10-26,0.935,132
2025-10-27,1.252,233
2025-10-28,1.698,437
2025-10-29,0.833,1144
2025-10-30,0.456,772
2025-10-31,0.688,408
2025-11-01,1.142,326
2025-11-02,0.778,169
2025-11-03,1.186,400
2025-11-04,0.656,602
2025-11-05,0.878,488
2025-11-06,0.582,525
2025-11-07,0.518,439
2025-11-08,0.443,223
2025-11-09,0.512,168
2025-11-10,0.577,226
2025-11-11,0.279,415
2025-11-12,0.641,620
2025-11-13,0.511,334
2025-11-14,-0.892,455
2025-11-15,0.266,244
2025-11-16,0.06,213
2025-11-17,-0.103,503
2025-11-18,-0.11,719
2025-11-19,0.188,664
2025-11-20,0.065,992
2025-11-21,-0.702,743
2025-11-22,-0.18,332
2025-11-23,-0.127,227
2025-11-24,0.164,428
2025-11-25,0.551,472
2025-11-26,0.493,385
2025-11-27,0.392,221
2025-11-28,0.627,264
2025-11-29,0.637,185
2025-11-30,0.687,170
2025-12-01,0.486,376
2025-12-02,0.905,412
2025-12-03,0.717,453
2025-12-04,0.515,303
2025-12-05,1.178,174
2025-12-06,1.554,3
2025-12-07,1.148,130
2025-12-08,1.371,233
2025-12-09,0.662,542
2025-12-10,0.404,405
2025-12-11,0.453,411
2025-12-12,0.257,540
2025-12-13,0.577,192
2025-12-14,0.481,187
2025-12-15,0.141,288
2025-12-16,0.518,299
2025-12-17,0.496,414
2025-12-18,0.163,414
2025-12-19,0.282,381
2025-12-20,0.578,241
2025-12-21,0.262,192
2025-12-22,0.558,353
2025-12-23,0.489,428
2025-12-24,-0.153,362
2025-12-25,1.003,207
2025-12-26,0.905,221
2025-12-27,1.133,179
2025-12-28,0.625,151
2025-12-29,0.54,346
2025-12-30,0.25,347
2025-12-31,-0.33,394
2026-01-01,0.406,218
2026-01-02,0.356,375
2026-01-03,0.388,150
2026-01-04,0.663,123
2026-01-05,0.77,459
2026-01-06,1.621,659
2026-01-07,1.535,682
2026-01-08,0.948,413
2026-01-09,1.251,348
2026-01-10,1.104,249
2026-01-11,1.062,132
2026-01-12,1.282,212
2026-01-13,0.679,412
2026-01-14,1.291,374
2026-01-15,0.631,446
2026-01-16,1.067,359
2026-01-17,0.681,175
2026-01-18,1.353,139
2026-01-19,0.617,224
2026-01-20,0.151,312
2026-01-21,0.132,293
2026-01-22,0.941,266
2026-01-23,0.335,223
2026-01-24,0.632,170
2026-01-25,0.468,98
2026-01-26,0.978,264
2026-01-27,0.889,199
2026-01-28,0.894,341
2026-01-29,0.857,374
2026-01-30,0.252,210
2026-01-31,0.852,142
2026-02-01,1.003,145
2026-02-02,0.069,240
2026-02-03,1.104,209
2026-02-04,0.341,302
2026-02-05,0.373,289
2026-02-06,0.336,274
2026-02-07,0.268,288
2026-02-08,0.218,165
2026-02-09,0.58,289
2026-02-10,0.89,263
2026-02-11,0.923,206
2026-02-12,1.063,228
2026-02-13,0.847,261
2026-02-14,1.052,247
2026-02-15,0.87,250
2026-02-16,0.685,225
2026-02-17,0.294,209
2026-02-18,0.9,290
2026-02-19,0.473,340
2026-02-20,0.954,196
2026-02-21,0.658,220
2026-02-22,1.6,136
2026-02-23,-0.075,236
2026-02-24,-0.261,268
2026-02-25,0.647,354
2026-02-26,0.588,816
2026-02-27,0.165,433
2026-02-28,0.0,0
2026-03-01,0.488,157
2026-03-02,0.305,233
2026-03-03,-0.493,405
2026-03-04,0.77,375
2026-03-05,-0.217,327
2026-03-06,0.018,286
2026-03-07,0.84,163
2026-03-08,0.456,106
2026-03-09,-0.135,291
2026-03-10,0.119,251
2026-03-11,0.67,331
2026-03-12,0.539,318
2026-03-13,0.664,215
2026-03-14,0.588,190
2026-03-15,0.55,149
2026-03-16,0.882,484
2026-03-17,0.877,790
2026-03-18,1.152,461
2026-03-19,1.12,332
2026-03-20,-0.607,312
2026-03-21,-0.369,223
2026-03-22,0.43,139
2026-03-23,0.648,209
2026-03-24,0.507,271
2026-03-25,0.698,283
2026-03-26,-0.141,385
2026-03-27,-0.594,264
2026-03-28,-0.164,146
2026-03-29,0.326,132
2026-03-30,0.248,255
2026-03-31,0.029,248
2026-04-01,0.012,338
2026-04-02,0.392,189
2026-04-03,0.284,248
2026-04-04,0.319,125
2026-04-05,0.134,112
2026-04-06,0.044,180
2026-04-07,1.055,230
2026-04-08,0.522,267
2026-04-09,0.591,245
2026-04-10,0.237,229
2026-04-11,0.098,157
2026-04-12,-0.044,123
2026-04-13,0.762,132
2026-04-14,0.783,262
2026-04-15,0.764,238
2026-04-16,0.791,311
2026-04-17,0.541,247
2026-04-18,0.48,140
2026-04-19,0.397,149
2026-04-20,1.357,222
2026-04-21,1.294,322
2026-04-22,1.065,298
2026-04-23,1.179,444
2026-04-24,1.286,494
2026-04-25,0.974,267
2026-04-26,0.586,155
2026-04-27,0.622,210
2026-04-28,0.651,263
2026-04-29,0.325,366
2026-04-30,1.137,394
2026-05-01,0.741,265
2026-05-02,0.542,288
2026-05-03,0.679,166
2026-05-04,0.531,186
2026-05-05,1.262,290
2026-05-06,1.045,546
2026-05-07,1.18,479
2026-05-08,1.186,366
2026-05-09,0.99,243
2026-05-10,0.585,151
2026-05-11,0.103,341
2026-05-12,0.422,329
2026-05-13,0.699,648
2026-05-14,0.351,817
2026-05-15,0.164,713
2026-05-16,0.198,407
2026-05-17,-0.184,188
2026-05-18,-0.791,223
2026-05-19,0.087,333
2026-05-20,-0.104,439
2026-05-21,0.718,606
2026-05-22,0.472,414
2026-05-23,0.555,202
2026-05-24,0.504,165
2026-05-25,0.774,229
2026-05-26,1.194,355
2026-05-27,0.832,521
2026-05-28,1.101,417
2026-05-29,0.843,234
2026-05-30,0.497,160
2026-05-31,0.365,166
2026-06-01,1.052,707
2026-06-02,1.127,677
2026-06-03,0.937,591
2026-06-04,0.875,545
2026-06-05,-0.164,373
2026-06-06,-0.395,214
2026-06-07,0.143,183
2026-06-08,0.671,387
2026-06-09,0.374,393
2026-06-10,0.885,379
2026-06-11,0.611,378
2026-06-12,0.636,264
2026-06-13,0.972,147
2026-06-14,0.664,94
2026-06-15,1.022,281
2026-06-16,0.518,318
2026-06-17,0.463,447
2026-06-18,0.808,339
2026-06-19,0.192,263
2026-06-20,1.319,171
2026-06-21,0.448,133
2026-06-22,0.27,353
2026-06-23,0.303,467
2026-06-24,0.785,612
2026-06-25,0.818,440
2026-06-26,0.546,254
2026-06-27,0.206,269
2026-06-28,0.641,115
2026-06-29,0.062,211
2026-06-30,0.315,195
2026-07-05,0.374,163
2026-07-06,0.293,164
2026-07-07,0.162,189
2026-07-08,0.601,309
2026-07-09,0.53,285
2026-07-10,0.553,358
2026-07-11,0.17,202
2026-07-12,0.568,124
2026-07-13,-0.388,58
