date,direction-only,fused (sign x vol size),vol-sized long,buy & hold
2023-08-31,1.0,1.0,1.0047376611917478,1.0072358305812017
2023-09-01,1.0,1.0,0.9797091585616285,0.9760848715157989
2023-09-05,1.0041032837004755,1.0030710291204021,0.9830577377879307,0.9805780670951285
2023-09-06,0.9436595430633026,0.951841923083182,0.93285075580181,0.9215504677195263
2023-09-07,0.9523032298134982,0.9582964017923142,0.9391764546348866,0.9299916408375409
2023-09-08,0.9565731974433633,0.9618844476412987,0.9426929117281346,0.9341615670523234
2023-09-11,0.9273462381580322,0.9392954687812972,0.9205546285832957,0.9056193685471474
2023-09-12,0.9268825650389533,0.9389350974691915,0.9185428615440813,0.9028258763290736
2023-09-13,0.9268825650389533,0.9389350974691915,0.9399054734837865,0.9301535237341132
2023-09-14,0.914134583595646,0.9290063386331533,0.9303274529205083,0.9178256315620021
2023-09-15,0.8618563168843072,0.881970050940658,0.8832242762207904,0.8653362782191188
2023-09-18,0.8837313575421291,0.8992116351481177,0.9004903792095392,0.8872996448475177
2023-09-19,0.8790337890552959,0.8960339173516002,0.8973081424682012,0.8825831087481237
2023-09-20,0.8383683121800785,0.8620881344182068,0.8633140861732991,0.8417534347968796
2023-09-21,0.8379491280239885,0.8617359058868508,0.8631169754254298,0.8415308472000153
2023-09-22,0.8379132043923075,0.8617068013198493,0.8634180557672407,0.8419155354404165
2023-09-25,0.8374942477901114,0.8613673684492634,0.870507712815897,0.8502148359313831
2023-09-26,0.8374942477901114,0.8613673684492634,0.8758663474620492,0.8568748894738912
2023-09-27,0.8396474912421532,0.8631298071028921,0.8780038984393254,0.859506399058941
2023-09-28,0.8666799703243724,0.8850609921034771,0.9003130178434386,0.887178236342968
2023-09-29,0.8662466303392102,0.8847116943021782,0.9036316731527972,0.8912875134103372
2023-10-02,0.8811197702073821,0.8987188923904287,0.9182983405995754,0.9070362398982458
2023-10-03,0.8601577542783619,0.8806185678259528,0.8998036832015743,0.8854576659610492
2023-10-04,0.8662141835705037,0.8852968655005656,0.9045839020528783,0.8916922336533176
2023-10-05,0.8657810764787185,0.8849602309941745,0.9072302109260213,0.8945870716808275
2023-10-06,0.8657810764787185,0.8849602309941745,0.919762885137057,0.9077245926267526
2023-10-09,0.8743840265191123,0.8925728411475474,0.9280382984158217,0.9171981823495027
2023-10-10,0.8914818511907424,0.9073538750158238,0.943406641353868,0.9351332008714894
2023-10-11,0.9026940426004799,0.9175234139688048,0.9539802564029929,0.9468943964895126
2023-10-12,0.9062254910617011,0.9210637682459667,0.9576612829900695,0.9505987620902745
2023-10-13,0.869617432890758,0.8888112118612914,0.9241272046863733,0.912198192780469
2023-10-16,0.8491038661867258,0.8709518716250211,0.9055582420654753,0.8906801806441479
2023-10-17,0.8486793142536325,0.8705810545894289,0.8785111205130927,0.8621581372140824
2023-10-18,0.8526388245814901,0.8732882692261812,0.8814193944731578,0.8666116120112196
2023-10-19,0.8342959520896636,0.8592852488327085,0.867285992948199,0.8479681420673538
2023-10-20,0.8211310460855995,0.8491287596925123,0.857034937456686,0.8345874935615131
2023-10-23,0.8207204805625568,0.8488108128517887,0.8850519279768817,0.8719961144760583
2023-10-24,0.8207204805625568,0.8488108128517887,0.889313654879071,0.8784940403298388
2023-10-25,0.8207204805625568,0.8488108128517887,0.8626966956790929,0.8472191159868291
2023-10-26,0.8061323087847005,0.8382113128706485,0.8521683641522948,0.8325835448734353
2023-10-27,0.8052896641044492,0.8376319732012392,0.8515793779017056,0.8317132508940139
2023-10-30,0.7928046131612335,0.8278901707728498,0.8416753647825501,0.818818533911514
2023-10-31,0.792408210854653,0.8275812902534669,0.8481565718866654,0.8276037041959925
2023-11-01,0.792408210854653,0.8275812902534669,0.8804885094344113,0.8770772108051197
2023-11-02,0.792408210854653,0.8275812902534669,0.8916958046539336,0.8910849574093702
2023-11-03,0.792408210854653,0.8275812902534669,0.9125616575100668,0.916692010954462
2023-11-06,0.7996064526245364,0.8331611061967326,0.9190201149786491,0.9254775936455032
2023-11-07,0.8062699367407516,0.8389198161432744,0.9253722721278931,0.9331900192080138
2023-11-08,0.8301781804400401,0.8599864765627502,0.9486098963243726,0.9608618117185446
2023-11-09,0.8307553558634947,0.8605059129861854,0.949182861766517,0.9615298439989955
2023-11-10,0.8450966860189829,0.8720010280833472,0.9618625727128318,0.9781287342135662
2023-11-13,0.8688825792861495,0.893853555153545,0.9859670487754544,1.0056589163317222
2023-11-14,0.8733424496615692,0.8979287619343987,0.990462214207982,1.010820843288998
2023-11-15,0.8513756518118791,0.8760044769389277,0.9662785854145793,0.9853961119761125
2023-11-16,0.8661541849110719,0.887754263482866,0.9792392122372565,1.0025010280324536
2023-11-17,0.86244638337435,0.8842178804145384,0.9753383974369848,0.9982095578565221
2023-11-20,0.8620151601826629,0.8838135154381003,0.9913967941102474,1.0146871251313039
2023-11-21,0.856872318166841,0.8825870240525836,0.9897559101802061,1.009140775184659
2023-11-22,0.8331180672783933,0.8685306200651135,0.9739926952865661,0.9811653316474208
2023-11-24,0.821601691001079,0.8599025258364855,0.9643169273184801,0.9676024651182861
2023-11-27,0.829095910977669,0.8669225844289232,0.972189402544518,0.9764284276289664
2023-11-28,0.8315539149735294,0.8693906189257168,0.9749571202461829,0.9793232253779428
2023-11-29,0.825451953902504,0.8629985670251521,0.9677889079630329,0.9721369298298094
2023-11-30,0.7996867516191741,0.8363683527566437,0.937925097094167,0.9417931835636049
2023-12-01,0.7919863115017439,0.8287641252149504,0.9293975197033424,0.9327243550525016
2023-12-04,0.7815529044213302,0.8178220893485908,0.9171268377501848,0.9204369041852934
2023-12-05,0.7811621279691195,0.8174131783039166,0.9524072087876642,0.9558446080705126
2023-12-06,0.7811621279691195,0.8174131783039166,0.9218470371679185,0.9251741396039559
2023-12-07,0.7811621279691195,0.8174131783039166,0.9381139400864812,0.9432931589600818
2023-12-08,0.7957929379404547,0.8327229538954727,0.9561081717021315,0.9614322556908971
2023-12-11,0.7953950414714845,0.832306592418525,0.9270167788215874,0.9321788675219219
2023-12-12,0.7953950414714845,0.832306592418525,0.9546197987260236,0.9642258940361014
2023-12-13,0.7953950414714845,0.832306592418525,0.969809196979744,0.979631757001585
2023-12-14,0.7953950414714845,0.832306592418525,0.9658811659934747,0.9756639415708597
2023-12-15,0.8149011664627976,0.8512213742841612,0.9882436510310538,1.0000787806280735
2023-12-18,0.8152971653821081,0.8516045268782544,0.9886884802258178,1.0005647660857617
2023-12-19,0.8191076914993004,0.855457927567216,0.9931621681297985,1.0052411936940011
2023-12-20,0.80518523743452,0.8409054038657054,0.97626710464929,0.9881550101695704
2023-12-21,0.8115195848138621,0.8468275563690092,0.9831425541958305,0.9959287705517091
2023-12-22,0.8077750309801291,0.8428783658795426,0.9785576570752552,0.9913333067259658
2023-12-26,0.8167323464578038,0.8522249378122366,0.9894087595621466,1.002326076781134
2023-12-27,0.8189097414795907,0.8544969554996503,0.9920465070652623,1.0049982616398039
2023-12-28,0.8217140271234565,0.8574231064826698,0.9954436846013165,1.0084397913401768
2023-12-29,0.812327889758152,0.8476290774263503,0.984073097201463,0.9969207541889029
2024-01-02,0.7833113834270513,0.8173516059746571,0.9489218194782356,0.9613105557207201
2024-01-03,0.7829197277353378,0.8169429301716697,0.9544480705922547,0.9670196570071251
2024-01-04,0.7829197277353378,0.8169429301716697,0.9683264892049648,0.9810895236904685
2024-01-05,0.7829197277353378,0.8169429301716697,0.9893067517136424,1.0023463167050224
2024-01-08,0.7829197277353378,0.8169429301716697,1.0455656571438572,1.0608327546403404
2024-01-09,0.8006813762124654,0.8337466162835331,1.0675102452532377,1.0854296721076857
2024-01-10,0.8002810355243591,0.8333686518834732,1.0876738203983944,1.1134278605475594
2024-01-11,0.8002810355243591,0.8333686518834732,1.0801725128247193,1.1057552280598173
2024-01-12,0.8057123309805895,0.8378342666013191,1.0862826476985592,1.1138125735785867
2024-01-16,0.8251748780980956,0.857984583222051,1.112408267243252,1.1407174984007764
2024-01-17,0.8385453140930427,0.8698122134987644,1.127743220759902,1.1592007202068462
2024-01-18,0.8381260414359962,0.8694402602662515,1.13997949709271,1.1739590364054653
2024-01-19,0.8381260414359962,0.8694402602662515,1.1752280029249662,1.215662668655607
2024-01-22,0.8310213902642906,0.8633869781654481,1.1674993774112536,1.2059655353709318
2024-01-23,0.8412610869852661,0.8730570875826626,1.180575607432797,1.22082522668913
2024-01-24,0.8698033121537835,0.899705360185772,1.2166102505997844,1.262245267447746
2024-01-25,0.8504124324662972,0.885389583873245,1.1972520018020696,1.2341055193286323
2024-01-26,0.8542068084384677,0.8884842647523075,1.2014367278761982,1.2396118597240608
2024-01-29,0.8774760468309868,0.9101013251305019,1.2306680055897325,1.2733798226964501
2024-01-30,0.8571085175699105,0.8909171106488883,1.2047264996024651,1.2438227756489542
2024-01-31,0.8663158250147788,0.8995031083337015,1.2163367592021332,1.257184279434728
2024-02-01,0.8924587188120734,0.9229659880850118,1.2480640126755818,1.2951224471928084
2024-02-02,0.9517614459211138,0.9800455351770929,1.3252487946774143,1.3811816580444876
2024-02-05,0.9713618722303345,0.9958697074906132,1.3466467446017216,1.4096254970171287
2024-02-06,0.9530728420078121,0.9812271752921167,1.326846646085303,1.3830847359944731
2024-02-07,0.977555690847246,0.9973999934855547,1.3487160460754961,1.4186138718915209
2024-02-08,0.9839590508735632,1.0020498667716042,1.3550037528672283,1.427906330055389
2024-02-09,1.0127942805492856,1.026382979351604,1.3879077628952596,1.4697515744748701
2024-02-12,0.9821037003606126,0.9999059703128279,1.3521047077760295,1.4252138737589997
2024-02-13,1.0211923662615396,1.0255003006018666,1.3867141765697373,1.4819387480551418
2024-02-14,1.0304972519950688,1.0313438801229036,1.3946160509611722,1.4954418559614642
2024-02-15,1.0337196612188342,1.033581242518319,1.3976414836695057,1.5001181669568846
2024-02-16,1.0036845769967773,1.0080475543556346,1.3631140170909737,1.4565317119653416
2024-02-20,1.003182734708279,1.0076202370676504,1.3022230649594304,1.3767484499813536
2024-02-21,1.1062211199952345,1.0314958984604277,1.3328489933134133,1.518844697691776
2024-02-22,1.191224060213235,1.0656673654586482,1.3770037063438771,1.6355539728128992
2024-02-23,1.1906284481831284,1.0654369475883947,1.3645291270755806,1.6134875262310333
2024-02-26,1.1906284481831284,1.0654369475883947,1.3614055566362377,1.6070295322933261
2024-02-27,1.1906284481831284,1.0654369475883947,1.340598847009497,1.5713788526862364
2024-02-28,1.1906284481831284,1.0654369475883947,1.3581843446991189,1.601219550342724
2024-02-29,1.1906284481831284,1.0654369475883947,1.3697979805616602,1.6195611194495503
2024-03-01,1.1906284481831284,1.0654369475883947,1.4261671853681648,1.7031707361453956
2024-03-04,1.1906284481831284,1.0654369475883947,1.4417255313952348,1.726330515410971
2024-03-05,1.1906284481831284,1.0654369475883947,1.472041377968645,1.782046081400409
2024-03-06,1.1906284481831284,1.0654369475883947,1.4976023338533926,1.825290067125713
2024-03-07,1.1906284481831284,1.0654369475883947,1.5567222171557622,1.9261126691064752
2024-03-08,1.1906284481831284,1.0654369475883947,1.450676519762431,1.7497949328320554
2024-03-11,1.2123500720575795,1.074389918429621,1.4629952239204598,1.7825927928703793
2024-03-12,1.2537397461630426,1.0935644625924241,1.4891051734367724,1.8434505735231512
2024-03-13,1.2333890892055672,1.0846261118626557,1.476933833960234,1.8135277523358646
2024-03-14,1.2327723946609646,1.0843533774977359,1.4524113893827135,1.7599380703324476
2024-03-15,1.2811943980176386,1.1064230366493173,1.4823173238123326,1.8299465561305261
2024-03-18,1.2289194791134157,1.0801575835320907,1.4471284901711312,1.755281612255656
2024-03-19,1.272817512571908,1.099751036559034,1.4733785897199412,1.8179817421286595
2024-03-20,1.3082959474934226,1.1149662491982577,1.4937629929125134,1.8686560503382343
2024-03-21,1.3076417995196759,1.1146894216099303,1.4817485799219232,1.8451915130099823
2024-03-22,1.3471609575667312,1.1370686067695663,1.5119675353019837,1.9018789329381462
2024-03-25,1.346487377087948,1.1366909231281408,1.531129306073111,1.9405475705129835
2024-03-26,1.307337657335161,1.1156758976116712,1.5032998955975512,1.8850955600308301
2024-03-27,1.2636435672293334,1.0889665859980007,1.4673108548319784,1.8220915344097994
2024-03-28,1.26784178516473,1.0912604112332867,1.4704016334748677,1.828145090616686
2024-04-01,1.2672078642721476,1.0909086816407787,1.4484386510142648,1.7906702801560448
2024-04-02,1.2670904628116728,1.090842832022829,1.448768669240676,1.7913997172520482
2024-04-03,1.294613154728181,1.107480809556428,1.4708658768883713,1.8303110215071856
2024-04-04,1.2439204998174633,1.07498296006622,1.427704878092784,1.7586422572483922
2024-04-05,1.2432985395675547,1.0745804760639583,1.4487425210250828,1.7957722509685026
2024-04-08,1.2250434971843907,1.0633288670997787,1.4340795863703513,1.770303260990889
2024-04-09,1.1757852782922256,1.0279711584258042,1.3863937106276225,1.6991204942272389
2024-04-10,1.2247355077413584,1.0531626706961663,1.420368743766015,1.7698581872309744
2024-04-11,1.2566637777308873,1.0721425031128209,1.4459662715522144,1.8159975452294217
2024-04-12,1.2482440639418464,1.0671169289015832,1.4391884311219223,1.8038302656090595
2024-04-15,1.2109079828793263,1.0437245255819358,1.4076398019867553,1.749876111156982
2024-04-16,1.2376244719899143,1.057678780635546,1.4264594850919163,1.7884839547996008
2024-04-17,1.1904116687903787,1.0261624840194037,1.3839544059826874,1.7202570064040874
2024-04-18,1.1649139784441467,1.0112173732992205,1.363798385711822,1.6834104417952256
2024-04-19,1.0942203211899257,0.9733300640983589,1.3127009139995651,1.5812514472320451
2024-04-22,1.1315564960545665,0.989486580570025,1.3344907206866234,1.6352057372370234
2024-04-23,1.1309907178065393,0.9892449673701939,1.3639177685525021,1.6996065920577041
2024-04-24,1.061959425330353,0.9501021715317142,1.3103322437891913,1.5967189924700618
2024-04-25,1.061428445617688,0.9497942065445307,1.3571830782738898,1.6969341866724075
2024-04-26,1.061428445617688,0.9497942065445307,1.3897046574890421,1.773401304164879
2024-04-29,1.0565959194760848,0.9472924535102009,1.3864139777294826,1.7662139719442675
2024-04-30,1.0560676215163467,0.9470184314601171,1.364538163110879,1.7224229901011563
2024-05-01,1.0477441558367167,0.9421377202735852,1.3579390684454937,1.7097088127178623
2024-05-02,1.0891830999019898,0.9619662549087139,1.3865186924979591,1.7773288776578011
2024-05-03,1.088638508352039,0.9617095752186302,1.4020305922195238,1.809741782170475
2024-05-06,1.1088951982382025,0.9741178644353373,1.4205516709695991,1.8443211719897534
2024-05-07,1.0892363536337915,0.9618066319792822,1.4025982564233195,1.8116244632490386
2024-05-08,1.0886917354569745,0.9614640579121037,1.4132716111356158,1.8328013193427304
2024-05-09,1.0886917354569745,0.9614640579121037,1.4103191761400473,1.828266370134775
2024-05-10,1.0886917354569745,0.9614640579121037,1.412282106816229,1.8317689147546778
2024-05-13,1.0886917354569745,0.9614640579121037,1.40174850267207,1.8139729975611096
2024-05-14,1.1230566141459,0.9835753628321958,1.434469263825378,1.87213858167385
2024-05-15,1.1526657166457688,1.0032172145553546,1.4631153987797503,1.9214970400636766
2024-05-16,1.146095297901921,0.9991109352921508,1.457126705269994,1.9105441332616762
2024-05-17,1.138577516775773,0.9935840054957715,1.4490661018675284,1.8980119706640275
2024-05-20,1.136743655825269,0.9923450060877982,1.4472591162151858,1.894954919224573
2024-05-21,1.1593329740611062,1.0097551648940948,1.4726504981363817,1.9326113772074878
2024-05-22,1.239112407423697,1.0256407788187305,1.4958184482223518,2.0656039203623786
2024-05-23,1.2685149648222103,1.0381946142273002,1.5141272547634812,2.114618067478639
2024-05-24,1.3388943812341083,1.0777179632576397,1.5717690293848094,2.2319407555433086
2024-05-28,1.3729729661421484,1.0987646917553033,1.6024640694141183,2.288749853866202
2024-05-29,1.3722864796590775,1.098342294637355,1.6184340375766044,2.3211423735254386
2024-05-30,1.3722864796590775,1.098342294637355,1.5984772535406442,2.278019231509746
2024-05-31,1.3850281497872796,1.10465881875289,1.608130572641391,2.300309633363082
2024-06-03,1.4105659378517592,1.1168195085784494,1.625833755525468,2.3427238037238283
2024-06-04,1.4098606548828334,1.116485784779758,1.652895964635804,2.396475517570819
2024-06-05,1.4098606548828334,1.116485784779758,1.7140120884336858,2.5114086454476006
2024-06-06,1.4098606548828334,1.116485784779758,1.6713981567981626,2.4247988942864582
2024-06-07,1.4162185689616056,1.1194303574479911,1.6761818649486686,2.436946177954096
2024-06-10,1.432807871397635,1.1287166110979296,1.6900866602383242,2.46549208043866
2024-06-11,1.4479867953601342,1.1356174762303473,1.7004196880237998,2.4916110860403093
2024-06-12,1.522468843528701,1.1725373400682044,1.7557017391220662,2.6197754432861453
2024-06-13,1.5217076091069368,1.1721665172452291,1.7606531852388427,2.631316390032246
2024-06-14,1.5217076091069368,1.1721665172452291,1.7917582251915243,2.6926654476505765
2024-06-17,1.5217076091069368,1.1721665172452291,1.7749556529336152,2.6552081503548126
2024-06-18,1.6214346204992836,1.227514933013121,1.8593625321466476,2.8305481414843534
2024-06-20,1.4743688770204744,1.1486839765631625,1.7399543499288184,2.573814591073437
2024-06-21,1.429367575059043,1.1291281859852078,1.7103324664720518,2.49525554834615
2024-06-24,1.4057070722230687,1.1188988902770374,1.6948377717367846,2.4539512666426235
2024-06-25,1.462886492460627,1.1452599162791934,1.7347677984428862,2.553769723482244
2024-06-26,1.4621550492143969,1.1449280214282023,1.7199743756173975,2.512668118456118
2024-06-27,1.4621550492143969,1.1449280214282023,1.723484973610979,2.5223867976372687
2024-06-28,1.4483961582526284,1.1382415391623386,1.7138744627307931,2.4999123106574963
2024-07-01,1.4209462747333135,1.1257814417770433,1.6951130294347354,2.4525341804787772
2024-07-02,1.4271639001290866,1.1283681940147214,1.6990079572238153,2.4632657183811575
2024-07-03,1.4942633583869065,1.1683885877700506,1.7592675141682634,2.5790784818860955
2024-07-05,1.4935162267077131,1.1679464815871483,1.7601836463108487,2.5813057053411574
2024-07-08,1.4935162267077131,1.1679464815871483,1.788569563307169,2.639213087613509
2024-07-09,1.4935162267077131,1.1679464815871483,1.8232913805072701,2.7137222572186808
2024-07-10,1.4935162267077131,1.1679464815871483,1.838358441599424,2.7485468966174653
2024-07-11,1.4935162267077131,1.1679464815871483,1.7587056742636547,2.5968961243452053
2024-07-12,1.4935162267077131,1.1679464815871483,1.778268672121693,2.6434641735740243
2024-07-15,1.4685183971873053,1.1555244529103688,1.7599108750992736,2.6005407440933492
2024-07-16,1.4677841379887118,1.1551573174166583,1.6947944293917714,2.45698851462795
2024-07-17,1.4730978465644806,1.157924650860731,1.6994083170056726,2.4671118597034742
2024-07-18,1.454963919441014,1.1490355992917594,1.6863624524449916,2.436741557572057
2024-07-19,1.4549638213918956,1.1490000094040875,1.686310219554824,2.436741393361551
2024-07-22,1.4843412610861122,1.163752118644786,1.7079609004677692,2.485942082946669
2024-07-23,1.4835990904555691,1.1633809985066037,1.6741873480444525,2.4128499967374832
2024-07-24,1.4835990904555691,1.1633809985066037,1.6109007676892269,2.2887350337566716
2024-07-25,1.5241996652714978,1.182685534193647,1.638016560459296,2.3525135445334655
2024-07-26,1.491404145678258,1.1711645148816832,1.6220599770051531,2.3018955672428287
2024-07-29,1.4629375167647063,1.157854322927828,1.6036253938357803,2.2579589809725453
2024-07-30,1.4810407988192236,1.1656884626924497,1.6144756581709674,2.285900344039421
2024-07-31,1.5417778141286693,1.1878107071747581,1.6451149124519089,2.379644395049009
2024-08-01,1.541006925221605,1.18753525526756,1.5567880592686671,2.1008415086502863
2024-08-02,1.541006925221605,1.18753525526756,1.488579336853684,1.8639502203749772
2024-08-05,1.7374236396917608,1.2503496703774264,1.5676063800843691,2.1024612564419005
2024-08-06,1.736554927871915,1.2500902282809692,1.5872051693241642,2.182842236166052
2024-08-07,1.736554927871915,1.2500902282809692,1.556274947336113,2.065206366136844
2024-08-08,1.7976581499091389,1.2662428260394047,1.5766649402934294,2.13890627233312
2024-08-09,1.7967593208341843,1.2660103316734608,1.580229161620809,2.1526743134467257
2024-08-12,1.7967593208341843,1.2660103316734608,1.622081228074906,2.276586865424529
2024-08-13,1.7967593208341843,1.2660103316734608,1.6625349628772284,2.399891538680697
2024-08-14,1.7967593208341843,1.2660103316734608,1.6641632624770344,2.4045485902483743
2024-08-15,1.7967593208341843,1.2660103316734608,1.686277599424321,2.4689344479376767
2024-08-16,1.7967593208341843,1.2660103316734608,1.703443016362051,2.5163126409722105
2024-08-19,1.7967593208341843,1.2660103316734608,1.7372722410529235,2.5997306787234953
2024-08-20,1.7967593208341843,1.2660103316734608,1.729058085059664,2.5778642997010808
2024-08-21,1.7967593208341843,1.2660103316734608,1.750132915415122,2.632531063322591
2024-08-22,1.7967593208341843,1.2660103316734608,1.7123589471711178,2.548303153610862
2024-08-23,1.7967593208341843,1.2660103316734608,1.7395947697951324,2.623420183805237
2024-08-26,1.7967593208341843,1.2660103316734608,1.7014649003617206,2.5319035187372254
2024-08-27,1.839971131383359,1.2815526164396285,1.7226881199446857,2.5940613962608454
2024-08-28,1.7428887706613674,1.2660287082573152,1.701820578606368,2.457190985681388
2024-08-29,1.7166075349669465,1.2596883933856442,1.693297803211878,2.4201386983937754
2024-08-30,1.6660558485254369,1.242132239446784,1.6696984773360375,2.3488690050398304
2024-09-03,1.5138258466074332,1.1832517247023797,1.5905501365303274,2.1342493490067973
2024-09-04,1.5077940864283241,1.1809226601715663,1.5874193623846948,2.125745543721349
2024-09-05,1.55159616839023,1.1945347427769413,1.6057169903487587,2.18749938754813
2024-09-06,1.5062141601416006,1.1773886578265482,1.5826688872364072,2.1235181034537147
2024-09-09,1.5482929761201603,1.1925927405182706,1.6031065128880582,2.182842421247918
2024-09-10,1.5709839920543838,1.2028218013632423,1.6168566167618887,2.2148330799451847
2024-09-11,1.5701985000583567,1.2024672213548544,1.6740181285798634,2.3658765191998348
2024-09-12,1.5701985000583567,1.2024672213548544,1.68903593432884,2.4112338904077246
2024-09-13,1.5701985000583567,1.2024672213548544,1.6720355242799374,2.3648640826161063
2024-09-16,1.5701985000583567,1.2024672213548544,1.6851801648172107,2.392807398123445
2024-09-17,1.5391176398480249,1.188614371494082,1.6661811466937342,2.346640037146538
2024-09-18,1.5585076845255577,1.1979112446807203,1.6792133589892224,2.3762033752464458
2024-09-19,1.5546561873388969,1.196059128137582,1.6766170908137186,2.3703311291833913
2024-09-20,1.5478829422939608,1.1920498643396078,1.6709969671533345,2.3600041940665792
2024-09-23,1.5474845000795658,1.1918000442062542,1.6706467731743275,2.3593967028465572
2024-09-24,1.546710757829526,1.1913881067589631,1.7327123223101697,2.470765236517288
2024-09-25,1.546710757829526,1.1913881067589631,1.773533462030654,2.5675551123543423
2024-09-26,1.546710757829526,1.1913881067589631,1.745224565271228,2.5102506786562433
2024-09-27,1.546710757829526,1.1913881067589631,1.6982502778193582,2.3956422584926518
2024-09-30,1.546710757829526,1.1913881067589631,1.72861875648088,2.4657029819072926
2024-10-01,1.546710757829526,1.1913881067589631,1.671121960759938,2.357776902805776
2024-10-02,1.6054466495058777,1.217929640709737,1.7086977335932145,2.448491684157115
2024-10-03,1.6588199021126306,1.2434863157006761,1.7445525409446052,2.5298920628020696
2024-10-04,1.659483645741868,1.2437970739165911,1.7449885200368949,2.5309043485464136
2024-10-07,1.7294531532080035,1.2811138929497035,1.7973422537629498,2.6376159339037537
2024-10-08,1.7285884266313996,1.2806577019908494,1.8294246925765763,2.7155736735259066
2024-10-09,1.7285884266313996,1.2806577019908494,1.8078685356216322,2.671026522134751
2024-10-10,1.7285884266313996,1.2806577019908494,1.829745883758232,2.7135489252692495
2024-10-11,1.7285884266313996,1.2806577019908494,1.855455270917744,2.763361351366373
2024-10-14,1.7454571603512676,1.291911260184975,1.8724699658845667,2.7917097790651257
2024-10-15,1.6962089724014933,1.2602109571923155,1.8265241899690472,2.71294150504289
2024-10-16,1.7640678076354073,1.2900694460173758,1.8698004778029502,2.821475921253003
2024-10-17,1.755585399814921,1.285924725113257,1.8637932034265159,2.80790903379201
2024-10-18,1.7487491405735813,1.282243763469964,1.8584580923124192,2.7969750205089623
2024-10-21,1.8092644862990626,1.3225359167691264,1.9168567217219161,2.8937641519084027
2024-10-22,1.8083598540559132,1.3219336914077406,1.9075993117096708,2.8759453625804023
2024-10-23,1.8083598540559132,1.3219336914077406,1.892929611552033,2.8514443859346676
2024-10-24,1.8088681692085258,1.322221888360047,1.8939628742192791,2.853671625803971
2024-10-25,1.835436525053064,1.3394118497100662,1.9185859340043363,2.8955858816399815
2024-10-28,1.8006535070200338,1.3182612703798722,1.88828964835647,2.840712169276456
2024-10-29,1.7997531802665239,1.3177130392337415,1.8786179121329072,2.8255254409727764
2024-10-30,1.7738318712776957,1.3016451807617107,1.8564112359083718,2.786243002365487
2024-10-31,1.7364470025010945,1.278581633256561,1.8235179180047851,2.7275207915912905
2024-11-01,1.768804375300763,1.298335167774396,1.851690482978562,2.778346072722962
2024-11-04,1.7718978760916027,1.3003401071409841,1.8545499350185344,2.783205183144222
2024-11-05,1.771011927153557,1.2997520850856272,1.9174353695294684,2.8947765138154122
2024-11-06,1.771011927153557,1.2997520850856272,1.9619279349910475,2.964230348706617
2024-11-07,1.771011927153557,1.2997520850856272,1.9886203986300288,3.0124218583632354
2024-11-08,1.7690551984202953,1.298316034762075,1.9872592705539285,3.0105997504275983
2024-11-11,1.7464482600422975,1.2830288157504606,1.9638599849497989,2.972126986491511
2024-11-12,1.7736956160813646,1.2997453981649065,1.9894471166539638,3.018496869898359
2024-11-13,1.7566810011179153,1.2888394682317674,1.9727540236139367,2.989541190274386
2024-11-14,1.7237224119499648,1.2647911751976892,1.9359446551755908,2.9334518605507673
2024-11-15,1.659827997358886,1.2226921768724661,1.871506088245186,2.824715565157955
2024-11-18,1.6814830779368426,1.2355219746949695,1.8911439375664991,2.8615684458604354
2024-11-19,1.7539444272512419,1.2782536004614575,1.9565508317098472,2.984884055433489
2024-11-20,1.7530674550376164,1.2777406164887783,1.962074985485081,3.024166807714956
2024-11-21,1.7120469465171682,1.263205911301233,1.9399873446066203,2.9549155785339787
2024-11-22,1.6658230644139929,1.2451756755273762,1.9122971407304175,2.875135249142397
2024-11-25,1.6154929788163674,1.2204397933581792,1.8743086402519082,2.788267798279606
2024-11-26,1.583933841280183,1.2031671660679897,1.8477819449195874,2.733798154593446
2024-11-27,1.6046995780529165,1.214314456162728,1.8649015621704077,2.769638876843682
2024-11-29,1.6287497773117157,1.2254695932711097,1.8820332305896286,2.811148432759332
2024-12-02,1.6220627616979943,1.2213262110816028,1.8756699695095471,2.799606946323413
2024-12-03,1.6212517303171454,1.2208370759607814,1.9195453759129557,2.875337157017822
2024-12-04,1.6212517303171454,1.2208370759607814,1.96038166796728,2.938514429583218
2024-12-05,1.6147428013581875,1.2171510911517787,1.954985722531949,2.9281862704502792
2024-12-06,1.5518727847923235,1.1724305112912004,1.8831556138738301,2.814177327864315
2024-12-09,1.5523196449327408,1.1726386175977468,1.8834898738198835,2.8149876672737126
2024-12-10,1.5338939463889496,1.1602318163769785,1.8635620937560775,2.7815743723180058
2024-12-11,1.5307672879648289,1.1586050414468325,1.8609491710176207,2.7759044673262028
2024-12-12,1.5515378452424133,1.169429148798359,1.8783348312575199,2.8135699460629198
2024-12-13,1.4983828360451588,1.1373544209070139,1.8268164655118677,2.7171782680779546
2024-12-16,1.441543149223658,1.1101243733763773,1.7830796159676705,2.6141047690492427
2024-12-17,1.494809669909552,1.1387468371500293,1.8290529617814812,2.7106986627739267
2024-12-18,1.471358977728663,1.1268526120372602,1.8099484804684502,2.668173008026386
2024-12-19,1.4495835812030156,1.117318291572227,1.7946344734247188,2.62868534653232
2024-12-20,1.448858789412414,1.1170007176675774,1.8507023365887627,2.759704121258112
2024-12-23,1.4876836205427482,1.1344801662975517,1.8801633353361498,2.8350353116137494
2024-12-24,1.484495639009121,1.1328264819800031,1.8774226998323824,2.828960068130657
2024-12-26,1.472275382822207,1.126126526171757,1.8663189259337625,2.805672282119927
2024-12-27,1.4327454804364634,1.1027874036663508,1.827639217185047,2.7303412993889737
2024-12-30,1.4667496815784262,1.1215631710867386,1.8587561203670755,2.7951421143267026
2024-12-31,1.445178267461545,1.1107490980236767,1.8408340585427856,2.7540340992230004
2025-01-02,1.4877897248145127,1.1372384519143846,1.8847346162092915,2.8352375114316484
2025-01-03,1.4870458299521054,1.1367770183335082,1.969891942845518,3.008984938576723
2025-01-06,1.530736583681226,1.1621978406511075,2.014669828267841,3.0988961346445296
2025-01-07,1.4262068108764883,1.1048274315942397,1.9152182305110408,2.8872810779762754
2025-01-08,1.3748920534955908,1.0795339815553495,1.8713720376652485,2.783397036141028
2025-01-10,1.3742046074688432,1.0791911907613343,1.8095545598556562,2.6323303533385287
2025-01-13,1.3742046074688432,1.0791911907613343,1.8599928667775223,2.7550466168581598
2025-01-14,1.349275636224084,1.0653756450793455,1.8367378326414263,2.706445790860854
2025-01-15,1.399652855248935,1.0891988065178426,1.8778096387309613,2.8074949825342737
2025-01-16,1.3799664218862882,1.0795841019364625,1.861233615301238,2.7680069318491656
2025-01-17,1.4049023821209559,1.0940517835311485,1.886176308761807,2.8180247508969125
2025-01-21,1.4604282668756305,1.1276172842552576,1.9440441841316562,2.929401398517011
2025-01-22,1.4643656415869175,1.1296255008826466,1.9475064065624967,2.9372991852466566
2025-01-23,1.4978829966153195,1.1491414691039865,1.9811524893674903,3.004530003029201
2025-01-24,1.497134055117012,1.1487068034916135,1.7188892015587736,2.527231519742738
2025-01-27,1.497134055117012,1.1487068034916135,1.689777508720914,2.4666833111113236
2025-01-28,1.5540289588733742,1.1696586378557203,1.7208142298832498,2.561656895401421
2025-01-29,1.5122604516501734,1.1563680122281104,1.701260920085128,2.4928058074419623
2025-01-30,1.5206141981112125,1.1593179388001127,1.705600883436759,2.506576099238757
2025-01-31,1.4096822966012408,1.122491654540972,1.6514216623068827,2.323716269761046
2025-02-03,1.4368318140478538,1.1311639295373845,1.6641804055301583,2.3684694567443554
2025-02-04,1.4957989558782465,1.15222602130179,1.695167178975221,2.4656707248477816
2025-02-05,1.4950510564003074,1.1519642697261376,1.7355073251190827,2.5802868473028098
2025-02-06,1.4950510564003074,1.1519642697261376,1.7494203098022705,2.616737475659266
2025-02-07,1.4950510564003074,1.1519642697261376,1.756388211418535,2.6343552625823214
2025-02-10,1.5229198923935365,1.163737654708182,1.7747808765314876,2.6847787329027564
2025-02-11,1.5221584324473398,1.1634186297780913,1.7535902350680563,2.6329377557514677
2025-02-12,1.5221584324473398,1.1634186297780913,1.7671914999425018,2.664123187495575
2025-02-13,1.5783218911845807,1.1928979725265854,1.8125496830703527,2.7637540657711472
2025-02-14,1.5775327302389885,1.1924883714399355,1.8522725715832429,2.860753174219654
2025-02-18,1.5775327302389885,1.1924883714399355,1.8357545801845627,2.8251123425676594
2025-02-19,1.5775327302389885,1.1924883714399355,1.8398728066856411,2.835642871596914
2025-02-20,1.5775327302389885,1.1924883714399355,1.8399300420109412,2.8358455500577864
2025-02-21,1.5775327302389885,1.1924883714399355,1.81035212459584,2.7653742460673043
2025-02-24,1.5007321429846654,1.1590095615372935,1.759985405821625,2.63212748176604
2025-02-25,1.5008478855703244,1.1590244208615526,1.76000797008227,2.632330482176172
2025-02-26,1.5586924920830054,1.1692340558959935,1.7755115597468347,2.7337838822287397
2025-02-27,1.3626436089639187,1.1193103929249142,1.6997012117133687,2.3899346114314794
2025-02-28,1.4260305215821232,1.1445875719344027,1.7380852489408383,2.5011086377003253
2025-03-03,1.2775507219911035,1.0849572924960003,1.6475351576909856,2.2406905725462227
2025-03-04,1.276911946630108,1.08468589442758,1.6944493900968374,2.381024687480783
2025-03-05,1.276911946630108,1.08468589442758,1.6690658722625726,2.2990111873913133
2025-03-06,1.250629487080669,1.072683527974681,1.6509598720345176,2.252840540099147
2025-03-07,1.2500041723371287,1.0723951915882097,1.6404561199942418,2.2255025547082457
2025-03-10,1.2162808283559556,1.058434350985306,1.6194620751330562,2.16657439584761
2025-03-11,1.2974552946025382,1.0924974171482753,1.671580417439619,2.3111713639706424
2025-03-12,1.2968065669552369,1.0922340103916144,1.6907401685652197,2.370104882369224
2025-03-13,1.2968065669552369,1.0922340103916144,1.7031891523556508,2.4021032742001194
2025-03-14,1.2968065669552369,1.0922340103916144,1.7355861090388476,2.4857445229732402
2025-03-17,1.2460778234025829,1.0651082343362923,1.692956687430302,2.3897495344337982
2025-03-18,1.2454547844908817,1.064770129550504,1.686778795230847,2.374965324234736
2025-03-19,1.2371854553461998,1.060361621501096,1.6802891044709565,2.3603839727184766
2025-03-20,1.2365668626185269,1.0600310103705783,1.6835025329152207,2.368282246845752
2025-03-21,1.2365668626185269,1.0600310103705783,1.7107075303936137,2.427823438429014
2025-03-24,1.2428596311126354,1.0637657790975732,1.7172857127556451,2.441392307493804
2025-03-25,1.2422382012970792,1.0633975339675192,1.6987997780200388,2.4045335939780976
2025-03-26,1.2422382012970792,1.0633975339675192,1.6193596585299057,2.2550729858196945
2025-03-27,1.2422382012970792,1.0633975339675192,1.6205823083542124,2.257908296685197
2025-03-28,1.2422382012970792,1.0633975339675192,1.5602495570401425,2.1291047382926296
2025-03-31,1.2422382012970792,1.0633975339675192,1.5931054774271172,2.197759496039902
2025-04-01,1.227537084559859,1.0570957718095193,1.5839421848635427,2.172849258633192
2025-04-02,1.2269233160175792,1.0568311014827938,1.5510246708034618,2.096296575416755
2025-04-03,1.2269233160175792,1.0568311014827938,1.5126358940591877,2.0031367418190618
2025-04-04,1.2269233160175792,1.0568311014827938,1.4119778018329554,1.771249909465819
2025-04-07,1.4556740967042268,1.1447787127234028,1.5297045481711316,2.102371983831751
2025-04-08,1.4549462596558747,1.144523228053072,1.5045608300580617,2.0027316410146234
2025-04-09,1.60840860340671,1.186861381826931,1.5604775820562387,2.214973724142967
2025-04-10,1.6076043991050066,1.1866532576976645,1.5565026391213321,2.1973545322206225
2025-04-11,1.689921861335471,1.2046467285835192,1.5803175116332007,2.310968856255124
2025-04-14,1.6890769004048034,1.2044683642429868,1.5620047134667343,2.2473771208349325
2025-04-15,1.6890769004048034,1.2044683642429868,1.5236187713248492,2.117358700939479
2025-04-16,1.6890769004048034,1.2044683642429868,1.5228330944054336,2.115333322379979
2025-04-17,1.6890769004048034,1.2044683642429868,1.4884915115828543,2.000301289622455
2025-04-21,1.6890769004048034,1.2044683642429868,1.4884833372492234,2.0005037282987734
2025-04-22,1.6890769004048034,1.2044683642429868,1.5316127373389332,2.1167509297632554
2025-04-23,1.6890769004048034,1.2044683642429868,1.5226939799270678,2.095688769924769
2025-04-24,1.6890769004048034,1.2044683642429868,1.5527875042123989,2.1639383132695316
2025-04-25,1.7331270292690493,1.225196341033291,1.579981259315587,2.2214545167295054
2025-04-28,1.7012104052817305,1.213297993576543,1.5646374606370566,2.180545035013506
2025-04-29,1.650649687574288,1.1935279216742274,1.5391424913371672,2.1157382823499957
2025-04-30,1.786689824841742,1.2562847087662272,1.6200720078394728,2.2901092155162415
2025-05-01,1.7857964799293211,1.255883612680829,1.6295956980147328,2.312386526137537
2025-05-02,1.7857964799293211,1.255883612680829,1.6190155550012764,2.2866662959918314
2025-05-05,1.7622866225428926,1.2440527334813185,1.6042355101887853,2.257705863613731
2025-05-06,1.787105288359193,1.2576808658809433,1.6218093101931088,2.2895016263595647
2025-05-07,1.8693073221137328,1.2948886820984589,1.6697896718178784,2.3948125395984134
2025-05-08,1.855080124970189,1.2888244062905014,1.6619696443119059,2.376585750605702
2025-05-09,1.8541525849077038,1.288429208918322,1.7090930362756502,2.4701503845029897
2025-05-12,1.8989828193724145,1.3104670508625769,1.7389185308741306,2.531109466123697
2025-05-13,1.8980333279627284,1.3100035195541655,1.8253328321253086,2.6975817735862577
2025-05-14,1.8980333279627284,1.3100035195541655,1.834829279515335,2.7196559597324823
2025-05-15,1.8980333279627284,1.3100035195541655,1.8546534666867383,2.7587430951446934
2025-05-16,1.8437187682427199,1.2824853879417997,1.8163549974585038,2.681177637649548
2025-05-19,1.8701786405589975,1.2971027815511107,1.8370572808386674,2.7196561839286444
2025-05-20,1.8692435512387182,1.2965863008689242,1.8219736587377864,2.6947462860385696
2025-05-21,1.856648845435134,1.288031616540138,1.8107644788307893,2.677936829556329
2025-05-22,1.8253372967465051,1.2736180433877853,1.7905013222885475,2.632774627974762
2025-05-23,1.8836078370741725,1.3082100785143251,1.8391321382198065,2.7168211219605625
2025-05-27,1.9100048171018968,1.3226244672944627,1.859396441403017,2.7548947971087236
2025-05-28,1.909049814693346,1.3221029750082147,1.879569487143599,2.8808628779038976
2025-05-29,1.8607214727811419,1.3030819694460225,1.85275683624996,2.80937314005448
2025-05-30,1.817395982317719,1.27909589006921,1.818652786326595,2.743959013884538
2025-06-02,1.8615265663533807,1.3014535760452488,1.8504415429099175,2.810588694499444
2025-06-03,1.8605958030702041,1.3009842924351385,1.8944685934922645,2.8796479261802843
2025-06-04,1.8605958030702041,1.3009842924351385,1.8941229549344434,2.8792427910373624
2025-06-05,1.8641152140527,1.3031560168684475,1.898086818937078,2.886128645668132
2025-06-06,1.8631831564456738,1.3025809992728743,1.9048754141373618,2.8999006980210016
2025-06-09,1.855745379668033,1.2973811311472574,1.897997083082219,2.88977432320059
2025-06-10,1.880846441959239,1.3138695549463855,1.9221187382566665,2.9288618004423013
2025-06-11,1.8465095543409151,1.2898451726261573,1.8869723911486866,2.8753922580874085
2025-06-12,1.8455862995637449,1.2892002500398443,1.8937387691561258,2.885721400937411
2025-06-13,1.8559330347447751,1.2964277709558987,1.9053008416029398,2.903342207447723
2025-06-16,1.8550050682274029,1.2957795570704207,1.9204527187894591,2.9264309940567057
2025-06-17,1.8550050682274029,1.2957795570704207,1.9140730868429678,2.9167095609403235
2025-06-18,1.8550050682274029,1.2957795570704207,1.933212299859386,2.9458743436111536
2025-06-20,1.8550050682274029,1.2957795570704207,1.8940031312849166,2.8861264909070017
2025-06-23,1.8550050682274029,1.2957795570704207,1.934674356322906,2.948102259616607
2025-06-24,1.8550050682274029,1.2957795570704207,1.9839851380961133,3.0232431879562753
2025-06-25,1.8550050682274029,1.2957795570704207,2.073169298330839,3.159144107638555
2025-06-26,1.8550050682274029,1.2957795570704207,2.0739665344643776,3.16035895479826
2025-06-27,1.882133445604293,1.3147295844442308,2.1053340800452505,3.208157558063648
2025-06-30,1.857062120953024,1.2972164732898588,2.0772895679287102,3.165422671300711
2025-07-01,1.8177322687680086,1.2697433308619281,2.033295621398702,3.0983836614794003
2025-07-02,1.8817771179121312,1.3099162197989251,2.0976262283719116,3.207550185944829
2025-07-03,1.8797570129973717,1.3084441238013937,2.095268896560586,3.2041068515385986
2025-07-07,1.8931839832216422,1.3177902468209797,2.110235252792501,3.2269935581679783
2025-07-08,1.915641259697446,1.3334221030865372,2.135267229040422,3.2652727149555263
2025-07-09,1.952475897916803,1.3590616222356728,2.17632491428561,3.3280585515698
2025-07-10,1.9514996599678447,1.358382091424555,2.168378070838439,3.3159061564385675
2025-07-11,1.9514996599678447,1.358382091424555,2.190231279166466,3.349324308469971
2025-07-14,2.0192048793213995,1.405509723241491,2.267314155517946,3.467200239649736
2025-07-15,2.0176715301385255,1.4044424035218703,2.265592396451649,3.464567307890917
2025-07-16,2.028994930301683,1.4123242926716337,2.2783071564749857,3.484010850327554
2025-07-17,2.0481028736621734,1.4256247756782625,2.2997629834233804,3.5168213226462273
2025-07-18,2.037605453757203,1.4183178273361294,2.2879756957683735,3.4987960805408056
2025-07-21,2.020974089426884,1.4067412188817703,2.2693007568565866,3.4702381709486083
2025-07-22,1.9996249491333773,1.3918807039470724,2.245328346482918,3.4335793132467396
2025-07-23,1.9986251366588108,1.391184763595099,2.2808021926912003,3.492517447220924
2025-07-24,1.9986251366588108,1.391184763595099,2.296188952974732,3.5162137464265917
2025-07-25,2.0023459019660597,1.3937746799878306,2.301611776132656,3.524517856289864
2025-07-28,2.047681178266281,1.4253312457917005,2.353722755411693,3.604316751517245
2025-07-29,2.046657337677148,1.4246185801688047,2.334544652178591,3.574948824225695
2025-07-30,2.046657337677148,1.4246185801688047,2.4190598332592455,3.7043691147956586
2025-07-31,2.046657337677148,1.4246185801688047,2.3025374762409534,3.5259354048943226
2025-08-01,2.046657337677148,1.4246185801688047,2.315817484640647,3.5476066464762144
2025-08-04,2.046657337677148,1.4246185801688047,2.367772430821419,3.6379375843960466
2025-08-05,2.046657337677148,1.4246185801688047,2.3262369633755022,3.571303057526242
2025-08-06,2.046657337677148,1.4246185801688047,2.3899716991077216,3.6774318224064415
2025-08-07,2.04540856197439,1.4237493437627575,2.389615854680584,3.677026739405227
2025-08-08,2.0510417807075583,1.4271701267713708,2.395357284763495,3.6871535650653215
2025-08-11,2.061294194590894,1.4342269695028642,2.4072014646038857,3.705584308288614
2025-08-12,2.0574635246261215,1.4315616293543507,2.4027279671410726,3.6986979208195465
2025-08-13,2.0564347928638087,1.4308458485396736,2.367416011277853,3.640570256316573
2025-08-14,2.0564347928638087,1.4308458485396736,2.3933217934320528,3.68371070873336
2025-08-15,2.0564347928638087,1.4308458485396736,2.376387190765884,3.657785911234863
2025-08-18,2.076244180438604,1.444507841093423,2.40024469668485,3.694849813359126
2025-08-19,1.9936178611233901,1.3870157837887742,2.3047138856215272,3.5478093817101484
2025-08-20,1.9899759106540917,1.3844819768425185,2.300503623473992,3.5413282268736745
2025-08-21,1.9889809226987647,1.3837897358540974,2.2765893329435296,3.495960043806459
2025-08-22,2.0541284930925046,1.4291147252483487,2.3520722249655686,3.6122155590432072
2025-08-25,2.0531014288459586,1.4284001678857245,2.370536495350707,3.646848861606998
2025-08-26,2.0531014288459586,1.4284001678857245,2.3909959848237157,3.6857356401641264
2025-08-27,2.0531014288459586,1.4284001678857245,2.386589856627108,3.6622418985364247
2025-08-28,2.0531014288459586,1.4284001678857245,2.3645447734410774,3.607354676729444
2025-08-29,1.9585895858606432,1.3805808007171303,2.286100040432075,3.4430984926263615
2025-09-02,1.9708021255872583,1.3883048457572174,2.2988902658714476,3.464567501461804
2025-09-03,1.9651566552901818,1.3849697188856411,2.2933676382411083,3.4546430586840233
2025-09-04,1.9641740769625369,1.3843997365663165,2.2622136911151896,3.4031991068092116
2025-09-05,1.957581195439123,1.379752906353415,2.2556489830937845,3.393477641179677
2025-09-08,1.9755737274886533,1.3907349251052517,2.2736026176292365,3.424667793271731
2025-09-09,2.0637847931723536,1.4495378835761912,2.3697349271660473,3.5775821550359796
2025-09-10,2.0627529007757675,1.4488509590885992,2.4080987908057887,3.6393576808273966
2025-09-11,2.0397944454900045,1.4334291523066822,2.3835957996304855,3.6006712813330033
2025-09-12,2.0156982768938354,1.4164951277491538,2.3554368426696826,3.558136415897804
2025-09-15,2.0146904277553888,1.4157881006198103,2.3732679670614476,3.5850752804093378
2025-09-16,2.0146904277553888,1.4157881006198103,2.3153017141078815,3.4967651980493457
2025-09-17,2.0146904277553888,1.4157881006198103,2.3332625672102694,3.523906275636666
2025-09-18,2.0344112082775814,1.4292659921331583,2.3565771114122414,3.5601619560912083
2025-09-19,2.0333940026734427,1.4285709822404953,2.350243642592644,3.5506426465171494
2025-09-22,2.1097459376726375,1.4822124106278882,2.439668090218764,3.6857410897714327
2025-09-23,2.1086910647038013,1.4814713044225745,2.415172825383189,3.641180616719726
2025-09-24,2.1086910647038013,1.4814713044225745,2.356537288131525,3.5340336200164235
2025-09-25,2.1086910647038013,1.4814713044225745,2.40268284091026,3.6087732972463873
2025-09-26,2.1086910647038013,1.4814713044225745,2.4256608552825263,3.654548887726368
2025-09-29,2.1086910647038013,1.4814713044225745,2.4433213242359657,3.687968918015363
2025-09-30,2.1086910647038013,1.4814713044225745,2.4818269818232555,3.7519740607318877
2025-10-01,2.157269009551711,1.511692358519557,2.5335214369711694,3.840284325425693
2025-10-02,2.1561903750469353,1.5110230542323135,2.5284839324967043,3.831979522065374
2025-10-03,2.113057541674754,1.4807962679642837,2.479058010447475,3.757239880615151
2025-10-06,2.121373074907182,1.48614471754309,2.4880120556856107,3.772025778525293
2025-10-07,2.125246155645647,1.4887306087402903,2.4923411956390615,3.7789125258686087
2025-10-08,2.124183532567824,1.488013913531471,2.5602245430411403,3.893553632120707
2025-10-09,2.1372657860611652,1.4971781759033318,2.5771428927516062,3.919479719021969
2025-10-10,2.076078010032994,1.4560433555823435,2.506336150079922,3.8072689454445485
2025-10-13,2.0407348970693873,1.4386426382215152,2.476383713024004,3.7424540705836855
2025-10-14,2.041066278243009,1.4387202982799592,2.476517391881264,3.7430617824545003
2025-10-15,2.0126812879623546,1.419419379476513,2.443294074497637,3.6910072394700757
2025-10-16,1.9900395064042107,1.4073649052810708,2.4225443046982624,3.6494850272125072
2025-10-17,1.9890444866510086,1.406840435112934,2.4567805190794774,3.709236710866944
2025-10-20,1.9890444866510086,1.406840435112934,2.4523258466672395,3.7023497204779163
2025-10-21,1.9890444866510086,1.406840435112934,2.4309589970220045,3.6689295065485457
2025-10-22,1.9890444866510086,1.406840435112934,2.421253306226906,3.654346108199749
2025-10-23,1.9890444866510086,1.406840435112934,2.4582838660495265,3.723616793801648
2025-10-24,1.9890444866510086,1.406840435112934,2.5402897589221056,3.848183337424879
2025-10-27,2.020085926909605,1.42870465531072,2.5810289185536233,3.9101629753493343
2025-10-28,2.1763141467888856,1.5391940093990004,2.7806336563376837,4.212564864763633
2025-10-29,2.146700782430474,1.5236502649498276,2.7525530773483213,4.155243995711822
2025-10-30,2.1456274320392588,1.5230923639541374,2.7659553058001225,4.1815749960968125
2025-10-31,2.16149511771499,1.5328739375194216,2.7847856785264593,4.21459003292015
2025-11-03,2.108725078007655,1.5015208169696996,2.7278261863289,4.1116964008390156
2025-11-04,2.064784771586711,1.4770508438818022,2.6833713691771526,4.02601941921301
2025-11-05,2.0403734891037444,1.4621169007738253,2.656240742272293,3.978421093868527
2025-11-06,2.0393533023591925,1.4614939144461716,2.541091953820535,3.7450869244259137
2025-11-07,2.1509449859347622,1.5150817809731485,2.6350297787991424,3.95188744900355
2025-11-10,2.151496117849207,1.5152747889183702,2.635365458159551,3.9529000324539325
2025-11-11,2.1576695833863946,1.5183217361450199,2.6406647078617644,3.9642424150498616
2025-11-12,2.106186384045591,1.4895444291409552,2.590615224156238,3.8696533806301594
2025-11-13,2.015897493829857,1.4397486250014813,2.504010376540366,3.7037674400964664
2025-11-14,2.050183133422689,1.456950850879178,2.5339284826245443,3.766759747976944
2025-11-17,2.021630247241148,1.4433510513458345,2.510275715357393,3.7143001112723715
2025-11-18,2.0206194321175275,1.4428682821752146,2.525083998888655,3.7428588766524045
2025-11-19,2.0206194321175275,1.4428682821752146,2.561855762925101,3.9689010228275023
2025-11-20,2.0206194321175275,1.4428682821752146,2.471912989210588,3.6709548226022295
2025-11-21,2.0206194321175275,1.4428682821752146,2.456661552529665,3.635509286187548
2025-11-24,2.0206194321175275,1.4428682821752146,2.421566778748133,3.542742936759732
2025-11-25,2.0206194321175275,1.4428682821752146,2.480007851187181,3.678854193404903
2025-11-26,1.9904618585904337,1.4307917482374315,2.459861375014671,3.625787033902664
2025-11-28,1.9432050536800072,1.4083804477167476,2.421331174807276,3.5397049470902946
2025-12-01,2.021039927406553,1.4559920213478437,2.5031864630580474,3.6814874558709514
2025-12-02,2.0134788816519356,1.4518799712084918,2.496116899424922,3.6677144003655067
2025-12-03,2.019595506623309,1.455052425099795,2.501571080161458,3.6788563267564776
2025-12-04,2.044837813791719,1.4714647854903784,2.529787717171946,3.7248372279438144
2025-12-05,2.0309380576794376,1.4630004974985527,2.515235651769178,3.6995176995796744
2025-12-08,2.0634080860991366,1.4833017352417026,2.5501381668632734,3.758664478768886
2025-12-09,2.062376382056087,1.4826573824163398,2.543547582101941,3.7467136353788173
2025-12-10,2.062376382056087,1.4826573824163398,2.478803276502598,3.6517137642884845
2025-12-11,2.0708403205694546,1.488509252379411,2.489731330801132,3.6685261585642253
2025-12-12,2.0345939541030886,1.465871247211102,2.4518662314446584,3.604315150977603
2025-12-15,2.0153845091181797,1.4552214148341112,2.4340529586723263,3.570285317427105
2025-12-16,2.0143768168636207,1.4546654498962603,2.431767803951901,3.5670445275846765
2025-12-17,2.0143768168636207,1.4546654498962603,2.412072571242991,3.535242942993239
2025-12-18,2.0380690609916807,1.4697740271369713,2.4381616068827965,3.578590589689513
2025-12-19,2.037050026461185,1.4691250707161907,2.523074504965957,3.725444936035053
2025-12-22,2.037050026461185,1.4691250707161907,2.510530828895448,3.7062022042789815
2025-12-23,2.091363594973423,1.5082961387532428,2.5786643883794858,3.806873235587779
2025-12-24,2.113396690896122,1.524186457196607,2.605831333409116,3.846979701707233
2025-12-26,2.0888042194958656,1.5064503113898433,2.5755086624137418,3.802214448359795
2025-12-29,2.0877598173861176,1.5056970862341486,2.582780754661357,3.8129502127612915
2025-12-30,2.0877598173861176,1.5056970862341486,2.601029064607206,3.839890129037569
2025-12-31,2.0896894678368567,1.507088754488769,2.604733628142229,3.845359163253331
2026-01-02,2.110824230932584,1.5223311932724255,2.6310774600873867,3.884250470399302
2026-01-05,2.0971748267011825,1.5124872121741664,2.6140638976644293,3.859133407581111
2026-01-06,2.075709851018815,1.4988247018070469,2.5904506896884,3.8196344570434295
2026-01-07,2.0816539108306635,1.5028214875213954,2.597358419656947,3.8305724673153945
2026-01-08,2.0372930918652403,1.4742869732128836,2.548041610171962,3.7489415435233093
2026-01-09,2.0168189487057155,1.461340914274368,2.525666660475982,3.711265881555344
2026-01-12,2.0364126026683915,1.4754451940463915,2.5500433879338003,3.7473213041272837
2026-01-13,2.0289274644023294,1.470116487734908,2.540833671198356,3.7335474657352017
2026-01-14,2.0529238876742597,1.4861375248751336,2.5685231712842467,3.7777046802564294
2026-01-15,2.0813236962310917,1.5066398768581097,2.6039578233623066,3.8299648202195695
2026-01-16,2.080283034382976,1.5058865569196809,2.5050768417954696,3.6845282553904344
2026-01-20,2.046649248830144,1.4815395499570672,2.4658275754630035,3.6267994750222976
2026-01-21,2.111803528728636,1.52870378319037,2.5443262337577597,3.742257220537987
2026-01-22,2.110747626964272,1.5279394312987749,2.577423727141811,3.797960624067229
2026-01-23,2.110747626964272,1.5279394312987749,2.5725928964831706,3.791073790496205
2026-01-26,2.110747626964272,1.5279394312987749,2.573692485154919,3.7926941874892512
2026-01-27,2.1551221528958133,1.5600615036156373,2.6290864081807954,3.874324845034502
2026-01-28,2.1559109619876917,1.560632267261158,2.6300482849652966,3.87574290974074
2026-01-29,2.1544462828696167,1.5595718667840766,2.6282612499829825,3.8731098141226856
2026-01-30,2.153369059728182,1.5587920808506845,2.581917749147727,3.7918836804606517
2026-02-02,2.153369059728182,1.5587920808506845,2.57007942229882,3.772438374434525
2026-02-03,2.07389994930065,1.5105349606784861,2.4915283735114824,3.6351044630061202
2026-02-04,2.0215495155761936,1.4845673682877563,2.4486965325296466,3.543345313614054
2026-02-05,2.0418888048539006,1.494995777586591,2.465897509888666,3.5789957514534962
2026-02-06,2.129370103443232,1.5427086464983348,2.5445967586778813,3.7323318171778266
2026-02-09,2.1283054183915104,1.542133629444454,2.603169945593844,3.876553331942016
2026-02-10,2.1391405654591145,1.546922590489079,2.6120317107144206,3.8982270399535257
2026-02-11,2.1455874147061893,1.5504897523812287,2.6180549855937416,3.909975347878329
2026-02-12,2.1445146209988364,1.5498726479717306,2.558341943844036,3.797555419307288
2026-02-13,2.1445146209988364,1.5498726479717306,2.49850619802701,3.6814899655327564
2026-02-17,2.226037023232499,1.5988902090197354,2.578481442093487,3.823280283649963
2026-02-18,2.224924004720883,1.5982250945826646,2.561770134882168,3.7890481385874106
2026-02-19,2.224924004720883,1.5982250945826646,2.555714381466445,3.7791230854838918
2026-02-20,2.224924004720883,1.5982250945826646,2.618735474942785,3.87695800960161
2026-02-23,2.224924004720883,1.5982250945826646,2.619823572848504,3.8787815082682062
2026-02-24,2.2582035938550784,1.6189642896498226,2.6548873497166063,3.938738276093462
2026-02-25,2.256113312480303,1.6180907926084236,2.653454930076438,3.9350924262325213
2026-02-26,2.254985255824063,1.6178897492313251,2.550786071090805,3.671362034449048
2026-02-27,2.254985255824063,1.6178897492313251,2.4788213789346525,3.544965887498393
2026-03-02,2.298697142336033,1.6430136712052257,2.5182889864995794,3.6154559579132437
2026-03-03,2.297547793764865,1.6423555682355657,2.5387445989722623,3.6549549043104106
2026-03-04,2.297547793764865,1.6423555682355657,2.5474947912661796,3.669741224047965
2026-03-05,2.297547793764865,1.6423555682355657,2.53159946001079,3.6428013884332753
2026-03-06,2.297547793764865,1.6423555682355657,2.499201796446236,3.581831447274527
2026-03-09,2.3687696410973227,1.68141614942796,2.559593197710076,3.6946558105724394
2026-03-10,2.4144837825512115,1.7069499894449152,2.5984629583229086,3.765957812851437
2026-03-11,2.413276540659936,1.706277953451389,2.5760446274893902,3.728280150498349
2026-03-12,2.413276540659936,1.706277953451389,2.587339153968957,3.7459033904305965
2026-03-13,2.413276540659936,1.706277953451389,2.56025398735831,3.70640270720281
2026-03-16,2.439635752018045,1.7231706379800207,2.5866544232623543,3.748739396748241
2026-03-17,2.4056237853670943,1.704590326675767,2.5587634858464994,3.6964766771025572
2026-03-18,2.346695928657509,1.6626375718345485,2.4957881330368163,3.6059282508342396
2026-03-19,2.3455225806931805,1.6618062530486313,2.495647987220691,3.60572576739788
2026-03-20,2.334598760050206,1.6547682862990585,2.486100189435591,3.5907356554899375
2026-03-23,2.302594482104811,1.6348915459934432,2.456237659286629,3.5415113930970854
2026-03-24,2.301443184863759,1.6341763105293454,2.4879761599088717,3.5874947665525623
2026-03-25,2.2869075408265913,1.6238550454639937,2.473506383655541,3.566630319610309
2026-03-26,2.285764087056178,1.6230431179412619,2.393743682519703,3.4436706129304193
2026-03-27,2.285764087056178,1.6230431179412619,2.376486693529729,3.418957410402479
2026-03-30,2.26010869238418,1.6048260972100974,2.3510012725204406,3.3822925432041204
2026-03-31,2.3823389032774784,1.6866242007019545,2.470831979245257,3.565212210851855
2026-04-01,2.3306310436654667,1.6527445676836507,2.4211997726921437,3.4878304864329905
2026-04-02,2.329465728143634,1.651980117363397,2.4911381263683428,3.588710024131524
2026-04-06,2.329465728143634,1.651980117363397,2.472119261689164,3.5597425455530867
2026-04-07,2.444555751706262,1.7335981589320357,2.5954219373959195,3.7373957291029574
2026-04-08,2.4093116239129264,1.7089962613606389,2.5585896967008175,3.6835122156675077
2026-04-09,2.4420382321163103,1.7314437169549193,2.5921964575224874,3.733546781515303
2026-04-10,2.464827577939632,1.747573653672098,2.6163450708495595,3.7683886147153363
2026-04-13,2.5285582987074102,1.7924087385444762,2.6834690247158144,3.8658242831159844
2026-04-14,2.604081127648841,1.8459374805888284,2.7636085141743783,3.981288492978437
2026-04-15,2.6158731503587593,1.8542964124443218,2.776122922429351,3.9993169037777294
2026-04-16,2.648599749496204,1.8774950967397528,2.810854370330851,4.049351455764928
2026-04-17,2.6496597421000834,1.8782464865700743,2.811979298642008,4.050972041357158
2026-04-20,2.678146693946434,1.8984398405952563,2.8422113762180747,4.094524744989056
2026-04-21,2.6630421061231337,1.887732752979653,2.826181473359689,4.071431869328004
2026-04-22,2.682519030664625,1.9015392295275633,2.846851564595055,4.101209457565303
2026-04-23,2.649394853853823,1.8780587170199066,2.811698183201749,4.050567062988565
2026-04-24,2.777783597248002,1.9652519758928393,2.9422378331811094,4.246856119145857
2026-04-27,2.7756639202872044,1.9638999321285528,2.940213647802238,4.2436154192293865
2026-04-28,2.818195089239231,1.987825407102075,2.9760331958843325,4.308639834845235
2026-04-29,2.7814934660439,1.9666044345473197,2.944262639704567,4.25252800770215
2026-04-30,2.7801027193108783,1.9657992834670859,2.837819549080906,4.07730623681786
2026-05-01,2.7541269672182063,1.9521104392822808,2.818929403896359,4.041248781012732
2026-05-04,2.7513659662325405,1.9504248300779012,2.81649531346065,4.037197445689231
2026-05-05,2.7595110388597237,1.9547330009399275,2.8227164929982385,4.049149060563077
2026-05-06,2.8761644969940514,2.0313136366450104,2.9333021450259498,4.220319689621777
2026-05-07,2.9409107344898415,2.0656631204341966,2.982904241256529,4.315324624568298
2026-05-08,2.939440279122597,2.0648832949984195,2.9934307941142917,4.335783811582125
2026-05-11,2.939440279122597,2.0648832949984195,3.0472138330937897,4.427142638365702
2026-05-12,2.939440279122597,2.0648832949984195,3.115553350367355,4.556381451472693
2026-05-13,3.00226651076906,2.095288360928323,3.162376715387162,4.65604562366335
2026-05-14,3.000765377513676,2.0945666091322823,3.1613369173618566,4.65422228181185
2026-05-15,3.000765377513676,2.0945666091322823,3.162475515409716,4.656450591924195
2026-05-18,2.865459510533436,2.0224245468634607,3.0546720222528276,4.448817355683638
2026-05-19,2.9119080932967822,2.0438220690267452,3.0869908607474894,4.5209318840463215
2026-05-20,2.900295933627166,2.0413666111362008,3.083282134737563,4.502903230252662
2026-05-21,2.882160141291507,2.0350107964555932,3.073682306000523,4.4747462008459085
2026-05-22,2.8252737040080675,2.008153250999245,3.033116642960522,4.386426205899457
2026-05-26,2.793699049937538,1.9892067419915611,3.004499817143761,4.337404445685323
2026-05-27,2.756644593831083,1.9688328817983969,2.9737271186943333,4.279874926658503
2026-05-28,2.7997010434393546,1.9936626747940762,3.0112300624258364,4.346722941640832
2026-05-29,2.8147053358793213,2.0034656034637797,3.02603641551818,4.370018108217535
2026-06-01,2.96409738455498,2.0925624603465516,3.160608395675639,4.60195924593254
2026-06-02,2.8928590147342685,2.0492298259188546,3.095158742069485,4.491356916748
2026-06-03,2.7942120897026634,2.0004522732332166,3.021485078577879,4.338200974201205
2026-06-04,2.7928149836578124,1.9997565150241943,3.028328967278557,4.350774782697004
2026-06-05,2.7928149836578124,1.9997565150241943,2.988353485224123,4.262554501303052
2026-06-08,2.797265209784917,2.0019915970592614,2.9926606205768884,4.271477969057158
2026-06-09,2.715055168576838,1.955555405058139,2.9232458621056554,4.145941649287682
2026-06-10,2.7136976409925495,1.9547851506805505,2.8983098372276195,4.086317250982704
2026-06-11,2.757728392302812,1.9761382979560957,2.930819002248577,4.154662423485854
2026-06-12,2.756349528106661,1.9754730928647715,2.973028495082215,4.237001187743776
2026-06-15,2.784788196378397,1.992503212459277,2.999740620794732,4.282834997305725
2026-06-16,2.7833958022802077,1.9916707960222864,2.9661793006753565,4.229091806680966
2026-06-17,2.7659869054722503,1.9792137852964062,2.94894629209724,4.20475527336892
2026-06-18,2.820818371103447,2.014518136395618,3.001548308131263,4.288108124318139
2026-06-22,2.697147362542938,1.9260987154410638,2.869807045256889,4.100107839725732
2026-06-23,2.6957987888616666,1.9251356660833434,2.8439180711696106,4.05853276102909
2026-06-24,2.693912143440102,1.923788366572225,2.8431846879949654,4.05772167734954
2026-06-25,2.6002013955726393,1.8653468873922008,2.7568134833262925,3.9165692890103783
2026-06-26,2.6100303911889755,1.8704213531325815,2.7643130833568885,3.9313742739005133
2026-06-29,2.6556739359633297,1.8979895748175517,2.8050564141368834,4.000125142971344
2026-06-30,2.641671078992085,1.8903449198613107,2.793758307601747,3.9790332538333093
2026-07-01,2.654327436292131,1.8974507359781039,2.8042600592133198,3.9980969695887523
2026-07-02,2.6177048640631924,1.878370279987624,2.7760608761562175,3.942933995705017
2026-07-06,2.5901032643796675,1.864592502135992,2.755698570352199,3.901358917008375
2026-07-07,2.627937563044482,1.8879090528137963,2.790158317076893,3.958347061262957
2026-07-08,2.7528852953501004,1.9547697455699344,2.888972355656251,4.14655034886711
2026-07-09,2.71976333464047,1.9374123062064104,2.8633196348691383,4.096660192539978
2026-07-10,2.807818948246504,1.9861587518387094,2.93536245944598,4.229294500236904
