date,direction-only,fused (sign x vol size),vol-sized long,buy & hold
2023-09-01,0.9685729322313302,0.9747622312842138,0.9747622312842138,0.9685729322313302
2023-09-05,0.9730316498499945,0.9780939781123091,0.9780939781123091,0.9730316498499945
2023-09-06,0.9725451340250695,0.9777279597364208,0.9281404015358938,0.9144581848263088
2023-09-07,0.9809669960683102,0.9840429792231438,0.9344340604758021,0.9228342656074302
2023-09-08,0.9853657170141232,0.9877276195016087,0.9379329456357947,0.9269723155417409
2023-09-11,0.9552588676325152,0.9645316124491002,0.9159063273736407,0.8986496172754528
2023-09-12,0.9523123270197392,0.9624237889137072,0.9139047663173353,0.8958776905405351
2023-09-13,0.9518361708562294,0.9620883388818431,0.9351595096137747,0.9229950291173896
2023-09-14,0.9518361708562294,0.9620883388818431,0.9256298767777653,0.9107620414298342
2023-09-15,0.8969259789279352,0.9130073349896088,0.8787646399335292,0.8586767436791906
2023-09-18,0.9196911800984292,0.9308556979777282,0.8959435931287257,0.8804711272398568
2023-09-19,0.9148023318782145,0.927566067203232,0.8927773412353636,0.8757907630083586
2023-09-20,0.8724821966458415,0.8924257542746853,0.8589549794049876,0.8352753617744327
2023-09-21,0.8720459555475186,0.8920611305978476,0.8587588892875541,0.8350545193754519
2023-09-22,0.872008488537439,0.8920309360474806,0.8590583860187767,0.8354361689432641
2023-09-25,0.88060451841333,0.8993556079952366,0.8661123127462925,0.843671678530655
2023-09-26,0.8801642161541233,0.8989799533914712,0.8714436960471884,0.8502802384270431
2023-09-27,0.8824272953763658,0.9008194553768626,0.8735705547237125,0.8528916200513652
2023-09-28,0.8819860817286777,0.9004610108398545,0.8957670178581664,0.8803504873750609
2023-09-29,0.8819860817286777,0.9004610108398545,0.8990688073668427,0.8844280059649665
2023-10-02,0.8819860817286777,0.9004610108398545,0.9136617079778623,0.900055842201673
2023-10-03,0.8819860817286777,0.9004610108398545,0.895260255164058,0.878643121714755
2023-10-04,0.8877553062765215,0.9049404148840907,0.9000164082717867,0.8848298009398691
2023-10-05,0.8873114286233833,0.9045963109780569,0.9026493611873215,0.8877023672952751
2023-10-06,0.8873114286233833,0.9045963109780569,0.9151187514538242,0.9007387818762285
2023-10-09,0.8873114286233833,0.9045963109780569,0.9233525477094662,0.9101396559848901
2023-10-10,0.8873114286233833,0.9045963109780569,0.9386431433504638,0.9279364790616759
2023-10-11,0.8873114286233833,0.9045963109780569,0.949163135631974,0.9396069048782696
2023-10-12,0.8873114286233833,0.9045963109780569,0.9528257280231838,0.9432829126167351
2023-10-13,0.8873114286233833,0.9045963109780569,0.9194610751980855,0.905177982852829
2023-10-16,0.8659368349244193,0.8860408379919807,0.9009858892745657,0.8838255877263971
2023-10-17,0.8655038665069571,0.885663596748717,0.8740753087442426,0.8555230145908029
2023-10-18,0.8695418890544367,0.888417724256062,0.876968909179893,0.8599422328165389
2023-10-19,0.8508352382602996,0.874172001220869,0.8629067671834426,0.8414421015923577
2023-10-20,0.8374096058565536,0.8638397558149363,0.8527076708173641,0.8281646868391638
2023-10-23,0.8749445053121445,0.8920790309622535,0.8805830335502622,0.8652852047264445
2023-10-24,0.8745070330594885,0.8917536255436852,0.8848232933410635,0.8717332015524571
2023-10-25,0.8745070330594885,0.8917536255436852,0.8583406727513612,0.8406988938601064
2023-10-26,0.8589628862301696,0.880617932385254,0.8478655538918071,0.8261760278137444
2023-10-27,0.8585334047870545,0.8803085993395069,0.8472795077124046,0.8253123784377155
2023-10-30,0.844793652046526,0.8697961393012262,0.8374255382959237,0.8125169428390041
2023-10-31,0.8538575755078062,0.8764939325679072,0.843874064425565,0.821234564429845
2023-11-01,0.9049003081322513,0.909905952356291,0.8760426121950686,0.8703271268155751
2023-11-02,0.9193526061602382,0.9214878384668611,0.8871934632650885,0.8842272513989584
2023-11-03,0.9188929298571581,0.9211182735385834,0.9079540279575327,0.9096373233777957
2023-11-06,0.9188929298571581,0.9211182735385834,0.9143796850779115,0.918355038135816
2023-11-07,0.9260910394753725,0.9271430990470508,0.920699769674301,0.9260081117206298
2023-11-08,0.953552324463704,0.9504251846366355,0.9438200526833644,0.9534669376605422
2023-11-09,0.9542152813891053,0.9509992523966757,0.9443901308676164,0.9541298352207981
2023-11-10,0.9706879273864925,0.9637032459068967,0.9570058359414355,0.9706010061585107
2023-11-13,0.9702025834227993,0.9633283348802092,0.9809886635622583,0.997919391640675
2023-11-14,0.9746973699952743,0.9672940764115698,0.9854610895166107,1.003041545253517
2023-11-15,0.9501811733662938,0.9436760772036719,0.9613995142426662,0.9778124182367992
2023-11-16,0.9666748713600037,0.9563335797961106,0.9742947408335058,0.9947857525576211
2023-11-17,0.9625367593305904,0.9525240061165842,0.9704136185146892,0.9905273043333942
2023-11-20,0.9784253965912086,0.9682067026179191,0.9863908560039304,1.0068779827700667
2023-11-21,0.977936183892913,0.9677225992666102,0.9847582727146844,1.0013743831600448
2023-11-22,0.977936183892913,0.9677225992666102,0.9690745715955872,0.9736140900276337
2023-11-24,0.9639293159432148,0.9578343056563868,0.9594478959295017,0.9601559339783318
2023-11-27,0.9727215320110588,0.9656536387676266,0.9672804016738118,0.9689137321806818
2023-11-28,0.9756053635797259,0.9684027719905061,0.9700341661513893,0.9717862747493663
2023-11-29,0.9684465321236945,0.9612829303675974,0.9629023302752773,0.9646554671380909
2023-11-30,0.9382178636854214,0.9316197759194873,0.933189204577229,0.9345451313518295
2023-12-01,0.9377487547535787,0.9311593604192172,0.9247046114203131,0.9255460156429083
2023-12-04,0.9377487547535787,0.9311593604192172,0.9124959686822085,0.9133532099105415
2023-12-05,0.9377487547535787,0.9311593604192172,0.9475982045054575,0.9484884224096194
2023-12-06,0.9377487547535787,0.9311593604192172,0.9171924679015762,0.918054121240097
2023-12-07,0.9377487547535787,0.9311593604192172,0.9333771054304124,0.9360335581978597
2023-12-08,0.9377487547535787,0.9311593604192172,0.9512803145743243,0.9540328918588219
2023-12-11,0.9377487547535787,0.9311593604192172,0.9223360634322159,0.9250048890748578
2023-12-12,0.9377487547535787,0.9311593604192172,0.9497996408718448,0.9568052118981238
2023-12-13,0.9377487547535787,0.9311593604192172,0.9649124675557997,0.9720926365521292
2023-12-14,0.9377487547535787,0.9311593604192172,0.9610041138217562,0.9681551997237621
2023-12-15,0.9607461707769437,0.952320855331086,0.9832539007768638,0.9923823831292747
2023-12-18,0.9612127226335674,0.9527492164256383,0.9836961757882758,0.9928642979756854
2023-12-19,0.9657054016071376,0.9570604507989768,0.988147446587417,0.9975049154478539
2023-12-20,0.9492909956051856,0.9407793131128442,0.9713374690999351,0.9805500028587196
2023-12-21,0.9567590294792789,0.9474048479465237,0.978178212882327,0.988263950078795
2023-12-22,0.9523444779121978,0.9429867855524667,0.9736166441016855,0.9837040326543578
2023-12-26,0.9629050072269958,0.9534435475994579,0.9844130600518801,0.9946123074591907
2023-12-27,0.965471925047016,0.9559852430048691,0.987037314165362,0.9972637507862753
2023-12-28,0.9649891890844925,0.9555072503833667,0.9904173381531983,1.0006787943226054
2023-12-29,0.953483898903968,0.9441150106467896,0.9791040840911163,0.9892483265807751
2024-01-02,0.919425478736069,0.9103912469247265,0.9441305115720486,0.9539124019827736
2024-01-03,0.9248855695062258,0.9156928522224973,0.9496285953232331,0.959577296443567
2024-01-04,0.9244231267214728,0.9152431943421679,0.9634372720771299,0.9735392195752433
2024-01-05,0.9244231267214728,0.9152431943421679,0.9843115263150185,0.9946323470355874
2024-01-08,0.9779004597883506,0.9668556413641788,1.0402862375055884,1.0526685582929567
2024-01-09,1.000574608614838,0.9871483597672283,1.0621201440094417,1.0770763222087893
2024-01-10,1.0263840002983553,1.0057940234582998,1.082181905555986,1.1048590426911855
2024-01-11,1.0258708082982062,1.0054241027927002,1.074718420139049,1.0972454000925946
2024-01-12,1.0328331224133065,1.0108116774770597,1.080797702097651,1.105240737403291
2024-01-16,1.0323167058521,1.0104126311435528,1.1067913136303342,1.131938509095871
2024-01-17,1.0323167058521,1.0104126311435528,1.1220489138860628,1.1502795826013499
2024-01-18,1.0323167058521,1.0104126311435528,1.1342232931028795,1.1649241883596624
2024-01-19,1.068472603138517,1.0412243667490872,1.1692939156001814,1.2063069969579985
2024-01-22,1.059949583316593,1.0343769909959848,1.161604319523085,1.1966844961880225
2024-01-23,1.0730099242331737,1.0459620705421113,1.1746143521900347,1.2114296385379997
2024-01-24,1.109415011004801,1.0778879997451114,1.210467138543378,1.252531030158599
2024-01-25,1.1088603034992988,1.0774030415286726,1.191206568289722,1.2246077384152878
2024-01-26,1.1132536293713622,1.080786851775483,1.1953703633790866,1.2300719617222557
2024-01-29,1.1126970025566765,1.0803584795749246,1.2244539280831643,1.2635799249811748
2024-01-30,1.0863132465854197,1.0571018628148934,1.1986433678291728,1.2342502929983554
2024-01-31,1.097982586597826,1.0672892914567826,1.210194850431159,1.2475087949771193
2024-02-01,1.131116606904259,1.0951288254912908,1.2417619812893526,1.2851550948818427
2024-02-02,1.2062783621111453,1.1628559960483549,1.318557535876579,1.370552579150737
2024-02-05,1.2311198380387887,1.1816315598393687,1.3398470688979518,1.3987770337807253
2024-02-06,1.2079400692593143,1.1642577616206409,1.3201469919787543,1.372440582027395
2024-02-07,1.2389698985097057,1.1834472455726668,1.3419058673343527,1.4076961365043081
2024-02-08,1.2470854165606033,1.1889643288799254,1.3481616649529446,1.416916847531849
2024-02-09,1.283631894549773,1.2178365362726025,1.3808997398000236,1.4584403227430514
2024-02-12,1.2829900786024981,1.2173307900869197,1.3452772885777597,1.414245153142727
2024-02-13,1.333413254783309,1.2482226644970242,1.3797122865274,1.4705339467774634
2024-02-14,1.3455632270172555,1.2553354900405425,1.3875743876359972,1.4839333535692651
2024-02-15,1.3497706364413384,1.2580586234109572,1.3905843799041058,1.4885734292276631
2024-02-16,1.3105525489028087,1.2269794076987244,1.3562312336318565,1.4453223749530673
2024-02-20,1.3098972726283573,1.226459284049395,1.2956475727806576,1.366152880110628
2024-02-21,1.4444391058710804,1.2555204233482866,1.3261189261732698,1.5071559013438345
2024-02-22,1.5554311139756023,1.2971134243090592,1.3700507211044324,1.6229671247708353
2024-02-23,1.5546533984186146,1.2968329634036122,1.357638979166146,1.601070219185837
2024-02-26,1.5476533843083269,1.2935692865069468,1.3545310954842478,1.5946617428609442
2024-02-27,1.546879557616173,1.2932077788660932,1.3338296527272708,1.5592857696320483
2024-02-28,1.546879557616173,1.2932077788660932,1.3513261563621204,1.588896491723125
2024-02-29,1.546879557616173,1.2932077788660932,1.3628810665380076,1.6070967790973107
2024-03-01,1.546879557616173,1.2932077788660932,1.4189657823910642,1.6900631734533769
2024-03-04,1.546879557616173,1.2932077788660932,1.434445758462616,1.7130450061689217
2024-03-05,1.546879557616173,1.2932077788660932,1.464608443635514,1.7683316537123468
2024-03-06,1.5836433617717278,1.3152405924064947,1.490040271763132,1.8112427493535284
2024-03-07,1.582851540090842,1.3147691670745867,1.548861535195341,1.9112892893428317
2024-03-08,1.582851540090842,1.3147691670745867,1.4433514836508927,1.7363287246604107
2024-03-11,1.6117286446944403,1.3258172325090158,1.4556079106790132,1.7688739888254008
2024-03-12,1.6109227803720931,1.325511897271116,1.4815859524606445,1.8292632698973603
2024-03-13,1.6109227803720931,1.325511897271116,1.4694761658633475,1.7995709586434925
2024-03-14,1.562514654891126,1.3031703266938628,1.4450775768313735,1.7463937530718856
2024-03-15,1.6246698971794378,1.3300033225710661,1.474832521267324,1.815863518691806
2024-03-18,1.5583803114175732,1.2984301564903606,1.4398212311863468,1.7417728737779443
2024-03-19,1.6140470237147706,1.3219829718787401,1.465938803610931,1.803990529340765
2024-03-20,1.659036932716898,1.3402728163848054,1.4862202999265361,1.8542749191777759
2024-03-21,1.6582074142505396,1.3399400490082767,1.4742665855842516,1.830991021829949
2024-03-22,1.6582074142505396,1.3399400490082767,1.5043329663836733,1.8872422196551542
2024-03-25,1.6582074142505396,1.3399400490082767,1.5233978993180568,1.925613111901127
2024-03-26,1.6099942983801494,1.3151673823339542,1.4957090217400855,1.8705878633514423
2024-03-27,1.5561848260411033,1.2836822858931491,1.4599017599196955,1.8080687935683777
2024-03-28,1.561354828196958,1.2863861956253764,1.4629768530483633,1.8140756119129973
2024-04-01,1.5293491325843962,1.2671719434873743,1.4411249346881336,1.7768894766383476
2024-04-02,1.5299719405008916,1.2674605645079815,1.4414531766063752,1.7776130922008173
2024-04-03,1.5632048126904867,1.286792432736034,1.4634388569875865,1.8162250347677642
2024-04-04,1.501994961890842,1.2490328470235152,1.4204957656624693,1.7451077617820354
2024-04-05,1.5337063976755683,1.2674377040079332,1.4414271778957752,1.7819520083536162
2024-04-08,1.5119544693176221,1.254609930606372,1.4268384520322253,1.7566793143870587
2024-04-09,1.4511597931882843,1.212891807219566,1.3793934086424042,1.6860444162148485
2024-04-10,1.5115740213170124,1.2426147997358554,1.413196670992807,1.7562372870995753
2024-04-11,1.5108182343063539,1.24224732910501,1.4386650791739257,1.8020218050763082
2024-04-12,1.4999397925097646,1.2359935414857985,1.4319211507036291,1.7899476023644119
2024-04-15,1.455075504081999,1.208899320232362,1.4005319992457648,1.7364089697445684
2024-04-16,1.4871793305908263,1.225062017569506,1.4192567800740339,1.7747199523407744
2024-04-17,1.4304461409288949,1.188557861647231,1.3769660469923275,1.7070176103421382
2024-04-18,1.3998072300209565,1.1712476898052302,1.3569118959382056,1.6704547793587978
2024-04-19,1.314859066889854,1.1273646148733791,1.3060725500648505,1.569082203152018
2024-04-22,1.3597235669012229,1.1460779184496168,1.3277522549265286,1.6226210882643717
2024-04-23,1.3590437051177724,1.145798068784146,1.357030584330738,1.6865260471581853
2024-04-24,1.3590437051177724,1.145798068784146,1.3037159046399174,1.5844307700329472
2024-04-25,1.443662148048621,1.1864839495039115,1.3503301790461977,1.6838747537069718
2024-04-26,1.5087159744748715,1.214914974240258,1.3826873556761468,1.7597529611527138
2024-04-29,1.5026016129234163,1.2120382913705279,1.3794134203682429,1.752621223948515
2024-04-30,1.4653466198390552,1.1929139354685876,1.3576481070321393,1.709167329705268
2024-05-01,1.4545300639853336,1.1871448381871137,1.3510823324438823,1.6965509946792632
2024-05-02,1.5120577301760403,1.2121299016495934,1.3795176814706243,1.7636507554294845
2024-05-03,1.5396329248439073,1.2256907976413653,1.3949512548622007,1.7958142184617039
2024-05-06,1.5388631083814854,1.2253134603571476,1.4133786495327134,1.830127191483775
2024-05-07,1.5108123824836253,1.2094028100747405,1.39551599719695,1.7976823051743391
2024-05-08,1.5284727204986033,1.218605899925685,1.4061353367616067,1.8186959515549266
2024-05-09,1.5246909637034722,1.216060256645641,1.4031979482498018,1.8141961226205727
2024-05-10,1.5276116930504402,1.2177526720611245,1.4051508069388465,1.8176714340001474
2024-05-13,1.5127709599680403,1.2086701343433655,1.3946705710946004,1.8000127732906104
2024-05-14,1.5612782589873369,1.2368838062059646,1.4272260026645744,1.8577305376733992
2024-05-15,1.602440881435033,1.2615841336709652,1.4557274265295326,1.9067090335255126
2024-05-16,1.593306792388794,1.2564204075332672,1.4497690623102066,1.8958405825896543
2024-05-17,1.5828556058902608,1.2494701262484424,1.4417492126478826,1.8834049464681097
2024-05-20,1.5803061165134498,1.2479120091249298,1.4399513192138214,1.8803713653345022
2024-05-21,1.6117100481176427,1.2698060604959815,1.4652146133596868,1.9177382103592682
2024-05-22,1.7226197887020422,1.2897828244454748,1.488265571594208,2.0497072625272743
2024-05-23,1.7634952894489484,1.3055697255337304,1.5064818952469248,2.098344118605365
2024-05-24,1.762613541804224,1.3052290304167635,1.5638325925753884,2.2147638780567678
2024-05-28,1.762613541804224,1.3052290304167635,1.5943723168988633,2.271135191216095
2024-05-29,1.762613541804224,1.3052290304167635,1.6102618267347473,2.3032787882553443
2024-05-30,1.762613541804224,1.3052290304167635,1.5904059056511934,2.2604877121932354
2024-05-31,1.762613541804224,1.3052290304167635,1.6000104714682812,2.282606550498461
2024-06-03,1.762613541804224,1.3052290304167635,1.6176241417812216,2.324694020749479
2024-06-04,1.762613541804224,1.3052290304167635,1.6445498455436205,2.378032353883079
2024-06-05,1.8462658421903084,1.3530147980549356,1.7053573671290325,2.492080979995407
2024-06-06,1.8453427092692134,1.352492926522323,1.6629586127203904,2.406137759956651
2024-06-07,1.8536644647579894,1.35605992930146,1.667718159590022,2.418191545080335
2024-06-10,1.8753778925935258,1.3673091304437264,1.6815527229603167,2.4465177220151997
2024-06-11,1.8952453799921436,1.3756687477647107,1.6918336001635907,2.4724357837586988
2024-06-12,1.9927336684698218,1.420392867899512,1.7468364991570855,2.5996137921971636
2024-06-13,2.00151229578202,1.4243986719785007,1.7517629423488186,2.611065919994489
2024-06-14,2.0481775355579837,1.4495632030554817,1.782710944386064,2.6719428966107044
2024-06-17,2.0471534467902046,1.4490121530086535,1.7659931352146772,2.6347736830784
2024-06-18,2.1813162016731784,1.517432899518101,1.849973787820327,2.8087642500223904
2024-06-20,1.983468667207081,1.4199834569187535,1.7311685908961358,2.5540065577001165
2024-06-21,1.9229284898211778,1.3958089608753148,1.7016963262389437,2.476052208027608
2024-06-24,1.8910981368992923,1.3831637332781814,1.6862799347773192,2.4350659643624257
2024-06-25,1.9680213105921456,1.415750642569143,1.726008167922589,2.5341158224714984
2024-06-26,1.9670372999368495,1.4153403599443355,1.7112895299931423,2.4933307674584237
2024-06-27,1.9670372999368495,1.4153403599443355,1.7147824674092258,2.50297483610237
2024-06-28,1.9485272402451137,1.4070745477046769,1.7052203650716573,2.4806730265775236
2024-07-01,1.9115988662080345,1.3916715736414584,1.6865536461702908,2.433659456791543
2024-07-02,1.9199634982324978,1.394869295066587,1.6904289345868502,2.444308482687492
2024-07-03,2.010232353698656,1.4443417821812183,1.7503841748235747,2.5592299014236013
2024-07-05,2.011968413354874,1.4450939540118193,1.7512957247664447,2.561440081642158
2024-07-08,2.057103534267108,1.4683984597542465,1.7795382353389952,2.6189016734976613
2024-07-09,2.115178625189508,1.4969046329351117,1.8140845975893578,2.692837161076019
2024-07-10,2.1141210358769134,1.4963895426172988,1.8290758209690692,2.7273943545394586
2024-07-11,2.1141210358769134,1.4963895426172988,1.7498250368261457,2.57691022892701
2024-07-12,2.1141210358769134,1.4963895426172988,1.7692893114144361,2.6231200403402806
2024-07-15,2.1141210358769134,1.4963895426172988,1.75102426795575,2.580527071294233
2024-07-16,2.1141210358769134,1.4963895426172988,1.6862365556249925,2.4380794300136315
2024-07-17,2.1141210358769134,1.4963895426172988,1.6908272452593465,2.448125085786433
2024-07-18,2.0870388550506203,1.4844664830045324,1.6778471796724723,2.4179883297510507
2024-07-19,2.085995335623095,1.484004815118742,1.6777953586026377,2.417988547746143
2024-07-22,2.1270706606490184,1.5026422834513353,1.6993365118413144,2.4668101439331287
2024-07-23,2.126007125318694,1.502163091469451,1.6657335168789689,2.394280598298321
2024-07-24,2.126007125318694,1.502163091469451,1.6027665851889847,2.2711209614596477
2024-07-25,2.126007125318694,1.502163091469451,1.62974532182337,2.3344083308067525
2024-07-26,2.126007125318694,1.502163091469451,1.6138694123610826,2.284180224160272
2024-07-29,2.084364957901976,1.4847539211755827,1.5955280154512075,2.2405820054692103
2024-07-30,2.11015783110127,1.494799759388144,1.6063233506769539,2.2683079789560496
2024-07-31,2.196694839581783,1.523167851506495,1.636807921267542,2.3613306827169773
2024-08-01,1.9393266467051924,1.4413884104791004,1.5489271031829959,2.084673497729636
2024-08-02,1.7206477430960279,1.3782357741910731,1.4810627931380236,1.8496052509022625
2024-08-05,1.9408220524443323,1.4514048693327803,1.5596908671230882,2.0862809797482194
2024-08-06,1.9398516414181102,1.4511037092199275,1.579190692030976,2.1660433665543706
2024-08-07,1.9398516414181102,1.4511037092199275,1.5484166651756481,2.0493128423501767
2024-08-08,2.008107983556727,1.4698535806368749,1.5687036463030357,2.1224453834827095
2024-08-09,2.007103929564949,1.4695837014291717,1.5722498109878829,2.1361072417110782
2024-08-12,2.12163378455977,1.5082465030104035,1.6138906109918243,2.2590663688547616
2024-08-13,2.1205729676674903,1.5078988127897375,1.6541400068874847,2.381421900032522
2024-08-14,2.1205729676674903,1.5078988127897375,1.6557600922088531,2.386043132891844
2024-08-15,2.1205729676674903,1.5078988127897375,1.6777627388352472,2.449933411594528
2024-08-16,2.1205729676674903,1.5078988127897375,1.694841411513476,2.4969467989688225
2024-08-19,2.1205729676674903,1.5078988127897375,1.7284999207017993,2.5797231111716337
2024-08-20,2.1205729676674903,1.5078988127897375,1.7203272902682678,2.5580251428490737
2024-08-21,2.1205729676674903,1.5078988127897375,1.7412956280680252,2.612271001239307
2024-08-22,2.1205729676674903,1.5078988127897375,1.7037125694699724,2.528691683779292
2024-08-23,2.1820210509797695,1.531572931962858,1.7308107171591018,2.603230215242274
2024-08-26,2.18093004045428,1.5311580216813816,1.6928733334673878,2.5124177374319716
2024-08-27,2.2333815817702556,1.5499555846424324,1.713989573818707,2.5740977931520312
2024-08-28,2.2322648909793705,1.5495599864744989,1.693227363958599,2.43828042102074
2024-08-29,2.197488349639255,1.5416239888646885,1.6847476717456646,2.401513495955987
2024-08-30,2.132775415915529,1.5201385344327423,1.6612675173162592,2.33079230932219
2024-09-03,1.9379004425492867,1.448079717169315,1.5825187916281556,2.1178242275392205
2024-09-04,1.9301790148086155,1.4452293893505443,1.5794038406471955,2.1093859061573053
2024-09-05,1.9292139253012113,1.4448749526488534,1.5976090457040268,2.1706643990266694
2024-09-06,1.8718227078421843,1.4238478163239743,1.5746774004250235,2.1071757247247227
2024-09-09,1.9241152397734689,1.4422344435851893,1.5950117409959306,2.1660432410810238
2024-09-10,1.9231531821535823,1.4419007755532725,1.6086923242412123,2.19778749458995
2024-09-11,2.0533437746889383,1.4925538886064498,1.6655652897218103,2.3476687416321838
2024-09-12,2.052317102801594,1.4921666264451297,1.680507218704749,2.392676911670046
2024-09-13,2.052317102801594,1.4921666264451297,1.6635927454412387,2.3466642188608695
2024-09-16,2.052317102801594,1.4921666264451297,1.6766710074857494,2.3743924750612724
2024-09-17,2.0116931183196036,1.474976355243221,1.657767944159636,2.328580461025999
2024-09-18,2.0370366357004377,1.4865129886650712,1.670734295113181,2.357916157832467
2024-09-19,2.032002626301212,1.484214687832585,1.6681511693345288,2.3520891776529806
2024-09-20,2.0309866249880617,1.4837507944421031,1.6625593446173963,2.3418415684750205
2024-09-23,2.029448504308123,1.4829740071207727,1.6622110157877936,2.341238949787706
2024-09-24,2.0284337800559693,1.4824614274717507,1.7239630903295098,2.4517502679274013
2024-09-25,2.0284337800559693,1.4824614274717507,1.7645780692482744,2.5477951758823645
2024-09-26,2.0284337800559693,1.4824614274717507,1.7364121852161691,2.4909318884391003
2024-09-27,2.0284337800559693,1.4824614274717507,1.6896750262643119,2.3772053182760766
2024-09-30,2.0284337800559693,1.4824614274717507,1.7198902626714727,2.4467270957802367
2024-10-01,2.0284337800559693,1.4824614274717507,1.6626837649833213,2.3396315470751166
2024-10-02,2.0284337800559693,1.4824614274717507,1.7000698024826217,2.429648202265689
2024-10-03,2.094855169300306,1.5131341594037586,1.735743612528535,2.510422246172873
2024-10-04,2.0956931995192805,1.5135122169966664,1.7361772892438345,2.511426520709609
2024-10-07,2.094645352919521,1.513011941253818,1.7882666770160531,2.6173168893214234
2024-10-08,2.094645352919521,1.513011941253818,1.820187428515523,2.6946754275953624
2024-10-09,2.094645352919521,1.513011941253818,1.7987399619437892,2.650470777287878
2024-10-10,2.1269441002865483,1.530780073377477,1.8205065677348717,2.692665406590862
2024-10-11,2.1659885418894596,1.5522889038835828,1.846086314872726,2.7420948284593787
2024-10-14,2.188208423700409,1.5665233453177039,1.8630148695159017,2.7702247201113597
2024-10-15,2.1264678189395227,1.5280846465837477,1.8173009849956048,2.692062444666866
2024-10-16,2.211540037248894,1.5642900872837613,1.8603589289343985,2.7997620401911343
2024-10-17,2.2009055610007016,1.5592641543598789,1.8543817516402525,2.78629902237752
2024-10-18,2.1923353763823323,1.5548008379083027,1.849073675676051,2.7754493532927187
2024-10-21,2.268201047200811,1.6036576238685152,1.9071774498666436,2.871493658045818
2024-10-22,2.2542340721639214,1.5959127007850566,1.8979666666945525,2.853811768563398
2024-10-23,2.2531069551278393,1.5952957743327472,1.8833710766260003,2.8294994074486555
2024-10-24,2.2531069551278393,1.5952957743327472,1.8843990664931534,2.8317093995547875
2024-10-25,2.285074257776389,1.6154176432932688,1.9088982276536177,2.8733018251813434
2024-10-28,2.241769846427354,1.5899084447824705,1.8787546520722243,2.8188499211593423
2024-10-29,2.2406489615041405,1.5892472426180062,1.869131619498134,2.8037798558236617
2024-10-30,2.2083777419756814,1.5698684760642558,1.8470372089400555,2.764799964941064
2024-10-31,2.1618349951121503,1.5420526516249726,1.814310350913385,2.706530320916564
2024-11-01,2.202118539551443,1.56587633448618,1.842340233269489,2.7569636956678503
2024-11-04,2.2010174802816675,1.5652269691296843,1.845185305607825,2.761785508889177
2024-11-05,2.2010174802816675,1.5652269691296843,1.9077533408300913,2.8724984521841765
2024-11-06,2.2010174802816675,1.5652269691296843,1.9520212646241895,2.94141781873928
2024-11-07,2.2010174802816675,1.5652269691296843,1.9785790419908746,2.9892386295550035
2024-11-08,2.2010174802816675,1.5652269691296843,1.9772245129875297,2.9874301308539066
2024-11-11,2.1717903030583954,1.5461426299067509,1.9539436839482407,2.949253942949987
2024-11-12,2.1707044079068663,1.5454327972382937,1.979401314471316,2.995266432966313
2024-11-13,2.148796223396303,1.531818171705843,1.9627926653624168,2.9665338563796118
2024-11-14,2.1477218252846053,1.53114963216954,1.9261690506822553,2.910876006371053
2024-11-15,2.0670366794610575,1.4795706866975813,1.8620557232563433,2.8029762884674945
2024-11-18,2.0940046069258726,1.495096023228548,1.8815945273181436,2.8395457707529745
2024-11-19,2.1842428313930737,1.5468051211169744,1.9466709866811476,2.9619120577222606
2024-11-20,2.1831507099773773,1.5461843631344943,1.9521672939587316,3.000892814932566
2024-11-21,2.1831507099773773,1.5461843631344943,1.9301911694231504,2.9321744781752277
2024-11-22,2.1831507099773773,1.5461843631344943,1.9026407152893108,2.8530079120272425
2024-11-25,2.1160990471684,1.5150608213795895,1.8648441616881788,2.7668092586204014
2024-11-26,2.0747605243022993,1.49361854189279,1.8384514854668816,2.7127589494174047
2024-11-27,2.101960837637032,1.5074567091420656,1.8554844817922553,2.7483234844861286
2024-11-29,2.1009098572182134,1.5069236074599104,1.8725299962513964,2.7895144387117887
2024-12-02,2.091233695687185,1.5013643854340806,1.8661987354210363,2.77806152795083
2024-12-03,2.0901880788393417,1.5007630965078265,1.9098525609614916,2.8532088879928046
2024-12-04,2.135068385478775,1.5320401054760509,1.9504822188141921,2.9158993045768935
2024-12-05,2.127564679024703,1.5278234592821047,1.945113891056371,2.9056513647076176
2024-12-06,2.044727383960386,1.4716877836146964,1.8736460248829996,2.7925190581670436
2024-12-09,2.0453164900345158,1.4719492027677206,1.873978844766636,2.7933236103788412
2024-12-10,2.021038828095784,1.4563754993550209,1.8541515364089882,2.7601671934484173
2024-12-11,2.020028308681736,1.4557284480261108,1.8515519245677767,2.754541201294273
2024-12-12,2.020028308681736,1.4557284480261108,1.8688497893555385,2.7919168073881844
2024-12-13,2.020028308681736,1.4557284480261108,1.817591657047576,2.696267092335597
2024-12-16,1.9423903263360065,1.420542025302444,1.7740755740875351,2.5939866103745235
2024-12-17,2.0141638511992093,1.4571681079528291,1.8198168738500153,2.6898373567205103
2024-12-18,1.9825653620417212,1.4419479101748183,1.8008087905763077,2.6476388054451836
2024-12-19,1.9532241438695401,1.429747475607719,1.7855720059031224,2.60845475163336
2024-12-20,1.9522475317976056,1.4293411004438015,1.841356799750161,2.7384653571288196
2024-12-23,2.004561638786247,1.4517082425655625,1.87066905092585,2.813216867077118
2024-12-24,2.0002659844867914,1.4495921262743605,1.8679422266659587,2.807188313553726
2024-12-26,1.9838002602577152,1.4410188656153489,1.8568947359167223,2.7840801924395633
2024-12-27,1.930535962897614,1.4111534555302188,1.8184102135441502,2.7093286772717993
2024-12-30,1.9763547361072433,1.4351794900736181,1.8493701254045272,2.7736310878976744
2024-12-31,1.947288369279387,1.4213414392132067,1.8315384339456695,2.732839130273319
2025-01-02,2.0047045766607123,1.4552377937791388,1.8752172252940176,2.8134174671642436
2025-01-03,2.127556142633943,1.5209895073340656,1.9599447841698765,2.9858282780146372
2025-01-06,2.126492364562626,1.5204283397266725,2.004496150652801,3.0750467302456843
2025-01-07,1.980216786979794,1.4448542780929001,1.9055467535534416,2.865060222743477
2025-01-08,1.908969409698555,1.4117766797133835,1.8619223471595812,2.761976546266515
2025-01-10,1.805361600599419,1.3651411346142923,1.80041703627033,2.612072447600492
2025-01-13,1.8895251870405816,1.403192005018164,1.8506004448447126,2.7338438340979176
2025-01-14,1.8561928654351976,1.385648316313646,1.8274629426321212,2.685617241236369
2025-01-15,1.925496315266217,1.4166330530886475,1.8683271775010135,2.7858883624162836
2025-01-16,1.8984137370779581,1.4041279669465179,1.8518348386801784,2.746704158945882
2025-01-17,1.8974645302094193,1.4036880098934297,1.8766519112514144,2.796337710378537
2025-01-21,1.9715090551946135,1.446230260423828,1.9342274637113575,2.906857021772456
2025-01-22,1.9768241132745275,1.448805801299588,1.937672061734321,2.9146937161361044
2025-01-23,2.022071070113446,1.4738361473279207,1.971148323460453,2.981407299750897
2025-01-24,1.7008456468895066,1.2787310076841973,1.7102094330658237,2.507782096452927
2025-01-27,1.6600960680636154,1.2570738904539693,1.6812446187635375,2.447699593137912
2025-01-28,1.6592660200295837,1.2566312624539757,1.7121247181412982,2.5419425894431287
2025-01-29,1.6138393602443921,1.2421240519698633,1.692670147113056,2.473621367677654
2025-01-30,1.622754133530394,1.245292709470871,1.6969881473561685,2.4872855366349143
2025-01-31,1.504370933604446,1.2057354085158778,1.643082531149239,2.3058330202788033
2025-02-03,1.5333440002658698,1.2150507873323526,1.655776805611351,2.35024165136461
2025-02-04,1.59627197843607,1.2376748371681068,1.6866071028775924,2.446694864281035
2025-02-05,1.595473842446852,1.2373936742032718,1.7267434401740547,2.560428624634584
2025-02-06,1.595473842446852,1.2373936742032718,1.7405863833461959,2.5965992918250156
2025-02-07,1.6054177792532836,1.241969732780984,1.7475189555062247,2.614081134304783
2025-02-10,1.636146579343035,1.2549754479053639,1.765818703970204,2.664116444510332
2025-02-11,1.604553976105313,1.2399912653127452,1.744735144184303,2.6126746147420596
2025-02-12,1.6037516991172605,1.2396089873908946,1.7582677961668982,2.6436202055701306
2025-02-13,1.662925610407047,1.2710188181165547,1.803396843479929,2.742484139939658
2025-02-14,1.7212889434832566,1.298873726337038,1.8429190384657441,2.8387365004263914
2025-02-18,1.6998446609274538,1.2872910332082423,1.8264848268476817,2.803370754398054
2025-02-19,1.7061802929688603,1.290178638268039,1.830581932079979,2.813819430082228
2025-02-20,1.705327202822376,1.2897819700991808,1.8306389469349784,2.814020712128535
2025-02-21,1.705327202822376,1.2897819700991808,1.8012104539239648,2.7440919023837975
2025-02-24,1.6223051746374837,1.2535717176281782,1.7510981408433313,2.611870773438939
2025-02-25,1.6224302167071991,1.2535877583657453,1.7511205479424519,2.6120720880451214
2025-02-26,1.6216190015988456,1.2532606822554708,1.7665458665894633,2.7127448540963504
2025-02-27,1.4168446159580452,1.1996037223156817,1.6911183674519397,2.371541932169963
2025-02-28,1.4161361936500663,1.1994003622609777,1.7293085455714539,2.4818602939074403
2025-03-03,1.2679783924123624,1.1366223273883884,1.6392156267192108,2.2234461387785003
2025-03-04,1.3473918330927168,1.1689881634522128,1.6858930348337924,2.362700489723643
2025-03-05,1.3467181371761705,1.168722205070552,1.6606376285920434,2.281317934468993
2025-03-06,1.3467181371761705,1.168722205070552,1.6426231276901042,2.23550278906514
2025-03-07,1.3467181371761705,1.168722205070552,1.6321724025126447,2.20837515678665
2025-03-10,1.3467181371761705,1.168722205070552,1.6112842859360816,2.149900262037287
2025-03-11,1.3467181371761705,1.168722205070552,1.663139585851716,2.293384808226416
2025-03-12,1.3467181371761705,1.168722205070552,1.6822025132677716,2.3518645611252254
2025-03-13,1.3467181371761705,1.168722205070552,1.6945886288077276,2.3836166856066456
2025-03-14,1.3467181371761705,1.168722205070552,1.726821981852944,2.4666142193094784
2025-03-17,1.2940369579500393,1.1396968479117513,1.6844078441194326,2.3713580367612335
2025-03-18,1.2933899394710644,1.1393350659996049,1.6782611337538045,2.3566875686871427
2025-03-19,1.2933899394710644,1.1393350659996049,1.6718042660708148,2.34221855057497
2025-03-20,1.2933899394710644,1.1393350659996049,1.6750014406345763,2.3500559753009207
2025-03-21,1.2933899394710644,1.1393350659996049,1.702069040715682,2.4091389019435
2025-03-24,1.2933899394710644,1.1393350659996049,1.7086140541937394,2.4226034469428734
2025-03-25,1.2732163306309212,1.1266761066343944,1.6902214051575186,2.386028267712739
2025-03-26,1.272579722465606,1.1262748137000156,1.6111823742855724,2.2377177759432545
2025-03-27,1.272579722465606,1.1262748137000156,1.612398886032278,2.2405313440790158
2025-03-28,1.272579722465606,1.1262748137000156,1.5523708963142873,2.1127192522176403
2025-03-31,1.272579722465606,1.1262748137000156,1.5850608959184025,2.1808456366329487
2025-04-01,1.2575194888138066,1.119600418533527,1.5759438488557587,2.1561270321138157
2025-04-02,1.2568907290693998,1.1193200986595295,1.5431925578015477,2.080163486888931
2025-04-03,1.2568907290693998,1.1193200986595295,1.5049976535020104,1.9877206490301502
2025-04-04,1.2568907290693998,1.1193200986595295,1.40484781528111,1.7576182965146685
2025-04-07,1.49122882551656,1.2124679607728122,1.521980117543681,2.0861921998823743
2025-04-08,1.4904832111038018,1.2121973696839696,1.4969633591360734,1.9873186405506855
2025-04-09,1.647693865465083,1.2570389147765852,1.5525977429572795,2.1979273170531886
2025-04-10,1.6345870979198074,1.2538368976234304,1.5486428577532823,2.1804436551728936
2025-04-11,1.6337698043708475,1.2536374243619008,1.5723374961473886,2.293183730368206
2025-04-14,1.6337698043708475,1.2536374243619008,1.5541171732473047,2.230081390527252
2025-04-15,1.6337698043708475,1.2536374243619008,1.515925077361516,2.101063600915979
2025-04-16,1.6337698043708475,1.2536374243619008,1.515143375108065,2.0990538293795016
2025-04-17,1.6337698043708475,1.2536374243619008,1.4809752102864635,1.9849070756743026
2025-04-21,1.6337698043708475,1.2536374243619008,1.4809670560795056,1.9851079031757488
2025-04-22,1.7278894432185565,1.2896704436628443,1.5238785931804468,2.10046028824968
2025-04-23,1.7270254984969473,1.2893487162474135,1.5150049533534675,2.079560411541345
2025-04-24,1.7270254984969473,1.2893487162474135,1.544946512820121,2.1472847119689895
2025-04-25,1.7270254984969473,1.2893487162474135,1.5720029043761707,2.204358187668513
2025-04-28,1.6943578947166935,1.2765776739902572,1.5567366701447816,2.1637637618615018
2025-04-29,1.6935107157693352,1.2762434368790234,1.531370408428877,2.0994556632955694
2025-04-30,1.6935107157693352,1.2762434368790234,1.6118912121851783,2.2724845721603057
2025-05-01,1.6935107157693352,1.2762434368790234,1.621366795734124,2.2945904052250228
2025-05-02,1.6935107157693352,1.2762434368790234,1.61084017592175,2.269068349251838
2025-05-05,1.6935107157693352,1.2762434368790234,1.5961346934799694,2.2403306486994343
2025-05-06,1.7165140342433218,1.2897675824885189,1.6136197447034346,2.271881704669583
2025-05-07,1.7954689843824831,1.3279246236825855,1.6613577681319744,2.376382048468597
2025-05-08,1.794571249890292,1.3274965997871375,1.6535772747898243,2.3582956359772274
2025-05-09,1.794571249890292,1.3274965997871375,1.7004627755210169,2.451140345471886
2025-05-12,1.794571249890292,1.3274965997871375,1.7301377123324395,2.5116304030959347
2025-05-13,1.794571249890292,1.3274965997871375,1.8161154345411084,2.676821165050735
2025-05-14,1.794571249890292,1.3274965997871375,1.8255641519131798,2.6987259862863047
2025-05-15,1.794571249890292,1.3274965997871375,1.8452881824281733,2.7375122179885905
2025-05-16,1.7432170769290996,1.299610843556297,1.8071828799217373,2.660543222985971
2025-05-19,1.768234401826031,1.314423299988246,1.8277804440357406,2.6987253146443564
2025-05-20,1.7673502846251181,1.3138999227093329,1.8127732290298064,2.674007515549215
2025-05-21,1.755442190902253,1.3052310576773283,1.801620723785932,2.657327529473217
2025-05-22,1.7258375181732983,1.2906250533251569,1.781459940775293,2.6125130022552843
2025-05-23,1.7249745994142118,1.290203083626162,1.8298449915333583,2.6959123571010473
2025-05-27,1.7482863000291726,1.3039527001135858,1.8500072147045952,2.7336934884546147
2025-05-28,1.747412156879158,1.303438569932668,1.870078403125488,2.8586922463945603
2025-05-29,1.747412156879158,1.303438569932668,1.843401157464462,2.787752701265273
2025-05-30,1.747412156879158,1.303438569932668,1.809468940476431,2.7228412504384862
2025-06-02,1.747412156879158,1.303438569932668,1.841097153913194,2.7889581172556754
2025-06-03,1.747412156879158,1.303438569932668,1.8849023075047378,2.8574865416576296
2025-06-04,1.747412156879158,1.303438569932668,1.8845583865369393,2.8570844746471016
2025-06-05,1.747412156879158,1.303438569932668,1.888502150318098,2.8639171925704106
2025-06-06,1.7548764959001941,1.3076819782751636,1.8952562419133396,2.8775828126811605
2025-06-09,1.7539990576522442,1.30718366736337,1.888412703776275,2.8675344609626294
2025-06-10,1.776847088400271,1.3232193738440108,1.912412753970235,2.9063214498207195
2025-06-11,1.775958664856071,1.3225963080321697,1.8774438301057472,2.8532633259583693
2025-06-12,1.775958664856071,1.3225963080321697,1.8841761104654733,2.8635130840862044
2025-06-13,1.775958664856071,1.3225963080321697,1.8956797919872634,2.880998271763411
2025-06-16,1.7891938386023016,1.3324528391999981,1.9107550166645937,2.9039091538783186
2025-06-17,1.7882992416830006,1.3317866127803981,1.904407698367234,2.8942626866203356
2025-06-18,1.7882992416830006,1.3317866127803981,1.9234502167926961,2.9232029448357104
2025-06-20,1.7882992416830006,1.3317866127803981,1.8844391231583084,2.8639150346014346
2025-06-23,1.825806436529904,1.359719063242683,1.9249049435367778,2.925413795662576
2025-06-24,1.8248935333116392,1.3590392037110617,1.9739667034903396,2.9999764123203754
2025-06-25,1.8248935333116392,1.3590392037110617,2.0627005021083566,3.1348314239874657
2025-06-26,1.8248935333116392,1.3590392037110617,2.0634936530637655,3.13603683143098
2025-06-27,1.8248935333116392,1.3590392037110617,2.094702712791184,3.1834674405022496
2025-06-30,1.7996723982387492,1.3402564579231757,2.0668000026275615,3.141061724041749
2025-07-01,1.7615579668463166,1.311871784766122,2.023028198948669,3.074538627006117
2025-07-02,1.823623410453946,1.3533774238994263,2.0870337514402424,3.1828646698416825
2025-07-03,1.8216656505821738,1.3518564237764867,2.0846882279103953,3.179447689837929
2025-07-07,1.8346779876564596,1.361512867293768,2.099579361147549,3.2021587976842065
2025-07-08,1.856441024422166,1.3776631970994608,2.124484670491528,3.2401429562736106
2025-07-09,1.8921377364950087,1.4041536946877256,2.1653354794254174,3.302446282187747
2025-07-10,1.885228597641108,1.3990264290232364,2.157428759315104,3.290387403237714
2025-07-11,1.904228156579567,1.4131259844447634,2.179171583988686,3.3235483204211262
2025-07-14,1.9712452706671912,1.4628593239043746,2.255865014949713,3.440516770969341
2025-07-15,1.9697483432854135,1.4617484554547573,2.2541519525719758,3.4379041058491926
2025-07-16,1.9808028347429136,1.469951983519102,2.266802555167255,3.45719808403649
2025-07-17,1.9994569036237828,1.4837951510828713,2.2881500059391073,3.489755999475255
2025-07-18,1.9892087543903323,1.476190008850194,2.276422169901789,3.4718693722585674
2025-07-21,1.9729723746635992,1.4641410062105253,2.257841488167253,3.443531175291964
2025-07-22,1.9521303718552987,1.4486741748675924,2.2339901969675457,3.407154545113276
2025-07-23,1.985639031702419,1.4715616574192458,2.2692848219016395,3.4656389498153373
2025-07-24,1.984646212186568,1.4708827832915496,2.2845939724028432,3.4891530174880563
2025-07-25,1.9883409098535516,1.473621038177717,2.289989361939249,3.4973931423894076
2025-07-28,2.0333589718708613,1.5069853183964361,2.3418370519424454,3.576577682929086
2025-07-29,2.0167915458289594,1.4947066857722155,2.3227562045874186,3.5474364014019364
2025-07-30,2.0898031770712957,1.5488178672588473,2.4068443295232456,3.6758602431869036
2025-07-31,2.08875827548276,1.548043458325218,2.290910456704732,3.498799887141079
2025-08-01,2.100551974407255,1.5562861120785354,2.3041234769112546,3.520304465532219
2025-08-04,2.1540370446622448,1.591200950858044,2.3558158354692793,3.609939825167191
2025-08-05,2.114582636316739,1.5632882140750541,2.3144902773810982,3.5438183811011332
2025-08-06,2.1774218521080457,1.6061194821193114,2.377903122539015,3.6491303060884235
2025-08-07,2.1771820348518047,1.6058803709371043,2.3775491119979972,3.64872839755755
2025-08-08,2.1831782017495174,1.6097387740881977,2.3832615817134464,3.658777343436193
2025-08-11,2.194091020044026,1.6176982810262384,2.395045845968098,3.6770660806070694
2025-08-12,2.1900135900768536,1.614692001255417,2.3905949678523366,3.6702327362784284
2025-08-13,2.1555960538715886,1.5909615617206467,2.3554614134081215,3.612552560842541
2025-08-14,2.1811395298824894,1.6083707736078854,2.3812362201821378,3.6553607435306956
2025-08-15,2.1800489601175483,1.6076278477205854,2.3643873551508108,3.6296358064343814
2025-08-18,2.1800489601175483,1.6076278477205854,2.388124188698528,3.666414159384849
2025-08-19,2.0922016767774854,1.5428468535192117,2.293075867613999,3.520505490298543
2025-08-20,2.088379500625865,1.5400282760777642,2.288886720844673,3.5140739917121384
2025-08-21,2.0873353108755524,1.5392582619397253,2.2650932245282482,3.4690550247390544
2025-08-22,2.0873353108755524,1.5392582619397253,2.340195177704828,3.584416182591035
2025-08-25,2.0873353108755524,1.5392582619397253,2.3585661056310223,3.6187827586367147
2025-08-26,2.0873353108755524,1.5392582619397253,2.3789222088955477,3.6573701308271733
2025-08-27,2.0873353108755524,1.5392582619397253,2.3745383018829185,3.6340570086997723
2025-08-28,2.0873353108755524,1.5392582619397253,2.3526045143154866,3.579592133596519
2025-08-29,2.0873353108755524,1.5392582619397253,2.2745560944888417,3.4166004650499175
2025-09-02,2.0873353108755524,1.5392582619397253,2.2872817885085452,3.4379043401400184
2025-09-03,2.0873353108755524,1.5392582619397253,2.281787228392279,3.428056604129922
2025-09-04,2.0873353108755524,1.5392582619397253,2.250790148937969,3.377007818533739
2025-09-05,2.0873353108755524,1.5392582619397253,2.2442588712154747,3.367361590857477
2025-09-08,2.1054766246248144,1.550935770762646,2.2621217070474935,3.398311467078564
2025-09-09,2.199488086213997,1.6165124078348163,2.3577686944937803,3.5500491896535014
2025-09-10,2.19838834217089,1.6157463555192384,2.395938642748546,3.6113489889792367
2025-09-11,2.17392055427301,1.5985482929713746,2.371559689630813,3.5729607999089703
2025-09-12,2.1728335939958736,1.5977839085808243,2.343542699777539,3.530752938837702
2025-09-15,2.1881978374827558,1.6090819394464613,2.3612837902061576,3.5574844921897992
2025-09-16,2.1871037385640144,1.6082773984767382,2.303610087611493,3.469853796559941
2025-09-17,2.2029862299198983,1.6199565207006987,2.32148050987062,3.496786395593438
2025-09-18,2.2018847368049386,1.6191465424403484,2.344677215211577,3.5327628867821907
2025-09-19,2.2018847368049386,1.6191465424403484,2.3383758693750805,3.523317050820289
2025-09-22,2.2845633432626027,1.679943902784453,2.427348771565356,3.657375799652545
2025-09-23,2.2834210615909716,1.6791039308330609,2.4029770623277567,3.6131580101201797
2025-09-24,2.2834210615909716,1.6791039308330609,2.344637565455291,3.5068355212758786
2025-09-25,2.2834210615909716,1.6791039308330609,2.390550205118779,3.581000176592665
2025-09-26,2.2834210615909716,1.6791039308330609,2.4134119948204895,3.6264230994761046
2025-09-29,2.2834210615909716,1.6791039308330609,2.4309834521417995,3.659586245957574
2025-09-30,2.2834210615909716,1.6791039308330609,2.469294719555168,3.7230988911057383
2025-10-01,2.33602420869761,1.7133565233240236,2.5207280802570993,3.810729430754501
2025-10-02,2.3348561965932615,1.7125979319656366,2.5157160300588517,3.8024885681636835
2025-10-03,2.3348561965932615,1.7125979319656366,2.466540062631004,3.728324686388567
2025-10-06,2.3428768428700626,1.7180520002405606,2.4754485949350267,3.7429963070918184
2025-10-07,2.3471542849476745,1.7210413761980567,2.479755825747994,3.7498299782465883
2025-10-08,2.418360076379484,1.7679170122821053,2.5472964051161946,3.8635888449082767
2025-10-09,2.4171508963412944,1.767122457677988,2.5641294489508493,3.889315594732341
2025-10-10,2.4171508963412944,1.767122457677988,2.4936803489148605,3.7779685363984985
2025-10-13,2.3747927024454714,1.7456246358707403,2.463879097971903,3.713652335032937
2025-10-14,2.3751782016733047,1.7457187859954681,2.4640119870934365,3.7142551708535634
2025-10-15,2.3421465102209242,1.7222992214721244,2.430956211913059,3.66260088626447
2025-10-16,2.3157986140075,1.7076726530399748,2.4103113977333757,3.6213985841875647
2025-10-17,2.3146407147004964,1.707036269918609,2.4443746524599557,3.680690285900228
2025-10-20,2.3146407147004964,1.707036269918609,2.439942616859938,3.6738565221362864
2025-10-21,2.3146407147004964,1.707036269918609,2.4186835882068607,3.640693392511289
2025-10-22,2.3146407147004964,1.707036269918609,2.4090270161566463,3.6262223919752
2025-10-23,2.357359208756818,1.732611487642524,2.445870736867848,3.6949602568552753
2025-10-24,2.4362201118540128,1.7904096148505309,2.5274624549143323,3.8185680217141225
2025-10-27,2.435002001798086,1.7895144100431057,2.5679954831510057,3.880070042579693
2025-10-28,2.622101587999169,1.9270163116319752,2.766592625233481,4.180145150533904
2025-10-29,2.586422225490789,1.9075560344522124,2.738653754656441,4.123265236023287
2025-10-30,2.585129014378044,1.9068575622834296,2.7519884239666608,4.149393823971811
2025-10-31,2.585129014378044,1.9068575622834296,2.7707237354476226,4.1821548241578475
2025-11-03,2.585129014378044,1.9068575622834296,2.714051673441851,4.080052700695954
2025-11-04,2.585129014378044,1.9068575622834296,2.6698214077157356,3.995035218243048
2025-11-05,2.5532733868049364,1.8868336672314272,2.6428278542236767,3.9478033344002585
2025-11-06,2.403523876667224,1.805038808937934,2.5282603999829902,3.7162646286346974
2025-11-07,2.5362445134968348,1.8717666218815567,2.621723923430499,3.9214737438541682
2025-11-10,2.5368943902798784,1.8720050774891528,2.622057920609315,3.922478566034319
2025-11-11,2.5441736747278676,1.8757693259879742,2.6273303836545083,3.933733601850041
2025-11-12,2.542901587890504,1.875094399116635,2.577533683835442,3.83987261422203
2025-11-13,2.4326199832129096,1.8116909157882362,2.4913661883799607,3.675263371550867
2025-11-14,2.47399305168156,1.8333371162961085,2.5211331931058982,3.7377708425742147
2025-11-17,2.4395376976019825,1.8162239344427862,2.497599817587252,3.6857148282043766
2025-11-18,2.4383179287531815,1.8156164475707381,2.5123334027681583,3.714053956509057
2025-11-19,2.4383179287531815,1.8156164475707381,2.5489194593533435,3.9383564377648588
2025-11-20,2.4383179287531815,1.8156164475707381,2.459430986876505,3.6427036131208874
2025-11-21,2.4383179287531815,1.8156164475707381,2.444256495050274,3.607530697696155
2025-11-24,2.4383179287531815,1.8156164475707381,2.4093389373051464,3.515478267294304
2025-11-25,2.4383179287531815,1.8156164475707381,2.4674848332705004,3.650541864846635
2025-11-26,2.4383179287531815,1.8156164475707381,2.447440033664051,3.597882957363068
2025-11-28,2.4383179287531815,1.8156164475707381,2.4091043500105,3.51246324607386
2025-12-01,2.534765480143908,1.8763980103493212,2.4905464091918317,3.6531547967703104
2025-12-02,2.5252827591272125,1.8710987805013846,2.483512732010089,3.639488109244406
2025-12-03,2.53295394749131,1.8751871399944826,2.488939218820915,3.6505439796153567
2025-12-04,2.5646125726499673,1.8963384405060593,2.5170133775272747,3.6961710245090473
2025-12-05,2.547179596415805,1.885430122083076,2.5025347471253885,3.671046269871708
2025-12-08,2.545906006617597,1.884637131365845,2.5372609356934754,3.7297377226070587
2025-12-09,2.536538428132753,1.879073097460829,2.5307037896306075,3.7178791426239863
2025-12-10,2.472223073407285,1.8312424685030144,2.4662863094764167,3.6236102314053604
2025-12-11,2.483605041074232,1.83931562592291,2.4771591010162575,3.640293116916428
2025-12-12,2.440133946476035,1.811342370816441,2.439485195300772,3.5765762521841067
2025-12-15,2.4170957602347607,1.798182700432052,2.4217619743377,3.542808503523041
2025-12-16,2.41490172862136,1.7964945142820647,2.4194883538526066,3.539592646714704
2025-12-17,2.3933719673939184,1.7819444678544225,2.3998925980070824,3.5080358410596424
2025-12-18,2.4227185069383537,1.8012180397336912,2.425849917847643,3.551049929105911
2025-12-19,2.522139320519512,1.8639482841074215,2.5103339474341304,3.6967739461586304
2025-12-22,2.5091118933398837,1.8546814890776377,2.4978535849983667,3.677679262137286
2025-12-23,2.577266555850695,1.9050159000848272,2.565643116367236,3.777575559946601
2025-12-24,2.5759779225727697,1.904063392134785,2.592672976575267,3.8173735110565
2025-12-26,2.544714651314914,1.8809547894566183,2.5625034228323873,3.7729527698604417
2025-12-29,2.5518996392950566,1.8862656550762484,2.5697386373121764,3.7836056814892896
2025-12-30,2.569929954372165,1.8995929676227354,2.5878949929082595,3.8103385519808715
2025-12-31,2.573590208348249,1.9022984859972163,2.5915808338088513,3.8157654729797836
2026-01-02,2.5996189752928824,1.9215379452516594,2.6177915542734285,3.8543573474318213
2026-01-05,2.5828087551979366,1.9091124797940413,2.6008638227065095,3.829433465912761
2026-01-06,2.556373393778185,1.8918673081178965,2.577370003665692,3.790238749114405
2026-01-07,2.563693734842416,1.8969120742001409,2.584242699610114,3.8010923436737567
2026-01-08,2.5090606404435185,1.860894963429706,2.5351750823834207,3.7200899080050442
2026-01-09,2.483845354345307,1.8445539916070375,2.512913092641449,3.6827041510291445
2026-01-12,2.507976156962956,1.8623568371890638,2.537166654181478,3.7184819851089577
2026-01-13,2.498757645719743,1.8556307129438945,2.5280033736511567,3.7048140449683613
2026-01-14,2.5283108330502917,1.8758530144391832,2.555553061229876,3.7486314450605023
2026-01-15,2.5632870672354957,1.9017317770775972,2.5908087825323323,3.800489392897665
2026-01-16,2.562005423701878,1.9007809111890586,2.4924271135059155,3.6561721078431475
2026-01-20,2.562005423701878,1.9007809111890586,2.453376062568718,3.5988876390436935
2026-01-21,2.642284908210421,1.9603411721870434,2.5314783745883513,3.7134568849072465
2026-01-22,2.6409637657563163,1.95936100160095,2.564408742944579,3.768731609836459
2026-01-23,2.6409637657563163,1.95936100160095,2.5596023496523403,3.761897841363882
2026-01-26,2.6409637657563163,1.95936100160095,2.5606963809149907,3.7635057605963005
2026-01-27,2.6409637657563163,1.95936100160095,2.6158104779246325,3.8445080313581834
2026-01-28,2.6409637657563163,1.95936100160095,2.616767586904463,3.84591531429576
2026-01-29,2.6378490788533138,1.9570501800254811,2.6149895839663886,3.8433024951979156
2026-01-30,2.636530154313887,1.9560716549354684,2.5688801318092,3.762701523962022
2026-02-02,2.636530154313887,1.9560716549354684,2.5571014794742433,3.7434056944990517
2026-02-03,2.539230214985005,1.8955155587898491,2.4789471023764182,3.607128722519961
2026-02-04,2.4751336780988895,1.862929771499468,2.436331549785694,3.5160757499097826
2026-02-05,2.5000365595231884,1.8760159894205015,2.4534456493487298,3.5514517856583283
2026-02-06,2.6071465848838087,1.9358892191078954,2.531747601846677,3.703607996886469
2026-02-09,2.707889510147741,1.980450702790235,2.590024918716845,3.8467193607815924
2026-02-10,2.7230293537454293,1.9871926401927287,2.5988419954803748,3.868226416098356
2026-02-11,2.731235783988489,1.9917749842222883,2.604834765310985,3.879884142154232
2026-02-12,2.65270703501053,1.9463462255574142,2.5454232299455124,3.7683293471969623
2026-02-13,2.57163182094784,1.9008241407828326,2.4858896430948048,3.653157145951038
2026-02-17,2.670676684156412,1.9616680706527654,2.5654610731201837,3.7938563109142316
2026-02-18,2.6467645293262407,1.948954389072798,2.5488341749831314,3.75988766167706
2026-02-19,2.645441147061578,1.9482552457497788,2.5428090854151937,3.750039133973238
2026-02-20,2.7126042022807058,1.9954467785856955,2.6055118579199283,3.8471209910496103
2026-02-23,2.7138800794811386,1.9962759129076486,2.6065944822879854,3.8489304898167584
2026-02-24,2.755830289313991,2.022994148514456,2.6414812457152594,3.90842591221978
2026-02-25,2.7532792468481673,2.021902635850576,2.640056026451419,3.9048079243795053
2026-02-26,2.7519026072247432,2.02165142006506,2.537905690231646,3.643107408096952
2026-02-27,2.7519026072247432,2.02165142006506,2.4663043915702523,3.5176840026954705
2026-03-02,2.7519026072247432,2.02165142006506,2.50557257148624,3.58763134840342
2026-03-03,2.7519026072247432,2.02165142006506,2.5259250101763513,3.626826539805193
2026-03-04,2.7519026072247432,2.02165142006506,2.5346310078006105,3.641499048520003
2026-03-05,2.7519026072247432,2.02165142006506,2.518815971693463,3.6147665916457226
2026-03-06,2.7519026072247432,2.02165142006506,2.4865818010065746,3.554265679169448
2026-03-09,2.7519026072247432,2.02165142006506,2.54666826427138,3.666221777610304
2026-03-10,2.7519026072247432,2.02165142006506,2.5853417336299,3.736975015833576
2026-03-11,2.7519026072247432,2.02165142006506,2.563036708447111,3.6995874911572058
2026-03-12,2.7519026072247432,2.02165142006506,2.5742741120840176,3.7170749646035897
2026-03-13,2.7519026072247432,2.02165142006506,2.5473257789603543,3.6778783705319857
2026-03-16,2.7819604002729097,2.0416663402857207,2.5735928279726092,3.7198891190783634
2026-03-17,2.743175958027668,2.0196518159367165,2.545842739303421,3.668028630811368
2026-03-18,2.67597955204276,1.9699449461426697,2.483185467114164,3.5781771794967088
2026-03-19,2.6746415622667388,1.9689599736695984,2.4830458671792033,3.577976021223132
2026-03-20,2.6621849593127163,1.9606211885623146,2.4735463046854154,3.563101308458221
2026-03-23,2.6256900901998645,1.9370707253648938,2.4438347206448867,3.5142561238165104
2026-03-24,2.624377245154765,1.9362232920139293,2.4754128716810073,3.559885491309567
2026-03-25,2.6078019081353,1.923994275141709,2.4610160870442757,3.539181508819969
2026-03-26,2.5178978036231663,1.861951562423123,2.3816561242538143,3.417168044812697
2026-03-27,2.4998283423046823,1.8485283815869762,2.364486289393142,3.392645053563548
2026-03-30,2.4730202785369877,1.8287048337491716,2.3391296286372074,3.3562624574476745
2026-03-31,2.606765029407683,1.9219140139635,2.458355187118028,3.537774307602644
2026-04-01,2.6054616468929797,1.9210078375368884,2.408973605062554,3.460988111174185
2026-04-02,2.6054616468929797,1.9210078375368884,2.4785588580061293,3.5610913684612577
2026-04-06,2.6054616468929797,1.9210078375368884,2.4596359633680147,3.5323467189232516
2026-04-07,2.7341876238222667,2.0159175480178084,2.582316049882587,3.708632744758222
2026-04-08,2.732820530010356,2.0149095892438,2.545669777035087,3.6551638860747424
2026-04-09,2.768575151510583,2.0404167373230346,2.579106904773804,3.7048134891980022
2026-04-10,2.7944117164456674,2.0594249908191364,2.60313352489642,3.739387105245165
2026-04-13,2.8666641371400057,2.11226077914317,2.669918483083179,3.8360728472484267
2026-04-14,2.952285644109427,2.1753417393454413,2.749653439693507,3.95064864766067
2026-04-15,2.9508095012873725,2.1742540684757685,2.7621046458251053,3.9685382987546736
2026-04-16,2.9508095012873725,2.1742540684757685,2.796660636580711,4.01818767499113
2026-04-17,2.9508095012873725,2.1742540684757685,2.7977798427631577,4.019795728692483
2026-04-20,2.9810588754983267,2.1965428081989935,2.8278593674007704,4.063013405369986
2026-04-21,2.9795683460605775,2.195444536794894,2.8119103429537526,4.0400981568686545
2026-04-22,2.99987043388076,2.210403786798097,2.8324760031880802,4.0696464979868905
2026-04-23,2.9628276440437404,2.183109433680522,2.7975002215278155,4.019393974333436
2026-04-24,3.106405272651091,2.2844654086115854,2.927380729553833,4.214172451047605
2026-04-27,3.1040346782983423,2.282893665415074,2.925366651893506,4.210956485152261
2026-04-28,3.151597476169012,2.310705348048547,2.961005354712463,4.275480529791891
2026-04-29,3.110554101275027,2.2860375891070026,2.929395367581757,4.219800782754687
2026-04-30,2.982386169706537,2.203390987359555,2.823489597064694,4.045927215426258
2026-05-01,2.956011629513379,2.1887239858140037,2.8046948726959506,4.010147318427758
2026-05-04,2.953048270190759,2.1868340839646887,2.802273097240924,4.006127203174322
2026-05-05,2.9617903901615703,2.1916644397188567,2.8084628562533993,4.017986828017575
2026-05-06,3.0869949663286875,2.2775274193063715,2.9184901873213396,4.18784028541216
2026-05-07,3.1564872079022415,2.3160403348260203,2.967841762664157,4.282113976156603
2026-05-08,3.1549089642982904,2.315165987494407,2.9783151935466603,4.302415774849826
2026-05-11,3.2198082604880307,2.355899812379058,3.0318266536250014,4.3930715192748035
2026-05-12,3.218198356357787,2.354892308503421,3.099820994482128,4.521315554815614
2026-05-13,3.218198356357787,2.354892308503421,3.1464079266169738,4.620212733436561
2026-05-14,3.218198356357787,2.354892308503421,3.1453734787396774,4.618403617497028
2026-05-15,3.218198356357787,2.354892308503421,3.146506240759389,4.620614623628325
2026-05-18,3.0730883140512555,2.2737839756101508,3.0392471017318727,4.414579294881918
2026-05-19,3.122902576423416,2.2978409389783763,3.071402775699858,4.486138908138866
2026-05-20,3.1104490674860252,2.2950803132651894,3.06771279292763,4.468249086212091
2026-05-21,3.1088938429522823,2.294792955270102,3.0581613547564426,4.4403084932937045
2026-05-22,3.1088938429522823,2.294792955270102,3.0178006224991254,4.352668399742863
2026-05-26,3.0725949864895075,2.27238014916248,2.9893282390398728,4.304023801014937
2026-05-27,3.071058688996263,2.2714297267558186,2.958710887971185,4.246936944809248
2026-05-28,3.117490592731907,2.2992016130735977,2.9960245327796637,4.313270637625227
2026-05-29,3.1159318474355415,2.2982719517594035,3.010756163914335,4.336386595139694
2026-06-01,3.2797535431860756,2.3996186921273286,3.1446484791953035,4.566542510964101
2026-06-02,3.2781136664144825,2.3986123697232418,3.0795294291413198,4.4567915515505385
2026-06-03,3.1646903808982945,2.340882789926618,3.0062277520941305,4.304814208270731
2026-06-04,3.1631080357078454,2.3400686298816553,3.0130370312438304,4.317291158972675
2026-06-05,3.1631080357078454,2.3400686298816553,2.973263456552753,4.229749918672665
2026-06-08,3.16814831601311,2.342684075338527,2.9775488480314345,4.238604723147723
2026-06-09,3.1665642418551037,2.3418624758909736,2.908484584209578,4.114034480587867
2026-06-10,3.1194413610264755,2.3214355607180712,2.883674474211718,4.05486894185057
2026-06-11,3.1716152795705366,2.347474211789902,2.9160195432325087,4.122688265054434
2026-06-12,3.1700294719307514,2.3466840081342237,2.9580158597514705,4.204393288743071
2026-06-15,3.1700294719307514,2.3466840081342237,2.984593064911507,4.249874305511639
2026-06-16,3.1286652754072466,2.319448724551848,2.951201184707885,4.196544668020864
2026-06-17,3.1106613046916287,2.305973186951966,2.934055290466558,4.172395562680729
2026-06-18,3.172325313912446,2.347106060335558,2.986391599251979,4.255106797768263
2026-06-22,3.033243521865522,2.2440890404970317,2.855315646688606,4.068553459058249
2026-06-23,3.002486402043874,2.223844739478269,2.8295573686470425,4.027298286059784
2026-06-24,3.001886412722754,2.223271294289323,2.8288277331508715,4.026493507739071
2026-06-25,2.8974624045936763,2.155732007529639,2.7428926482362366,3.886427384983127
2026-06-26,2.90841501264222,2.1615963994457585,2.750354335225582,3.901118348976089
2026-06-29,2.9592766430677857,2.193456268279872,2.7908919343768805,3.969340125734062
2026-06-30,2.957797004746252,2.192528519278426,2.7796509020325315,3.9484106021226792
2026-07-01,2.957797004746252,2.192528519278426,2.7900997196758524,3.967327777291239
2026-07-02,2.9155084115422794,2.1697515477658875,2.762042891489285,3.9125892556440034
2026-07-06,2.884766730933054,2.153836509531758,2.741783420644515,3.871334163127063
2026-07-07,2.9269051802029673,2.1807699797794924,2.7760690973237137,3.927883629151669
2026-07-08,3.0660675694944035,2.2580023787875056,2.874384132007014,4.11463845619173
2026-07-09,3.0291775295105494,2.237952400751239,2.8488609796596363,4.065132313966349
2026-07-10,3.1272507406176704,2.2942605762960526,2.920539968047234,4.196745788489388
2026-07-13,3.122152359049935,2.290996359616065,2.9163846966814764,4.189903800702927
2026-07-14,3.178537032326589,2.3230069240272018,2.957133395294171,4.265571586798777
2026-07-15,3.1769477638104258,2.322105889640037,2.939358568387192,4.229548837656002
2026-07-16,3.1769477638104258,2.322105889640037,2.8649288339663146,4.078011930320116
2026-07-17,3.2259985949487513,2.35103646317546,2.9016346944766838,4.143013845796351
2026-07-20,3.252167528757787,2.3631906584169253,2.916635327239497,4.176621503056439
2026-07-21,3.250541444993408,2.3624259885437637,2.8982624270031523,4.141806466747418
2026-07-22,3.250541444993408,2.3624259885437637,2.938845637718418,4.215260555731702
2026-07-23,3.250541444993408,2.3624259885437637,2.9190657845061834,4.174810390791896
2026-07-24,3.250541444993408,2.3624259885437637,2.9271537548376063,4.189903811176641
2026-07-27,3.0428299290345433,2.254174703739428,2.7939864002864723,3.9242614377570044
2026-07-28,3.0560937031821607,2.2604854810262576,2.8018084319530456,3.941367394586846
2026-07-29,3.0545656563305696,2.259750876591011,2.777511145706753,3.893068436698749
2026-07-30,3.0545656563305696,2.259750876591011,2.8311530609954945,3.993489470085373
2026-07-31,3.0545656563305696,2.259750876591011,2.823447481203552,3.978396287580782
2026-08-03,3.2633302620019986,2.3652185107009074,2.9561419088761283,4.252289391427229
2026-08-04,3.3491992705843696,2.404687513181628,3.0054718003034613,4.364181184451935
2026-08-05,3.3475246709490776,2.4039239239991974,3.0573634298843624,4.4581622246581345
2026-08-06,3.3475246709490776,2.4039239239991974,3.0573896821198048,4.458363374156913
2026-08-07,3.3475246709490776,2.4039239239991974,3.0760508110925904,4.495794635913009
2026-08-10,3.3475246709490776,2.4039239239991974,3.0607887228092165,4.471041794856285
2026-08-11,3.3288246074632557,2.3923286327377093,3.0473107810466624,4.448301020242836
2026-08-12,3.3893653322929223,2.4314181767093213,3.097102430546997,4.529201458019661
2026-08-13,3.387670649626776,2.4303247483750545,3.1191585097962373,4.563614268957177
2026-08-14,3.374175041155652,2.4206429597202552,3.1081985244177095,4.547715810724399
2026-08-17,3.291604965867598,2.361406948253244,3.032137210751099,4.4364277974174255
2026-08-18,3.3098212426544418,2.374475358047801,3.048917550816047,4.460979709794707
2026-08-19,3.2603986747462486,2.3390194645037337,3.003390821831481,4.394367933363063
2026-08-20,3.261294511588076,2.3396621404520106,3.0042160424308646,4.3955753429727356
2026-08-21,3.218143046481233,2.308705154243993,2.9644660832451035,4.337415763896749
2026-08-24,3.1509521404021323,2.2605022033674746,2.902571643098388,4.246855807111529
2026-08-25,3.174991468143983,2.2768507047583717,2.923563746744065,4.27925603220873
2026-08-26,3.3275893593110566,2.304238805107548,2.9587311194249795,4.484927591591143
2026-08-27,3.394780201572135,2.3356115389063214,2.9990149144839444,4.575487462362382
2026-08-28,3.393082811471349,2.334811744516826,2.9024231805192495,4.4046312355392585
2026-08-31,3.393082811471349,2.334811744516826,2.880409187109471,4.361967674401197
2026-09-01,3.393082811471349,2.334811744516826,2.9050341896007708,4.403021213983898
2026-09-02,3.503512158415724,2.4023319138956594,2.9902959370404147,4.548520953445974
2026-09-03,3.501760402336516,2.4012645939529547,3.042005756780644,4.6505515626870375
2026-09-04,3.5306190802028223,2.4188693883237966,3.0654845693459323,4.691202924216191
2026-09-08,3.412028079325061,2.3423104964237336,2.968459859000369,4.53362873185344
2026-09-09,3.343823354885961,2.300583430252955,2.915578261470525,4.443003774738076
2026-09-10,3.342151443208518,2.29955978387513,2.9248046026252066,4.457308234572398
2026-09-11,3.342151443208518,2.29955978387513,2.7926040724315127,4.255838874424958
2026-09-14,3.342151443208518,2.29955978387513,2.8208949778240826,4.298953305199795
2026-09-15,3.3523840917334633,2.3066003346791066,2.8309421454988835,4.314264865900576
2026-09-16,3.4187618212779647,2.3522713822061867,2.8869952429209302,4.399687985273515
2026-09-17,3.4339472918603664,2.362719711087713,2.899818710487478,4.419230537801244
2026-09-18,3.4322303182144362,2.361538351232169,2.947278652413734,4.491557964313892
2026-09-21,3.4322303182144362,2.361538351232169,2.9989691081327483,4.570332557911824
2026-09-22,3.4322303182144362,2.361538351232169,3.0145686738690443,4.594105794848655
2026-09-23,3.340956863984316,2.2987378563265715,2.935909398748197,4.474231587044498
2026-09-24,3.3868409082338076,2.33030826977749,2.976230600801673,4.535679803373037
2026-09-25,3.4563438093103476,2.378129584548561,3.0373071812001196,4.6287585493874435
2026-09-28,3.4546156374056927,2.3769405197562867,3.05343566202151,4.653337835918859
2026-09-29,3.4274614948902724,2.358257173069241,3.0309616122329817,4.619088106177363
2026-09-30,3.438075479836552,2.365560101540277,3.0403477369124134,4.633392258593837
2026-10-01,3.5289681905115935,2.4280986266991094,3.12072568347682,4.755885666453622
2026-10-02,3.527203706416338,2.42688457738576,3.1211222689296414,4.756490049940638
2026-10-05,3.527203706416338,2.42688457738576,3.2005749166781308,4.87757333213667
2026-10-06,3.527203706416338,2.42688457738576,3.142274434449432,4.7887252705313665
2026-10-07,3.527203706416338,2.42688457738576,3.1056548311036187,4.7329181716935285
