date,fwd_ret,y,prob_up
2019-05-23,-0.010755563079462238,0,0.5475934754415767
2019-05-24,-0.014991876480280553,0,0.5475934754415767
2019-05-28,-0.030508900570436204,0,0.5475934754415767
2019-05-29,-0.006645905067011348,0,0.5475934754415767
2019-05-30,-0.022592983781962284,0,0.5475934754415767
2019-05-31,-0.008968896664061421,0,0.5475934754415767
2019-06-03,0.003310991928857643,1,0.5432180069535346
2019-06-04,0.0704752306923746,1,0.5475934754415767
2019-06-05,-0.030965342946839947,0,0.5475934754415767
2019-06-06,0.018169112288166867,1,0.5475934754415767
2019-06-07,0.02596852083239054,1,0.5475934754415767
2019-06-10,0.02084473328042069,1,0.5405157566447888
2019-06-11,-0.01219867183300849,0,0.5405157566447888
2019-06-12,-0.012818521320882015,0,0.5405157566447888
2019-06-13,-0.017540348938829164,0,0.5475934754415767
2019-06-14,0.0004152075486607565,1,0.5058682058682058
2019-06-17,0.02026695464008732,1,0.5475934754415767
2019-06-18,0.04610175597999833,1,0.5475934754415767
2019-06-19,0.01600788128720687,1,0.5405157566447888
2019-06-20,-0.020858604416657434,0,0.5405157566447888
2019-06-21,-0.005733040764414499,0,0.5475934754415767
2019-06-24,0.0015726328450227367,1,0.5328656428190657
2019-06-25,0.024532431555445156,1,0.5328656428190657
2019-06-26,0.03895000727436315,1,0.5328656428190657
2019-06-27,0.014074563723222022,1,0.5328656428190657
2019-06-28,0.04587819860954134,1,0.5328656428190657
2019-07-01,-0.04096887964394824,0,0.5328656428190657
2019-07-02,-0.014078412436674737,0,0.5328656428190657
2019-07-03,-0.01697635944313347,0,0.5328656428190657
2019-07-05,-0.016022182753636094,0,0.5328656428190657
2019-07-08,-0.014699422047121047,0,0.5328656428190657
2019-07-09,0.022828257475601577,1,0.5328656428190657
2019-07-10,0.02477061063996988,1,0.5328656428190657
2019-07-11,0.026993461188277168,1,0.5328656428190657
2019-07-12,0.006332483779050158,1,0.5328656428190657
2019-07-15,-0.010625998808248549,0,0.5328656428190657
2019-07-16,0.0028803061144617725,1,0.5328656428190657
2019-07-17,0.017827827949841613,1,0.5328656428190657
2019-07-18,0.009346177677189704,1,0.47976251926433316
2019-07-19,-0.0140928895546103,0,0.5328656428190657
2019-07-22,0.021264317256702192,1,0.5328656428190657
2019-07-23,0.02602665333748555,1,0.5328656428190657
2019-07-24,-0.002311365733018711,0,0.5367711218983234
2019-07-25,-0.014238300844411356,0,0.5367711218983234
2019-07-26,0.0017768534669073688,1,0.5367711218983234
2019-07-29,-0.010470270219752331,0,0.5367711218983234
2019-07-30,0.007111895754936981,1,0.5367711218983234
2019-07-31,-0.0289355043806917,0,0.5367711218983234
2019-08-01,-0.0470024161630771,0,0.5367711218983234
2019-08-02,-0.04584648311192674,0,0.5367711218983234
2019-08-05,-9.734287187423973e-08,0,0.5367711218983234
2019-08-06,-0.02535762862269253,0,0.5367711218983234
2019-08-07,0.042094555570306946,1,0.5367711218983234
2019-08-08,0.002560559930008033,1,0.5367711218983234
2019-08-09,-0.028925016088262923,0,0.5367711218983234
2019-08-12,-0.004537314496802947,0,0.5367711218983234
2019-08-13,0.007332194082844579,1,0.5367711218983234
2019-08-14,-0.010950705619483081,0,0.5367711218983234
2019-08-15,0.05648749698880051,1,0.5367711218983234
2019-08-16,0.02993390163233034,1,0.5367711218983234
2019-08-19,0.039239491012331484,1,0.438286273413475
2019-08-20,-0.00017587276720554268,0,0.5367711218983234
2019-08-21,0.006391869315578447,1,0.5367711218983234
2019-08-22,-0.0187623823053944,0,0.5263298345490126
2019-08-23,-0.016567432175246144,0,0.5263298345490126
2019-08-26,0.008332816055038883,1,0.5263298345490126
2019-08-27,-0.03743353496060775,0,0.5263298345490126
2019-08-28,0.026902103118289,1,0.5263298345490126
2019-08-29,0.024014541688320845,1,0.5194805194805195
2019-08-30,-0.02534646847909905,0,0.5263298345490126
2019-09-03,0.01233431426735132,1,0.5263298345490126
2019-09-04,0.03757345046791394,1,0.5263298345490126
2019-09-05,0.034302776388562384,1,0.5263298345490126
2019-09-06,0.006152167390051533,1,0.5263298345490126
2019-09-09,-0.0040024317583406965,0,0.5263298345490126
2019-09-10,0.02561662094904138,1,0.5263298345490126
2019-09-11,0.0132232507781751,1,0.5263298345490126
2019-09-12,-0.024758241414262416,0,0.5263298345490126
2019-09-13,-0.014703343403337454,0,0.5263298345490126
2019-09-16,0.008718907683644694,1,0.5263298345490126
2019-09-17,0.0017176126889262289,1,0.5263298345490126
2019-09-18,-0.0031528834203535805,0,0.5263298345490126
2019-09-19,-0.018421809748284,0,0.5263298345490126
2019-09-20,-0.023742271339864618,0,0.6861471861471862
2019-09-23,0.01968741234660709,1,0.5245584006470995
2019-09-24,-0.02038658162771867,0,0.5245584006470995
2019-09-25,0.030896891102683233,1,0.5245584006470995
2019-09-26,-0.012257717769912024,0,0.5245584006470995
2019-09-27,-0.01628182346037743,0,0.5245584006470995
2019-09-30,0.012731613010783294,1,0.5245584006470995
2019-10-01,-0.010743034747967672,0,0.5245584006470995
2019-10-02,0.0005777488134683928,1,0.5245584006470995
2019-10-03,0.04722336362707669,1,0.5331431443311809
2019-10-04,0.017529833166208153,1,0.5245584006470995
2019-10-07,-0.021345480367782388,0,0.5245584006470995
2019-10-08,-0.001771625450678771,0,0.5245584006470995
2019-10-09,0.0016639179821105188,1,0.5245584006470995
2019-10-10,0.03205618281996392,1,0.5245584006470995
2019-10-11,-0.004130662031270216,0,0.5245584006470995
2019-10-14,0.024347997104108066,1,0.5245584006470995
2019-10-15,0.025452311142909245,1,0.5245584006470995
2019-10-16,0.0051283060378761736,1,0.5245584006470995
2019-10-17,-0.008622449274340638,0,0.5245584006470995
2019-10-18,-0.00694746070136032,0,0.5245584006470995
2019-10-21,0.027673942505531013,1,0.5245584006470995
2019-10-22,-0.030206545347402858,0,0.5278081083813567
2019-10-23,0.02308775990217704,1,0.5278081083813567
2019-10-24,0.017026357009618076,1,0.5278081083813567
2019-10-25,0.030984564971217488,1,0.5278081083813567
2019-10-28,-0.0003393228603703058,0,0.5278081083813567
2019-10-29,-0.01081316703854196,0,0.5278081083813567
2019-10-30,-0.009019481100689286,0,0.5278081083813567
2019-10-31,-0.01266333565029587,0,0.5278081083813567
2019-11-01,0.031312459745397536,1,0.5278081083813567
2019-11-04,0.02254069115233137,1,0.5278081083813567
2019-11-05,-0.008788776832913792,0,0.5278081083813567
2019-11-06,0.011838558213925543,1,0.5278081083813567
2019-11-07,-0.016342040217749654,0,0.5278081083813567
2019-11-08,0.0004330760574156045,1,0.5278081083813567
2019-11-11,0.009482511559014695,1,0.5278081083813567
2019-11-12,-0.006532440251283411,0,0.5278081083813567
2019-11-13,0.0027837967955450793,1,0.5278081083813567
2019-11-14,0.003685429333523782,1,0.5278081083813567
2019-11-15,-0.027706166204936156,0,0.5278081083813567
2019-11-18,0.035018830848473126,1,0.5278081083813567
2019-11-19,-0.018765079628661585,0,0.5278081083813567
2019-11-20,0.01897896177838465,1,0.5293775990651958
2019-11-21,0.0004264853294171367,1,0.5293775990651958
2019-11-22,0.023450029269501016,1,0.5257291745212488
2019-11-25,0.02064418933376211,1,0.5257291745212488
2019-11-26,-0.007567440213877008,0,0.5257291745212488
2019-11-27,-0.007637254414764261,0,0.5257291745212488
2019-11-29,-0.002488390902108062,0,0.5257291745212488
2019-12-02,-0.0674028923179173,0,0.5257291745212488
2019-12-03,0.04532627156717961,1,0.5420760117636084
2019-12-04,-0.003412003791224527,0,0.5257291745212488
2019-12-05,0.005801480403168524,1,0.5257291745212488
2019-12-06,-0.001276495210888462,0,0.5257291745212488
2019-12-09,0.010082545186348213,1,0.5420760117636084
2019-12-10,0.004780442142130248,1,0.5257291745212488
2019-12-11,0.008302216468030199,1,0.5293775990651958
2019-12-12,0.03705215188071387,1,0.5257291745212488
2019-12-13,0.007627714611534886,1,0.5183916483157981
2019-12-16,-2.077597605065762e-08,0,0.5257291745212488
2019-12-17,0.0167769837545364,1,0.5257291745212488
2019-12-18,0.005268284226754405,1,0.5257291745212488
2019-12-19,0.0313122582555887,1,0.5257291745212488
2019-12-20,0.010036369240875587,1,0.5287340468571847
2019-12-23,-0.009645730381413364,0,0.5287340468571847
2019-12-24,0.002351208346692113,1,0.5287340468571847
2019-12-26,0.004355483254926629,1,0.5473958975623792
2019-12-27,-0.015888118321310873,0,0.5287340468571847
2019-12-30,-0.021568558915369684,0,0.5287340468571847
2019-12-31,0.03399714239849061,1,0.5287340468571847
2020-01-02,-0.015287749455111355,0,0.5287340468571847
2020-01-03,-0.011824608749528953,0,0.5287340468571847
2020-01-06,0.025309529637728367,1,0.5473958975623792
2020-01-07,0.006549247715311957,1,0.5473958975623792
2020-01-08,0.017058693925900092,1,0.5287340468571847
2020-01-09,0.014270872739467144,1,0.5287340468571847
2020-01-10,0.0013346798473046206,1,0.5287340468571847
2020-01-13,0.010498144931367248,1,0.5473958975623792
2020-01-14,-0.009869835583800945,0,0.5287340468571847
2020-01-15,-0.0002823377129724802,0,0.5287340468571847
2020-01-16,0.007992882429183501,1,0.5473958975623792
2020-01-17,-0.007568867450340022,0,0.5287340468571847
2020-01-21,0.007868679123137712,1,0.5473958975623792
2020-01-22,0.007847807257844286,1,0.5473958975623792
2020-01-23,0.022961656024200527,1,0.5248213943866119
2020-01-24,-0.07479610340962706,0,0.5248213943866119
2020-01-27,0.019350386012581433,1,0.5366059061711236
2020-01-28,0.018694522954103343,1,0.5481872624729768
2020-01-29,-0.023363875293225367,0,0.5366059061711236
2020-01-30,0.009767696125029257,1,0.5366059061711236
2020-01-31,-0.03389749706230183,0,0.5599717742574885
2020-02-03,0.04382668103686482,1,0.5481872624729768
2020-02-04,0.02422496684259512,1,0.5366059061711236
2020-02-05,0.0005954338729994291,1,0.5366059061711236
2020-02-06,0.0019827434929577947,1,0.5248213943866119
2020-02-07,-0.0005541522768386375,0,0.5248213943866119
2020-02-10,0.058692928718501625,1,0.5599717742574885
2020-02-11,0.01006294599408375,1,0.5248213943866119
2020-02-12,0.0007409240052911326,1,0.5248213943866119
2020-02-13,0.06309898910732548,1,0.5248213943866119
2020-02-14,-0.005639457557163552,0,0.5578383203268156
2020-02-18,0.05548931959641368,1,0.5248213943866119
2020-02-19,0.037414221138073245,1,0.5164038859691034
2020-02-20,-0.02743230951243425,0,0.5248213943866119
2020-02-21,-0.11177237045153066,0,0.5481872624729768
2020-02-24,0.02261376235821211,1,0.5268556005398111
2020-02-25,-0.051538126091209335,0,0.5706539074960129
2020-02-26,-0.026740215872451567,0,0.5706539074960129
2020-02-27,-0.048803479620184165,0,0.5571586308428415
2020-02-28,0.14204397495683807,1,0.5571586308428415
2020-03-02,0.006392270010451062,1,0.5268556005398111
2020-03-03,-0.030394589785265547,0,0.6794871794871794
2020-03-04,0.023316481412572143,1,0.7014997581035316
2020-03-05,-0.03768550145023619,0,0.5488681791561633
2020-03-06,-0.09839135672039967,0,0.6493623038271086
2020-03-09,0.06936215568210624,1,0.7097902097902097
2020-03-10,-0.0042096882388372725,0,0.6482263449324962
2020-03-11,-0.11743536174340974,0,0.5659762836601812
2020-03-12,0.022354288641815545,1,0.5571586308428415
2020-03-13,-0.07848158450260856,0,0.5571586308428415
2020-03-16,-0.0541406336067215,0,0.5268556005398111
2020-03-17,-0.004031749791569728,0,0.5571586308428415
2020-03-18,0.009295615476002217,1,0.5268556005398111
2020-03-19,0.08437334548240716,1,0.5571586308428415
2020-03-20,-0.060685136359820646,0,0.3473684210526316
2020-03-23,0.11321748857010783,1,0.6794871794871794
2020-03-24,0.10829697802732352,1,0.5345569181776079
2020-03-25,0.0005515958212123362,1,0.5345569181776079
2020-03-26,-0.015515490828956868,0,0.5345569181776079
2020-03-27,0.021440274264421744,1,0.5345569181776079
2020-03-30,0.046365579373716326,1,0.5345569181776079
2020-03-31,-0.043226077303547994,0,0.5406648040024749
2020-04-01,-0.044631072268080274,0,0.5345569181776079
2020-04-02,0.039796701205315976,1,0.5347511683718579
2020-04-03,0.005040288087941436,1,0.5345569181776079
2020-04-06,0.08642849452198798,1,0.5406648040024749
2020-04-07,-0.050090141866267146,0,0.5408145494352391
2020-04-08,0.032610637379112184,1,0.5408145494352391
2020-04-09,-0.042095579020909324,0,0.5408145494352391
2020-04-13,0.05545940536592897,1,0.5406648040024749
2020-04-14,0.008000255884382135,1,0.5408145494352391
2020-04-15,0.0356420714607808,1,0.5406648040024749
2020-04-16,0.038038074485610585,1,0.5408145494352391
2020-04-17,-0.03610716643517664,0,0.5406648040024749
2020-04-20,-0.01716333421631111,0,0.5408145494352391
2020-04-21,-0.017994529433309814,0,0.5408145494352391
2020-04-22,0.03827162129626682,1,0.5406648040024749
2020-04-23,-0.014730412936971193,0,0.633533122281011
2020-04-24,0.04016206172642911,1,0.5489217511998344
2020-04-27,0.027153418267796825,1,0.5216987114689117
2020-04-28,-0.02056093777033985,0,0.5216987114689117
2020-04-29,-0.001617564205439681,0,0.5489217511998344
2020-04-30,-0.04029835365201817,0,0.5489217511998344
2020-05-01,-0.012203150746444402,0,0.5489217511998344
2020-05-04,0.05194378246669351,1,0.5489217511998344
2020-05-05,0.004941439799057257,1,0.5216987114689117
2020-05-06,0.021722120950643298,1,0.5216987114689117
2020-05-07,0.01440446245860505,1,0.5216987114689117
2020-05-08,0.014784690676820755,1,0.5489217511998344
2020-05-11,0.04047379554130082,1,0.5216987114689117
2020-05-12,-0.025358329785258427,0,0.5216987114689117
2020-05-13,-0.009567230155427375,0,0.5216987114689117
2020-05-14,0.0061211021063685145,1,0.5216987114689117
2020-05-15,0.11036448357847761,1,0.5216987114689117
2020-05-18,0.003395957759195767,1,0.5216987114689117
2020-05-19,0.022837697228010212,1,0.49071279597595385
2020-05-20,0.006729149136033952,1,0.5216987114689117
2020-05-21,-0.024996233455834904,0,0.5216987114689117
2020-05-22,0.03756273595045179,1,0.5425638817111685
2020-05-26,-0.058071611393326616,0,0.5340069045742805
2020-05-27,-0.024666953135178304,0,0.553202179583509
2020-05-28,0.016910024385776268,1,0.5321405365265014
2020-05-29,0.03258515087501035,1,0.5321405365265014
2020-06-01,-0.00418858647410969,0,0.5340069045742805
2020-06-02,0.002955688210700913,1,0.5692802731809824
2020-06-03,-0.010231666925442973,0,0.553202179583509
2020-06-04,0.007618924886019451,1,0.55133581153573
2020-06-05,0.009409651689361809,1,0.553202179583509
2020-06-08,-0.008702263149852563,0,0.5340069045742805
2020-06-09,0.04178977473976664,1,0.553202179583509
2020-06-10,-0.0019364775977841475,0,0.5340069045742805
2020-06-11,0.0013665060052763245,1,0.5340069045742805
2020-06-12,-0.03789899618530579,0,0.5340069045742805
2020-06-15,0.046481957836190135,1,0.5340069045742805
2020-06-16,-0.012059728526331082,0,0.5340069045742805
2020-06-17,0.01242604044486062,1,0.5340069045742805
2020-06-18,0.001680287301875305,1,0.5340069045742805
2020-06-19,0.0062211123044830785,1,0.5340069045742805
2020-06-22,0.026989178672450542,1,0.5340069045742805
2020-06-23,-0.007826514631434245,0,0.5435553604721702
2020-06-24,-0.012715905839887798,0,0.5435553604721702
2020-06-25,0.015418448796818529,1,0.6940929948807724
2020-06-26,-0.034763479862037205,0,0.5435553604721702
2020-06-29,0.015731239060260416,1,0.5883561421492128
2020-06-30,0.022197853134686918,1,0.5435553604721702
2020-07-01,0.012420499725116496,1,0.5435553604721702
2020-07-02,0.01065965263118418,1,0.5435553604721702
2020-07-06,0.020991957728436095,1,0.525366026036453
2020-07-07,0.004775963157528373,1,0.525366026036453
2020-07-08,0.03867388565754237,1,0.5435553604721702
2020-07-09,0.020086413786343904,1,0.5435553604721702
2020-07-10,0.0005901423138874318,1,0.5435553604721702
2020-07-13,-0.04907960534810396,0,0.5435553604721702
2020-07-14,0.033672318208129104,1,0.5435553604721702
2020-07-15,-0.03833682647858716,0,0.5435553604721702
2020-07-16,0.02101851802966559,1,0.6940929948807724
2020-07-17,0.004767410895215152,1,0.5435553604721702
2020-07-20,0.023237546466716275,1,0.525366026036453
2020-07-21,-0.013839928721258943,0,0.4759036604450551
2020-07-22,0.00795760369882803,1,0.5435553604721702
2020-07-23,-0.05502407824920663,0,0.5631211488769629
2020-07-24,0.03617738748665178,1,0.6910070605722779
2020-07-27,0.013877898721599502,1,0.5763888888888888
2020-07-28,0.0015901276649261664,1,0.5631211488769629
2020-07-29,-0.001515763000192516,0,0.5631211488769629
2020-07-30,0.018144779776700037,1,0.5379273504273504
2020-07-31,0.016022594977742388,1,0.5340288637388052
2020-08-03,0.029582752179662775,1,0.5584649427282193
2020-08-04,0.017556606603767566,1,0.5405175210902011
2020-08-05,0.009404999092037292,1,0.5451737272389446
2020-08-06,-0.003281935655675583,0,0.5584649427282193
2020-08-07,0.0019228800681410085,1,0.5631211488769629
2020-08-10,-0.022983512014526752,0,0.5584951210391477
2020-08-11,-0.007495319239000486,0,0.5451737272389446
2020-08-12,0.05051970814060991,1,0.7089544822102961
2020-08-13,-0.0013858231591780124,0,0.5631211488769629
2020-08-14,0.027862297738170838,1,0.5379273504273504
2020-08-17,0.05052188937961222,1,0.5631211488769629
2020-08-18,-0.01232937052943106,0,0.533271144278607
2020-08-19,-0.026145399335832042,0,0.5631211488769629
2020-08-20,0.01893507557404117,1,0.5631211488769629
2020-08-21,0.05589369066590533,1,0.5621810892429449
2020-08-24,-0.019637318976965856,0,0.5181996077614633
2020-08-25,0.013340546768976447,1,0.5621810892429449
2020-08-26,-0.0013866986545614246,0,0.5621810892429449
2020-08-27,-0.00833241661770201,0,0.5621810892429449
2020-08-28,0.040059386879986114,1,0.5621810892429449
2020-08-31,0.02285402872493192,1,0.5621810892429449
2020-09-01,0.09078292817565536,1,0.5621810892429449
2020-09-02,-0.05950867374851854,0,0.5621810892429449
2020-09-03,-0.07556717224767295,0,0.5621810892429449
2020-09-04,-0.08207689062954426,0,0.5621810892429449
2020-09-08,0.05671294215071376,1,0.5652356902356902
2020-09-09,0.04752030306934962,1,0.5621810892429449
2020-09-10,-0.038782207053973394,0,0.5621810892429449
2020-09-11,0.047695331716624656,1,0.5621810892429449
2020-09-14,0.015212940516101225,1,0.5621810892429449
2020-09-15,-0.02430333142134089,0,0.5181996077614633
2020-09-16,-0.06367080806860725,0,0.5181996077614633
2020-09-17,0.03803901783069752,1,0.5621810892429449
2020-09-18,-0.0531019075112249,0,0.5621810892429449
2020-09-21,0.054507464912600945,1,0.5621810892429449
2020-09-22,3.960704484406996e-05,1,0.387463768115942
2020-09-23,-0.04001798286111102,0,0.5586067019400353
2020-09-24,0.031083422403913152,1,0.5655942795797868
2020-09-25,0.04761991750950845,1,0.35666666666666663
2020-09-28,-0.007879383378149418,0,0.5546987571917271
2020-09-29,0.017004875935888952,1,0.5432349123945489
2020-09-30,0.04563937012821695,1,0.48217091550424884
2020-10-01,-0.038740863969696115,0,0.47945721129800734
2020-10-02,0.0008316089121584991,1,0.4103435353784273
2020-10-05,0.044877532824900035,1,0.5655942795797868
2020-10-06,0.01227412199118838,1,0.5574124613979686
2020-10-07,0.005375109535786349,1,0.5533156966490299
2020-10-08,-0.021882860832086015,0,0.49673476725703364
2020-10-09,0.01616197426264354,1,0.47945721129800734
2020-10-12,0.02194501612368782,1,0.5655942795797868
2020-10-13,-0.0004198529960471875,0,0.5655942795797868
2020-10-14,-0.033571330013450806,0,0.5655942795797868
2020-10-15,0.016364060262977098,1,0.49035273368606697
2020-10-16,-0.009528419723584314,0,0.5669509476031215
2020-10-19,-0.02298070203086333,0,0.5655942795797868
2020-10-20,0.003055103642890522,1,0.5655942795797868
2020-10-21,-0.00752290611456885,0,0.5781746031746032
2020-10-22,-0.005361390808418687,0,0.566957671957672
2020-10-23,-0.0017100006523810274,0,0.5725493025493026
2020-10-26,-0.009011461179909697,0,0.5725493025493026
2020-10-27,-0.008116865740042112,0,0.5800958100958101
2020-10-28,-0.027238931820722567,0,0.5800958100958101
2020-10-29,0.0008956843673093573,1,0.566957671957672
2020-10-30,-0.014961150486274666,0,0.530004235004235
2020-11-02,0.004009487437389048,1,0.5725493025493026
2020-11-03,0.05356657594897607,1,0.5725493025493026
2020-11-04,0.057751682452258146,1,0.5725493025493026
2020-11-05,-0.0037249227055781153,0,0.4975132275132275
2020-11-06,0.03137901537748289,1,0.5530687830687832
2020-11-09,-0.06500602406105571,0,0.5530687830687832
2020-11-10,-0.04062381618413624,0,0.5530687830687832
2020-11-11,0.0325767214388184,1,0.5530687830687832
2020-11-12,0.010998742693677954,1,0.5530687830687832
2020-11-13,-0.033370636080292004,0,0.4975132275132275
2020-11-16,0.028847869975871854,1,0.5642857142857144
2020-11-17,-0.006437809518465176,0,0.566957671957672
2020-11-18,-0.01875222032304391,0,0.5800958100958101
2020-11-19,0.018259227484518137,1,0.5550766742557918
2020-11-20,-0.021016327155129466,0,0.5499706073198961
2020-11-23,-0.00218254337071222,0,0.7590075512405609
2020-11-24,-0.008369783535853936,0,0.7590075512405609
2020-11-25,0.02628042047916579,1,0.6902118093909269
2020-11-27,-0.00822432282279828,0,0.6902118093909269
2020-11-30,0.017131482855873292,1,0.6902118093909269
2020-12-01,-0.010506211867431059,0,0.5868098637559716
2020-12-02,0.01805295780237537,1,0.7219449988911067
2020-12-03,-0.010230212007679151,0,0.5429249876855006
2020-12-04,0.011358316400673418,1,0.5817037968200759
2020-12-07,-0.0011945773774151291,0,0.5868098637559716
2020-12-08,-0.020942356472031354,0,0.5550766742557918
2020-12-09,-0.03244221511208656,0,0.6403278278278278
2020-12-10,0.007634343335944038,1,0.6617775902916424
2020-12-11,0.00931212600180542,1,0.5817037968200759
2020-12-14,0.02687594659118031,1,0.5927722885532001
2020-12-15,-0.0012836015502544207,0,0.5868098637559716
2020-12-16,-0.004153526641117122,0,0.5550766742557918
2020-12-17,0.0009161721996606698,1,0.5550766742557918
2020-12-18,-0.022740570123386483,0,0.5868098637559716
2020-12-21,0.018700063544617285,1,0.5554270291112395
2020-12-22,-0.00474885460565222,0,0.48569087775800207
2020-12-23,-0.016501840396563883,0,0.5433064091345013
2020-12-24,0.0019367851164775463,1,0.6535589620044945
2020-12-28,-0.010526354824318185,0,0.5697382992364632
2020-12-29,0.005048268906098441,1,0.8285558285558285
2020-12-30,0.011258540546072782,1,0.5554270291112395
2020-12-31,-0.0024551292287615656,0,0.5487127124554024
2021-01-04,-0.0003432544071816368,0,0.6259398496240601
2021-01-05,0.009370482385468781,1,0.5681320418162522
2021-01-06,-0.01928558144241066,0,0.5079816658764027
2021-01-07,0.0304608459828144,1,0.5487127124554024
2021-01-08,0.0042098609068565995,1,0.47897656110216497
2021-01-11,0.024871659227610143,1,0.5681320418162522
2021-01-12,-0.019087420323428028,0,0.6957237483553272
2021-01-13,0.006300963379305413,1,0.6957237483553272
2021-01-14,-0.025561778120719247,0,0.6776124323294135
2021-01-15,-0.016007457681552872,0,0.6149156675472464
2021-01-19,0.0073369034328483185,1,0.6165219249674574
2021-01-20,0.023394891455308597,1,0.5487127124554024
2021-01-21,0.02395971533936292,1,0.5256983037303403
2021-01-22,0.0030384516554764485,1,0.6298389212296497
2021-01-25,-0.014602770080934246,0,0.5469623226579838
2021-01-26,-0.02580892364413989,0,0.5993851014115666
2021-01-27,-0.017668310206384708,0,0.6372463286370571
2021-01-28,0.006059404075473784,1,0.6706431463388075
2021-01-29,-0.0016633683018185685,0,0.5214782083147866
2021-02-01,0.026468613659494267,1,0.6706431463388075
2021-02-02,0.017706567647895577,1,0.5469623226579838
2021-02-03,-0.0077000546913365,0,0.5214782083147866
2021-02-04,0.01433741487789586,1,0.5784288809605266
2021-02-05,0.00016409732089583962,1,0.5950999392878552
2021-02-08,0.04469191857712196,1,0.6330014562729448
2021-02-09,0.008542147863670024,1,0.5469623226579838
2021-02-10,0.03574586663972279,1,0.5469623226579838
2021-02-11,0.004656117173578611,1,0.6039129953037238
2021-02-12,0.0009468975347941555,1,0.4816907730815015
2021-02-16,0.0070862904894344325,1,0.5469623226579838
2021-02-17,-0.029134464881040212,0,0.5469623226579838
2021-02-18,0.020062244148490338,1,0.5469623226579838
2021-02-19,-0.016622947841407165,0,0.6706431463388075
2021-02-22,-0.0473442186224563,0,0.6039129953037238
2021-02-23,0.003374797066183266,1,0.5693272386310361
2021-02-24,-0.005469674768981081,0,0.5693272386310361
2021-02-25,-0.02086098569087569,0,0.5693272386310361
2021-02-26,0.008907590671154653,1,0.5279117075339013
2021-03-01,0.0018015390625865102,1,0.6040448343079922
2021-03-02,-0.0340826015019402,0,0.5763566622649815
2021-03-03,-0.04658790090406506,0,0.5926811979443558
2021-03-04,-0.01958862160791275,0,0.5763566622649815
2021-03-05,-0.007967920182196608,0,0.5387455480695068
2021-03-08,-0.02534677549230835,0,0.5386484983800659
2021-03-09,0.058552007233421355,1,0.6040448343079922
2021-03-10,0.00852779548690985,1,0.5386484983800659
2021-03-11,-0.023301165777206756,0,0.5387455480695068
2021-03-12,0.01711723673301324,1,0.5278146578444604
2021-03-15,0.03822446548562919,1,0.5386484983800659
2021-03-16,-0.02371503558240995,0,0.5278146578444604
2021-03-17,0.007419752994731743,1,0.5278146578444604
2021-03-18,-0.02942194149012145,0,0.5278146578444604
2021-03-19,0.012764518685761894,1,0.5278146578444604
2021-03-22,0.026446817229559327,1,0.5386484983800659
2021-03-23,-0.007771253989667382,0,0.5387455480695068
2021-03-24,-0.04955779931579207,0,0.6160741144352307
2021-03-25,0.004400164946082086,1,0.5409552800508735
2021-03-26,0.0211675573016199,1,0.5409552800508735
2021-03-29,0.0016965087493312492,1,0.526887498923624
2021-03-30,0.013510536262479445,1,0.5409552800508735
2021-03-31,0.04277574271097473,1,0.550581836067471
2021-04-01,0.02175396470351343,1,0.5287601580996539
2021-04-05,0.00953663248724368,1,0.526887498923624
2021-04-06,-0.008499993164369668,0,0.5409552800508735
2021-04-07,0.026799661294401034,1,0.526887498923624
2021-04-08,-0.0027187613832716506,0,0.5506899826610575
2021-04-09,0.005329261188307788,1,0.5506899826610575
2021-04-12,0.06590380169974619,1,0.5506899826610575
2021-04-13,0.025834693465409675,1,0.526887498923624
2021-04-14,0.002400158859958923,1,0.47320460254409835
2021-04-15,0.024931913379009574,1,0.526887498923624
2021-04-16,-0.03217449362533187,0,0.526887498923624
2021-04-19,-0.013725885633555257,0,0.526887498923624
2021-04-20,-0.013345601746049485,0,0.5865348622643997
2021-04-21,0.016948958039923134,1,0.5506899826610575
2021-04-22,-0.028666529301844434,0,0.5769083062478021
2021-04-23,0.016790230656406724,1,0.5483003179261433
2021-04-26,0.02591375691421849,1,0.5376160627383011
2021-04-27,-0.013736843326124681,0,0.5015022883694932
2021-04-28,0.0023103668556454515,1,0.550134507214478
2021-04-29,-0.014642547540261064,0,0.5990541839421705
2021-04-30,-0.003262063521817238,0,0.5982185315132736
2021-05-03,-0.03224825546022836,0,0.5376160627383011
2021-05-04,0.004901878125331827,1,0.5865357394659935
2021-05-05,-0.014531744389331913,0,0.5483003179261433
2021-05-06,0.021593175833134692,1,0.5742479823917829
2021-05-07,-0.001418130284183361,0,0.5376160627383011
2021-05-10,-0.0650729317876243,0,0.5015022883694932
2021-05-11,0.01334537450138562,1,0.5990541839421705
2021-05-12,0.0017308742893742401,1,0.5865357394659935
2021-05-13,-0.010242869461250081,0,0.5376160627383011
2021-05-14,0.019222224034896707,1,0.5376160627383011
2021-05-17,0.007769974290354309,1,0.5483003179261433
2021-05-18,-0.0490990496282232,0,0.5972199946538358
2021-05-19,0.05425114583982782,1,0.550134507214478
2021-05-20,0.06021650640191578,1,0.550134507214478
2021-05-21,0.003215048942572629,1,0.5376160627383011
2021-05-24,0.036384486789687864,1,0.5367184288733445
2021-05-25,-0.002013787536273348,0,0.5367184288733445
2021-05-26,-0.0021926780443953797,0,0.5367184288733445
2021-05-27,-0.012659497574767475,0,0.5367184288733445
2021-05-28,0.0496100186351387,1,0.5502881924431081
2021-06-01,-0.0010911898531037467,0,0.5367184288733445
2021-06-02,0.02759615953665584,1,0.5367184288733445
2021-06-03,0.02465457631178425,1,0.5367184288733445
2021-06-04,0.026807934647604226,1,0.5367184288733445
2021-06-07,-0.0025039251390629458,0,0.5367184288733445
2021-06-08,-0.00042720268094431635,0,0.5367184288733445
2021-06-09,-0.009462762823999271,0,0.5252256771429017
2021-06-10,0.007463652257666986,1,0.5367184288733445
2021-06-11,0.024400106610424466,1,0.5367184288733445
2021-06-14,0.0005026560757666054,1,0.5367184288733445
2021-06-15,-0.006935518824865872,0,0.5367184288733445
2021-06-16,-0.0009133571383866945,0,0.5367184288733445
2021-06-17,0.056794828373996964,1,0.5367184288733445
2021-06-18,-0.018566412321529335,0,0.5367184288733445
2021-06-21,0.0019665432468072286,1,0.5367184288733445
2021-06-22,0.02903117627804397,1,0.5367184288733445
2021-06-23,0.011573979154736902,1,0.5185287951658651
2021-06-24,0.0027434748864245684,1,0.5185287951658651
2021-06-25,0.0041881563500751895,1,0.5299076438941115
2021-06-28,0.026922266561346664,1,0.5185287951658651
2021-06-29,0.005871954584572681,1,0.5185287951658651
2021-06-30,0.006287965977957333,1,0.5299076438941115
2021-07-01,0.015664613860446597,1,0.5299076438941115
2021-07-02,0.014542161919836705,1,0.5185287951658651
2021-07-06,0.005593830352603746,1,0.5299076438941115
2021-07-07,-0.04780957904490868,0,0.5299076438941115
2021-07-08,0.00533820906302096,1,0.5299076438941115
2021-07-09,0.01390110888266971,1,0.5241763372015473
2021-07-12,0.007929783826391201,1,0.5366056060978609
2021-07-13,-0.002095435234351517,0,0.5241763372015473
2021-07-14,-0.026820300966141297,0,0.5185287951658651
2021-07-15,-0.039433795774832414,0,0.5355551859297937
2021-07-16,-0.05860334549521262,0,0.5823158720852682
2021-07-19,0.04547824674202783,1,0.5833662922533355
2021-07-20,0.008115457379835211,1,0.5823158720852682
2021-07-21,0.040249732512401604,1,0.5299076438941115
2021-07-22,0.0007126515271920209,1,0.5811741152756603
2021-07-23,-0.017551772194673187,0,0.5366526904262753
2021-07-26,-0.0023818801344379636,0,0.5491151528887378
2021-07-27,0.0028028679126901324,1,0.5491151528887378
2021-07-28,0.010352575823621368,1,0.5491151528887378
2021-07-29,-0.005174492136352016,0,0.5491151528887378
2021-07-30,0.014522547662751961,1,0.5491151528887378
2021-08-02,0.002030548859293546,1,0.559059059059059
2021-08-03,0.01266459158547617,1,0.559059059059059
2021-08-04,0.025512483611802805,1,0.559059059059059
2021-08-05,0.0011708539288299846,1,0.5491151528887378
2021-08-06,-0.003800320255810563,0,0.5491151528887378
2021-08-09,-0.006064668902162729,0,0.559059059059059
2021-08-10,-0.013729245033309523,0,0.559059059059059
2021-08-11,-0.008631049149113612,0,0.6268518518518519
2021-08-12,0.0017614812841253435,1,0.5842238636872455
2021-08-13,0.011554465291735427,1,0.559059059059059
2021-08-16,-0.022348911814403793,0,0.6476851851851851
2021-08-17,-0.009398131088536044,0,0.6476851851851851
2021-08-18,-0.00030743934171395537,0,0.5935971348707197
2021-08-19,0.02549478791008064,1,0.5491151528887378
2021-08-20,0.049021936896371576,1,0.5491151528887378
2021-08-23,0.037289732754870464,1,0.5433280170122275
2021-08-24,-0.0007353896680215577,0,0.5334008767572185
2021-08-25,0.021300053977084454,1,0.556859322757869
2021-08-26,-0.0007209672875874151,0,0.5329968363531781
2021-08-27,0.029120341077470746,1,0.5508275767261229
2021-08-30,-0.005738069484262698,0,0.5508275767261229
2021-08-31,-0.00925301104965881,0,0.5512316171301634
2021-09-01,0.0014675872003622192,1,0.5769940332204483
2021-09-02,-0.008570736908233623,0,0.5512316171301634
2021-09-03,0.022754524469000392,1,0.5512316171301634
2021-09-07,-0.01401487147656455,0,0.5329968363531781
2021-09-08,-0.008928085789189799,0,0.5508275767261229
2021-09-09,0.0016134701484455949,1,0.5611587573851725
2021-09-10,0.015034825369572458,1,0.566786463012878
2021-09-13,-0.018030401321837308,0,0.6311250873515024
2021-09-14,0.0015265468130976068,1,0.6445642407906559
2021-09-15,-0.005648073161448441,0,0.560754716981132
2021-09-16,0.005274374147876015,1,0.5665542039070376
2021-09-17,-0.051749001575847164,0,0.6326617678321772
2021-09-20,0.012815851125855815,1,0.560754716981132
2021-09-21,-0.0023814041224315963,0,0.5508275767261229
2021-09-22,0.03622577694087248,1,0.5459589286659456
2021-09-23,-0.003161663761646172,0,0.5459589286659456
2021-09-24,-0.01631159414492256,0,0.5459589286659456
2021-09-27,-0.02284682279582828,0,0.5538431769273183
2021-09-28,-0.01291565254085425,0,0.5459589286659456
2021-09-29,-0.008214144453230765,0,0.5459589286659456
2021-09-30,-0.0008669230148465878,0,0.5459589286659456
2021-10-01,-0.01185517876755049,0,0.5459589286659456
2021-10-04,-0.027019239566528186,0,0.5475679640183089
2021-10-05,0.008521219752079867,1,0.5538431769273183
2021-10-06,0.04831025672281819,1,0.5039933270774685
2021-10-07,0.0004266031232551537,1,0.5475679640183089
2021-10-08,-0.024927527565358654,0,0.5459589286659456
2021-10-11,0.012296380617573766,1,0.5459589286659456
2021-10-12,0.004321172034692511,1,0.6319804340422898
2021-10-13,0.017688069429795172,1,0.5475679640183089
2021-10-14,0.02452082186258786,1,0.5502757454827625
2021-10-15,-0.002796709885453663,0,0.6319804340422898
2021-10-18,0.0242306334468414,1,0.5475679640183089
2021-10-19,0.0013021013209375543,1,0.5475679640183089
2021-10-20,-0.009325257355683014,0,0.5475679640183089
2021-10-21,0.03285498416817911,1,0.5190409024981018
2021-10-22,0.0065724384945684555,1,0.5190409024981018
2021-10-25,0.044225867766814586,1,0.5231129514940461
2021-10-26,0.020217608737202353,1,0.5190409024981018
2021-10-27,0.016507237496873106,1,0.5190409024981018
2021-10-28,0.004944067997906698,1,0.5387630639980642
2021-10-29,0.025918986931508625,1,0.5346910150021197
2021-11-01,0.006744949594581939,1,0.5190409024981018
2021-11-02,0.032840187142323174,1,0.5190409024981018
2021-11-03,0.020959909338198246,1,0.5346910150021197
2021-11-04,0.10863425172467434,1,0.5346910150021197
2021-11-05,-0.0012589335709334293,0,0.5190409024981018
2021-11-08,0.07074871752112744,1,0.5190409024981018
2021-11-09,-0.09063868099429073,0,0.5190409024981018
2021-11-10,0.03787978210798504,1,0.5231129514940461
2021-11-11,-0.015032170700814085,0,0.5190409024981018
2021-11-12,0.018060511192716566,1,0.5231129514940461
2021-11-15,-0.025955582385634113,0,0.6057422323618821
2021-11-16,0.02214447281887555,1,0.5734637231471625
2021-11-17,0.0640740205202952,1,0.5346910150021197
2021-11-18,-0.003830983012053535,0,0.5734637231471625
2021-11-19,0.03951223042391394,1,0.538557720640045
2021-11-22,-0.05913424968947867,0,0.5351907172730417
2021-11-23,-0.0023468358060270145,0,0.5351907172730417
2021-11-24,0.03620389625187581,1,0.5519410678661264
2021-11-26,-0.007177988168357796,0,0.5351907172730417
2021-11-29,0.024809755077495943,1,0.5523053665910808
2021-11-30,0.0016302764469358078,1,0.538557720640045
2021-12-01,-0.06035688861627109,0,0.5519410678661264
2021-12-02,0.025180923549038337,1,0.5519410678661264
2021-12-03,-0.06624991423996918,0,0.548574064499123
2021-12-06,0.036043983245592326,1,0.6037700104196267
2021-12-07,0.03365981302649246,1,0.5519410678661264
2021-12-08,-0.008281660599276486,0,0.5351907172730417
2021-12-09,-0.01840297111721101,0,0.5523053665910808
2021-12-10,-0.02892441672089563,0,0.5519410678661264
2021-12-13,-0.08430043127548836,0,0.7214170692431562
2021-12-14,0.02530794967166039,1,0.5519410678661264
2021-12-15,0.09690122486277009,1,0.6055938333201341
2021-12-16,-0.10166271746985145,0,0.5519410678661264
2021-12-17,-0.024298835305310962,0,0.5519410678661264
2021-12-20,0.039150408875870735,1,0.7214170692431562
2021-12-21,0.01822088642360531,1,0.5393284618892344
2021-12-22,0.029905335577651515,1,0.5393284618892344
2021-12-23,-0.003192671657073709,0,0.5393284618892344
2021-12-27,0.05569794776436887,1,0.5393284618892344
2021-12-28,-0.03318196769956161,0,0.5393284618892344
2021-12-29,-0.014732708872814193,0,0.5393284618892344
2021-12-30,-0.005129572393891002,0,0.5393284618892344
2021-12-31,0.004751611560046998,1,0.6093497611437605
2022-01-03,0.015495416643725779,1,0.5918293683347006
2022-01-04,-0.043861699035426804,0,0.5393284618892344
2022-01-05,-0.045217468918467896,0,0.5622483118683982
2022-01-06,0.01812601001409564,1,0.5918293683347006
2022-01-07,-0.055435004697231394,0,0.5393284618892344
2022-01-10,0.027914449193329638,1,0.7222641509433961
2022-01-11,0.027229963707555704,1,0.5918293683347006
2022-01-12,0.011116041306911129,1,0.5689095183555368
2022-01-13,-0.07325828243648924,0,0.5393284618892344
2022-01-14,-0.0015208376091063736,0,0.6104606696276484
2022-01-18,-0.006892626179409778,0,0.5393284618892344
2022-01-19,-0.029717539865563802,0,0.5393284618892344
2022-01-20,-0.07101626842631914,0,0.5393284618892344
2022-01-21,-0.05007006193565755,0,0.5358842996361508
2022-01-24,0.009673046957879405,1,0.5730772820922911
2022-01-25,0.030781321246660776,1,0.5358842996361508
2022-01-26,0.014113808067429678,1,0.5358842996361508
2022-01-27,-0.06602184635865971,0,0.5358842996361508
2022-01-28,0.05315263621141142,1,0.5358842996361508
2022-01-31,0.08290919257729756,1,0.5358842996361508
2022-02-01,0.02748570372011172,1,0.5358842996361508
2022-02-02,-0.051794898818007584,0,0.5358842996361508
2022-02-03,-0.019870835955812516,0,0.5358842996361508
2022-02-04,0.016686220002652963,1,0.5358842996361508
2022-02-07,-0.0005335412621607638,0,0.5358842996361508
2022-02-08,0.05184965315058121,1,0.5358842996361508
2022-02-09,0.014557579308054569,1,0.4036882286069304
2022-02-10,-0.0030388955844474763,0,0.5358842996361508
2022-02-11,-0.07647786141326018,0,0.5358842996361508
2022-02-14,0.04240815384933749,1,0.5358842996361508
2022-02-15,0.05250705046632542,1,0.5358842996361508
2022-02-16,-0.023953442919141033,0,0.5358842996361508
2022-02-17,-0.037534145513385075,0,0.5730772820922911
2022-02-18,-0.06619933611614703,0,0.5358842996361508
2022-02-22,0.03329724597833872,1,0.5392526467945461
2022-02-23,-0.1170910895154027,0,0.5947447483422995
2022-02-24,0.12876534978931686,1,0.5372097458752406
2022-02-25,0.011424428052253965,1,0.5307677983096976
2022-02-28,0.012462461984706685,1,0.5479106554525548
2022-03-01,-0.021857979774842495,0,0.5372097458752406
2022-03-02,0.021299790406241526,1,0.5718494825828714
2022-03-03,-0.036188395640925575,0,0.35285220397579947
2022-03-04,-0.024247272727609626,0,0.5372097458752406
2022-03-07,-0.06609079442552901,0,0.5479106554525548
2022-03-08,0.050588731510304186,1,0.5307677983096976
2022-03-09,0.006432427199328128,1,0.5372097458752406
2022-03-10,0.021792197959582982,1,0.5372097458752406
2022-03-11,-0.05008250316040053,0,0.5372097458752406
2022-03-14,-0.016050328079098564,0,0.5479106554525548
2022-03-15,0.09210895594918567,1,0.5479106554525548
2022-03-16,0.02638307512557536,1,0.35285220397579947
2022-03-17,0.028151030616689,1,0.5372097458752406
2022-03-18,0.06887359348709698,1,0.35285220397579947
2022-03-21,0.008299666322131971,1,0.5372097458752406
2022-03-22,-0.022486635098662777,0,0.5307677983096976
2022-03-23,0.0015310195132278714,1,0.5417056050973704
2022-03-24,0.06573424650737714,1,0.5417056050973704
2022-03-25,-0.004661794245034101,0,0.3559393733040312
2022-03-28,0.033830465805579246,1,0.5417056050973704
2022-03-29,-0.013626090785259448,0,0.5417056050973704
2022-03-30,-0.018442603985988626,0,0.5346180519827098
2022-03-31,-0.014649872503399997,0,0.5346180519827098
2022-04-01,-0.02363452642608188,0,0.5346180519827098
2022-04-04,0.019679841621807137,1,0.5584118391605023
2022-04-05,-0.08512535394769072,0,0.5417056050973704
2022-04-06,-0.01977218862672314,0,0.6023334077879533
2022-04-07,-0.021439157809228115,0,0.618099173553719
2022-04-08,-0.0712046658684079,0,0.5496308747464371
2022-04-11,0.014540276483080206,1,0.6236547291092746
2022-04-12,-0.03589653414765104,0,0.5417056050973704
2022-04-13,0.035760317370913786,1,0.5797331604818236
2022-04-14,-0.05798703855831522,0,0.5346180519827098
2022-04-18,0.024528166105791893,1,0.716988062442608
2022-04-19,0.036694383936966446,1,0.5417056050973704
2022-04-20,-0.035884215887356574,0,0.5417056050973704
2022-04-21,-0.0647655456023174,0,0.5417056050973704
2022-04-22,-0.05422838613815506,0,0.5316240926418224
2022-04-25,0.026872128057520372,1,0.5910780935974734
2022-04-26,-0.05680070344646171,0,0.5316240926418224
2022-04-27,0.019840634242042077,1,0.5659955853466484
2022-04-28,0.022934739054435438,1,0.5659955853466484
2022-04-29,-0.04437714101539614,0,0.5316240926418224
2022-05-02,0.04632979450142205,1,0.5316240926418224
2022-05-03,0.026958843589043546,1,0.5316240926418224
2022-05-04,-0.002810857383370169,0,0.5316240926418224
2022-05-05,-0.05692859889387347,0,0.5316240926418224
2022-05-06,-0.037467697339517936,0,0.5316240926418224
2022-05-09,-0.01913087006910108,0,0.6900399342259808
2022-05-10,-0.01933404405054706,0,0.6199494949494949
2022-05-11,-0.065025530557131,0,0.5316240926418224
2022-05-12,0.03508226849592622,1,0.7181273682923849
2022-05-13,0.0429475640660848,1,0.5316240926418224
2022-05-16,0.032268939649936046,1,0.5316240926418224
2022-05-17,-0.020416189089926706,0,0.5316240926418224
2022-05-18,-0.04337771190538864,0,0.5316240926418224
2022-05-19,0.023321895655968428,1,0.5338968199145496
2022-05-20,-0.061043115637961054,0,0.5316240926418224
2022-05-23,0.01450164005239385,1,0.5419613644359527
2022-05-24,-0.029678697238303076,0,0.5543182332235294
2022-05-25,0.0009983854347077603,1,0.5419613644359527
2022-05-26,0.1340733916181982,1,0.5419613644359527
2022-05-27,0.0436599783218552,1,0.5232447868958457
2022-05-31,-0.013487690784806272,0,0.5157584092602143
2022-06-01,-0.02307206351282487,0,0.5232447868958457
2022-06-02,0.04318832132101402,1,0.5232447868958457
2022-06-03,0.0029870760977570576,1,0.5232447868958457
2022-06-06,-0.034850327027793226,0,0.5339414040906578
2022-06-07,0.017917704515250765,1,0.5344749868003212
2022-06-08,-0.01691572205131464,0,0.5419613644359527
2022-06-09,-0.04767069971778304,0,0.5549727964455796
2022-06-10,-0.09090907282806637,0,0.5419613644359527
2022-06-13,-0.016812523260475554,0,0.6131629985664896
2022-06-14,0.023138983312916972,1,0.5796204164363369
2022-06-15,-0.01460085865464733,0,0.5543182332235294
2022-06-16,-0.013366956778535943,0,0.5543182332235294
2022-06-17,0.052850276174224664,1,0.5543182332235294
2022-06-21,-0.015113843371188151,0,0.5419613644359527
2022-06-22,0.01805739893266667,1,0.5232447868958457
2022-06-23,-0.001150379099721821,0,0.5446005361053905
2022-06-24,0.04921236690160158,1,0.5400279743294388
2022-06-27,-0.02379861874336564,0,0.5446005361053905
2022-06-28,-0.06426023316389207,0,0.5353983446998093
2022-06-29,-0.028645560881156995,0,0.5400279743294388
2022-06-30,-0.030076183442145465,0,0.5446005361053905
2022-07-01,-0.048593907325539254,0,0.5803306442039196
2022-07-05,0.058906522578649145,1,0.7333630421865717
2022-07-06,0.029713499960887013,1,0.5492301657350201
2022-07-07,-0.0016820189976830546,0,0.5353983446998093
2022-07-08,0.006221534371146253,1,0.5233250471332723
2022-07-11,-0.016617324898979602,0,0.5898445236680531
2022-07-12,-0.044406566710211925,0,0.5446005361053905
2022-07-13,0.03550386450439835,1,0.5828558967291722
2022-07-14,0.03647066896241058,1,0.5803306442039196
2022-07-15,0.04106244845827489,1,0.5454422869471413
2022-07-18,0.011287007406382443,1,0.5944741532976828
2022-07-19,0.027963265298014406,1,0.5446005361053905
2022-07-20,0.05534909312248093,1,0.5446005361053905
2022-07-21,0.0004471524144535888,1,0.5446005361053905
2022-07-22,-0.048845651730486495,0,0.5353983446998093
2022-07-25,-0.007638661805494329,0,0.5689596421923935
2022-07-26,0.008466872897818112,1,0.5297439559178838
2022-07-27,0.055366485396225906,1,0.5434904433485818
2022-07-28,-0.009012362524125073,0,0.5297439559178838
2022-07-29,0.020715127073521078,1,0.5297439559178838
2022-08-01,-0.0033001049169323338,0,0.5434904433485818
2022-08-02,0.003421447006024314,1,0.5434904433485818
2022-08-03,0.03657070110463456,1,0.5297439559178838
2022-08-04,-0.0020693571442373937,0,0.47598142894953877
2022-08-05,-0.06953731942082209,0,0.5297439559178838
2022-08-08,-0.014284106221953863,0,0.5434904433485818
2022-08-09,0.02585207920827237,1,0.5689596421923935
2022-08-10,0.024466074935599158,1,0.5327605471697691
2022-08-11,0.0015991578816076935,1,0.5434904433485818
2022-08-12,0.02979106780885199,1,0.62252841818764
2022-08-15,0.011710588060155569,1,0.5297439559178838
2022-08-16,-0.020983116115175338,0,0.5221008034307267
2022-08-17,-0.011985228815209914,0,0.5297439559178838
2022-08-18,0.005737443406329978,1,0.5434904433485818
2022-08-19,-0.049766509622687916,0,0.5297439559178838
2022-08-22,-0.0286448669650462,0,0.5434904433485818
2022-08-23,0.0013540269254770365,1,0.6314634583020017
2022-08-24,-0.009875238354791316,0,0.555092778000267
2022-08-25,0.06014011743788461,1,0.6314634583020017
2022-08-26,-0.10287310819292939,0,0.5249441580427299
2022-08-29,-0.0037452060743775606,0,0.6869440721002168
2022-08-30,-0.03609034470745531,0,0.555092778000267
2022-08-31,-0.07637800071718936,0,0.5852067161229294
2022-09-01,-0.007671064590428545,0,0.5321509269443478
2022-09-02,-0.02617040496819656,0,0.5321509269443478
2022-09-06,-0.011941407939403681,0,0.650445672641734
2022-09-07,-0.007668031500772554,0,0.5321509269443478
2022-09-08,0.051861287515546195,1,0.5321509269443478
2022-09-09,0.01497477613676046,1,0.5321509269443478
2022-09-12,-0.03945997971875326,0,0.5321509269443478
2022-09-13,-0.039704329237716274,0,0.5251730386941279
2022-09-14,-0.018032309242488664,0,0.7066079295154185
2022-09-15,-0.020975967045493094,0,0.5339044875277276
2022-09-16,0.02119002421025651,1,0.5321509269443478
2022-09-19,0.015601060540606948,1,0.5321509269443478
2022-09-20,-0.00015137943777554508,0,0.5231905974593501
2022-09-21,-0.010822617352309383,0,0.6232745961820852
2022-09-22,-0.04973223036593655,0,0.5435569558855599
2022-09-23,0.005716470063436896,1,0.5701526857983813
2022-09-26,0.0012809518023866318,1,0.5426839106125109
2022-09-27,-0.007755567319161383,0,0.5448653294765422
2022-09-28,0.00306192945422179,1,0.5435569558855599
2022-09-29,-0.02900057001666312,0,0.5448653294765422
2022-09-30,0.021510571580592774,1,0.5448653294765422
2022-10-03,0.043087588213764905,1,0.5747278491970741
2022-10-04,0.002484697897747301,1,0.5706006235941893
2022-10-05,0.023932947852929987,1,0.5706006235941893
2022-10-06,-0.0540847584511398,0,0.5747278491970741
2022-10-07,-0.037425103652676595,0,0.5279459670537346
2022-10-10,-0.03954478477293211,0,0.5958879799160283
2022-10-11,0.0015572641514074448,1,0.5273556231003039
2022-10-12,-0.05250903346363667,0,0.5958879799160283
2022-10-13,0.09898817022023199,1,0.5958879799160283
2022-10-14,-0.04470400641314831,0,0.5292543406447169
2022-10-17,0.0717134984495138,1,0.5448653294765422
2022-10-18,-0.03766992475600195,0,0.5435569558855599
2022-10-19,0.019698540993623004,1,0.5435569558855599
2022-10-20,-0.001238435119263026,0,0.5435569558855599
2022-10-21,0.03389010713491758,1,0.534678497115149
2022-10-24,0.01487040487128466,1,0.534678497115149
2022-10-25,0.013786115312389047,1,0.5656927805367508
2022-10-26,0.05913431443235728,1,0.5850445242317038
2022-10-27,-0.03859149505535309,0,0.534678497115149
2022-10-28,0.05143490878339141,1,0.510250161424437
2022-10-31,0.0023949977776758224,1,0.534678497115149
2022-11-01,0.0028238790853654105,1,0.5785326492632317
2022-11-02,-0.05826718148123833,0,0.5913233772894411
2022-11-03,0.07229925943235194,1,0.6018583578787987
2022-11-04,0.01730305147123623,1,0.510250161424437
2022-11-07,0.040272651349093413,1,0.6037883275507038
2022-11-08,-0.04317270971523468,0,0.6018583578787987
2022-11-09,0.04505031347237298,1,0.5294709940597264
2022-11-10,0.0680403307847608,1,0.6223376607110427
2022-11-11,0.026000856097747382,1,0.49826759061833686
2022-11-14,0.03107691136993984,1,0.5050426583690144
2022-11-15,-0.03348883217047882,0,0.5050426583690144
2022-11-16,-0.027657499796494678,0,0.49826759061833686
2022-11-17,0.015972107276097214,1,0.5050426583690144
2022-11-18,-0.051296609183158814,0,0.546415738766485
2022-11-21,0.011949673060468236,1,0.5217678704976961
2022-11-22,0.05023482469964713,1,0.5107470936232607
2022-11-23,0.013666163089321781,1,0.5644452192265865
2022-11-25,-0.01789430510698442,0,0.5324396287304299
2022-11-28,-0.0124173071521273,0,0.5324396287304299
2022-11-29,-0.007959860599010216,0,0.5324396287304299
2022-11-30,0.08294565855702873,1,0.5434604056048654
2022-12-01,-0.020001412606776903,0,0.5434604056048654
2022-12-02,0.0012010154669332973,1,0.5107470936232607
2022-12-05,-0.008933645730502482,0,0.5107470936232607
2022-12-06,-0.045856085642268396,0,0.5217678704976961
2022-12-07,0.03176533520148239,1,0.5434604056048654
2022-12-08,0.054507141074221055,1,0.5107470936232607
2022-12-09,-0.0071677034223325276,0,0.5217678704976961
2022-12-12,0.08769160142946197,1,0.5382603211364881
2022-12-13,-0.029356312161649245,0,0.5217678704976961
2022-12-14,-0.046755888217355324,0,0.5599528562436574
2022-12-15,-0.016447057495723283,0,0.5413325177570719
2022-12-16,-0.01731491895925774,0,0.5427526841194171
2022-12-19,-0.030654245188906692,0,0.574378426622466
2022-12-20,0.003112453116160374,1,0.5331212442559208
2022-12-21,-0.001240910770332837,0,0.5151633986928105
2022-12-22,-0.055797247240360726,0,0.5203537840703122
2022-12-23,-0.008028367311173179,0,0.5275631078219245
2022-12-27,-0.07609121380528039,0,0.6000925150493533
2022-12-28,0.0341063068535743,1,0.6420821791320406
2022-12-29,-0.004721649166465003,0,0.5151633986928105
2022-12-30,0.03606823577082263,1,0.5104809286898839
2023-01-03,-0.019123324815447762,0,0.547159067417884
2023-01-04,-0.005217296644927316,0,0.5284912646071965
2023-01-05,-0.0011732277194942409,0,0.5399497436662718
2023-01-06,0.05596255815931217,1,0.5455734437392371
2023-01-09,0.014590407262761174,1,0.5769047619047619
2023-01-10,0.021474054621858585,1,0.547159067417884
2023-01-11,0.016414193632619423,1,0.5032716049382716
2023-01-12,0.011055869391736195,1,0.5383641199876249
2023-01-13,0.03814993560918656,1,0.5203537840703122
2023-01-17,0.04544614126123103,1,0.5203537840703122
2023-01-18,-0.03571626985531895,0,0.5680081050579665
2023-01-19,-0.001467417805838367,0,0.5203537840703122
2023-01-20,0.06190118000201017,1,0.5203537840703122
2023-01-23,0.042238392833661154,1,0.49747241704606043
2023-01-24,0.0045682716507071675,1,0.5329505907388113
2023-01-25,0.04166444273926495,1,0.4889473455864051
2023-01-26,-0.012131437660263256,0,0.5188618755009351
2023-01-27,0.025074519250724236,1,0.5188618755009351
2023-01-30,-0.039097882378392734,0,0.5398950351832559
2023-01-31,0.02717800363186007,1,0.5539086745711468
2023-02-01,0.06647691710891745,1,0.4889473455864051
2023-02-02,7.82733544646419e-09,1,0.5188618755009351
2023-02-03,-0.009237908051754062,0,0.5188618755009351
2023-02-06,0.027684150427120136,1,0.5188618755009351
2023-02-07,0.047002220003133255,1,0.46341128320823755
2023-02-08,0.009782406830888268,1,0.5398199593332703
2023-02-09,-0.040520240463494894,0,0.4889473455864051
2023-02-10,-0.0070077744804040165,0,0.5539086745711468
2023-02-13,0.001857144906625141,1,0.5398199593332703
2023-02-14,0.04499960346568166,1,0.5539086745711468
2023-02-15,-0.01844870410793986,0,0.5188618755009351
2023-02-16,-0.022681075051248167,0,0.46341128320823755
2023-02-17,-0.029171122554475293,0,0.5258063199453795
2023-02-21,-0.013952339292755411,0,0.5002702575672119
2023-02-22,0.13198447793723456,1,0.5188618755009351
2023-02-23,-0.009172552804259548,0,0.5305868655664097
2023-02-24,0.019160201582863134,1,0.5124996827427272
2023-02-27,-0.012589571801314703,0,0.5364776701641109
2023-02-28,-0.007701462506704226,0,0.5305868655664097
2023-03-01,-0.030355153829715986,0,0.5305868655664097
2023-03-02,0.03699724770762258,1,0.5305868655664097
2023-03-03,0.024485667882022,1,0.5124996827427272
2023-03-06,-0.012012664709517673,0,0.5124996827427272
2023-03-07,-0.00478827873167742,0,0.5305868655664097
2023-03-08,0.029292805251319054,1,0.5305868655664097
2023-03-09,-0.03168555034381482,0,0.5305868655664097
2023-03-10,-0.028066104435792716,0,0.5364776701641109
2023-03-13,0.03270053556208197,1,0.5364776701641109
2023-03-14,0.011278499281137,1,0.5305868655664097
2023-03-15,0.01119473043011876,1,0.5250313100108541
2023-03-16,0.08136683359209629,1,0.5305868655664097
2023-03-17,-0.014125268410251413,0,0.5305868655664097
2023-03-20,0.02205763237122893,1,0.5364776701641109
2023-03-21,0.009358011411529699,1,0.5305868655664097
2023-03-22,0.026111670927807973,1,0.5277774605205049
2023-03-23,-0.0030977110412807596,0,0.5305868655664097
2023-03-24,-0.007177112441193456,0,0.5055878933375552
2023-03-27,-0.014532003150906636,0,0.49807155346827425
2023-03-28,0.014292829554420239,1,0.5281123266916828
2023-03-29,0.01506028967920825,1,0.5649964985994397
2023-03-30,-0.003268463954239187,0,0.5055878933375552
2023-03-31,0.01359606802362201,1,0.5357797372752836
2023-04-03,0.016612725668539552,1,0.5281123266916828
2023-04-04,-0.04065641721975033,0,0.5541190631070753
2023-04-05,-0.009131977914502598,0,0.602094451815814
2023-04-06,0.008990372006621339,1,0.5541190631070753
2023-04-10,0.03359067360445245,1,0.5606550108194936
2023-04-11,-0.012768761622374059,0,0.5541190631070753
2023-04-12,-0.02323720320072964,0,0.5387830896372277
2023-04-13,-0.008603281555480624,0,0.5715324463118581
2023-04-14,0.0023016377056801485,1,0.5715324463118581
2023-04-17,0.03643900154360735,1,0.5315946297529476
2023-04-18,-0.006247121797658517,0,0.5805684613868425
2023-04-19,0.011329919632205199,1,0.5240782898836667
2023-04-20,-0.02598387050011719,0,0.5240782898836667
2023-04-21,0.0022632666299009507,1,0.542472065245312
2023-04-24,0.002406277104683552,1,0.5315946297529476
2023-04-25,-0.002806745872248939,0,0.5057881855251053
2023-04-26,0.013369372150437764,1,0.5057881855251053
2023-04-27,-0.005043223082885073,0,0.548511190219941
2023-04-28,0.022589614323018647,1,0.5282864711188173
2023-05-01,0.03017231934340847,1,0.5593922535685429
2023-05-02,-0.0292887076141799,0,0.5057881855251053
2023-05-03,-0.006788945244636468,0,0.5386153568866076
2023-05-04,0.006328944200748365,1,0.5531961328788878
2023-05-05,0.025012725377785205,1,0.5829633005770899
2023-05-08,0.013217921450550563,1,0.5854246226586652
2023-05-09,0.0036677839143455238,1,0.5057881855251053
2023-05-10,-0.003757918832142604,0,0.5386153568866076
2023-05-11,-0.012700839552093224,0,0.5829633005770899
2023-05-12,-0.0007360174872842462,0,0.5692880869018763
2023-05-15,0.011681012383108591,1,0.5629870475987421
2023-05-16,0.025761932513617136,1,0.5386153568866076
2023-05-17,0.02792045836462087,1,0.548511190219941
2023-05-18,0.037027248055420126,1,0.5324192361969524
2023-05-19,-0.020135693800827137,0,0.5265650822070406
2023-05-22,0.0032038176690589726,1,0.5265650822070406
2023-05-23,-0.02548396312097534,0,0.5265650822070406
2023-05-24,0.2751738688432124,1,0.5424277631844816
2023-05-25,-0.016431871731739878,0,0.5956114842253456
2023-05-26,0.07139105726427952,1,0.36218980190231
2023-05-30,-0.027269442994193538,0,0.3604160533804337
2023-05-31,-0.025298822748840655,0,0.5412021475813223
2023-06-01,0.04177844072774395,1,0.5424277631844816
2023-06-02,-0.02962859222623404,0,0.5403834562279625
2023-06-05,-0.0020301976052679027,0,0.5230774806986059
2023-06-06,0.0022928792416769816,1,0.5230774806986059
2023-06-07,-0.03060535620574878,0,0.5230774806986059
2023-06-08,0.03480557821696606,1,0.5230774806986059
2023-06-09,0.0041754691945576905,1,0.5196230085488115
2023-06-12,0.025153152025371606,1,0.5230774806986059
2023-06-13,0.015876152814020772,1,0.5614144623417565
2023-06-14,0.04355287004214348,1,0.5213037321767297
2023-06-15,0.01990496441916556,1,0.5213967570706877
2023-06-16,-0.010402767095147092,0,0.5230774806986059
2023-06-20,0.011698276928013618,1,0.5424277631844816
2023-06-21,-0.02868895157693141,0,0.5230774806986059
2023-06-22,0.004993793149538961,1,0.5424277631844816
2023-06-23,-7.058266457604656e-05,0,0.5412372869940054
2023-06-26,-0.03914186017901056,0,0.6127905020172256
2023-06-27,-0.0034069299508334705,0,0.6618678479143595
2023-06-28,0.022085524838030057,1,0.5371278966862655
2023-06-29,0.002935634365228257,1,0.5341075297763239
2023-06-30,0.020081578362643793,1,0.5540142972641957
2023-07-03,-0.008984724105680408,0,0.5404536085964712
2023-07-05,-0.006906117375932608,0,0.5371278966862655
2023-07-06,0.011423202138435506,1,0.5344375658157225
2023-07-07,0.007915425180389013,1,0.5540142972641957
2023-07-10,-0.004125841938075747,0,0.5139778346771707
2023-07-11,0.012993825445373863,1,0.5734979702937658
2023-07-12,0.034508734693953436,1,0.5344375658157225
2023-07-13,0.04638561901539373,1,0.5314171989057811
2023-07-14,-0.006311319730110343,0,0.5109574677672293
2023-07-17,0.008900536189050623,1,0.5374332416865298
2023-07-18,0.01633802763247516,1,0.5112875038066279
2023-07-19,-0.020162631616873816,0,0.5139778346771707
2023-07-20,-0.015460181093963743,0,0.5314171989057811
2023-07-21,-0.023084513667917417,0,0.5982319843390257
2023-07-24,0.004694697535336356,1,0.5862052425833993
2023-07-25,0.024031574379948406,1,0.5371278966862655
2023-07-26,0.010821199197747156,1,0.5622873371513958
2023-07-27,0.003203055043025538,1,0.5384505713237834
2023-07-28,0.0018427153593385537,1,0.5327668157386268
2023-07-31,-0.006288379882390727,0,0.5354938405545525
2023-08-01,-0.013538372271650667,0,0.5384505713237834
2023-08-02,-0.04431515958781462,0,0.5622873371513958
2023-08-03,0.027055011163651832,1,0.7181847730488319
2023-08-04,0.002800889800869122,1,0.6070736619377207
2023-08-07,-0.005719279920252784,0,0.6070736619377207
2023-08-08,-0.012908928835029032,0,0.5357235465078576
2023-08-09,-0.04774813253646759,0,0.6070736619377207
2023-08-10,-0.009700907161834582,0,0.5464982133646653
2023-08-11,-0.0302987474286045,0,0.5622873371513958
2023-08-14,0.10062753506021038,1,0.5622873371513958
2023-08-15,-0.0008978955987597459,0,0.5622873371513958
2023-08-16,-0.012354100876339702,0,0.5404211956521738
2023-08-17,-0.030361584478461823,0,0.5464982133646653
2023-08-18,0.043603010346179305,1,0.5357235465078576
2023-08-21,0.08183105059265716,1,0.5464982133646653
2023-08-22,-0.04713819910314976,0,0.5464982133646653
2023-08-23,0.094841366323134,1,0.5357235465078576
2023-08-24,-0.06380422863234991,0,0.5029761904761906
2023-08-25,-0.011273740064693505,0,0.5274065404879359
2023-08-28,0.003958510459051823,1,0.5387160642974597
2023-08-29,0.050957643001918296,1,0.4915584415584416
2023-08-30,0.0068511469995100605,1,0.5193362193362193
2023-08-31,0.007735988023538143,1,0.4915584415584416
2023-09-01,-0.03092725162016685,0,0.5409119360585488
2023-09-05,0.004603365284105987,1,0.5409119360585488
2023-09-06,-0.060196812671313604,0,0.5387160642974597
2023-09-07,0.009159666693920876,1,0.6372476155084851
2023-09-08,0.004484001144162031,1,0.5243098688750862
2023-09-11,-0.030553895731033065,0,0.5409119360585488
2023-09-12,-0.0030847044285690073,0,0.5409119360585488
2023-09-13,0.030269185085021633,1,0.5296024122490249
2023-09-14,-0.01325377877685674,0,0.5556117290192114
2023-09-15,-0.05718872540063791,0,0.5409119360585488
2023-09-18,0.025381398077937378,1,0.5455703211517166
2023-09-19,-0.0053156042338367016,0,0.5409119360585488
2023-09-20,-0.04626156027399608,0,0.5455703211517166
2023-09-21,-0.0002644345780359325,0,0.5409119360585488
2023-09-22,0.0004569466529993349,1,0.5409119360585488
2023-09-25,0.00985782377292077,1,0.5363803094275074
2023-09-26,0.007833103938604147,1,0.517706306641931
2023-09-27,0.0030711461866119727,1,0.5538162068634048
2023-09-28,0.03219503433134219,1,0.5363803094275074
2023-09-29,0.004631767414645216,1,0.5363803094275074
2023-10-02,0.017669989074079018,1,0.5363803094275074
2023-10-03,-0.023790456604289023,0,0.517706306641931
2023-10-04,0.007041327700469058,1,0.6871495401967381
2023-10-05,0.003246198848462667,1,0.4726358841067197
2023-10-06,0.014685654611431564,1,0.4726358841067197
2023-10-09,0.010436803055586141,1,0.517706306641931
2023-10-10,0.019554049659391115,1,0.5349160784973721
2023-10-11,0.01257677956130654,1,0.5770914199105394
2023-10-12,0.003912200216778183,1,0.4726358841067197
2023-10-13,-0.04039619005037187,0,0.5349160784973721
2023-10-16,-0.023588934414225382,0,0.5957654226961157
2023-10-17,-0.032022934869667896,0,0.517706306641931
2023-10-18,0.005165678942373075,1,0.7465346534653464
2023-10-19,-0.021513421059979,0,0.5363803094275074
2023-10-20,-0.01577930262145355,0,0.5538162068634048
2023-10-23,0.04482270116434717,1,0.5722070114611059
2023-10-24,0.007451690877959605,1,0.5420799552238753
2023-10-25,-0.03560061389115987,0,0.546168768041828
2023-10-26,-0.017274835397628197,0,0.5616073644547731
2023-10-27,-0.0010451062534515554,0,0.5529558148813011
2023-10-30,-0.01550398497815042,0,0.5562527604745732
2023-10-31,0.010729358144583534,1,0.546168768041828
2023-11-01,0.0597787525858926,1,0.5449708982038289
2023-11-02,0.015971379266350283,1,0.5030554523308147
2023-11-03,0.028737021503370874,1,0.5355301611881585
2023-11-06,0.009583586115361475,1,0.5540589425726448
2023-11-07,0.008333456885820878,1,0.5458985024532752
2023-11-08,0.02965298751564105,1,0.5560753459634521
2023-11-09,0.0006953242834168982,1,0.5511679995926911
2023-11-10,0.01726316046387666,1,0.555684094390351
2023-11-13,0.028145683134845,1,0.5443123538786875
2023-11-14,0.00513272447946167,1,0.5490597110217816
2023-11-15,-0.025152633794189083,0,0.5458985024532752
2023-11-16,0.017358573586750747,1,0.5449708982038289
2023-11-17,-0.004280839357056365,0,0.5490597110217816
2023-11-20,0.016507121604722563,1,0.5418486928784412
2023-11-21,-0.005466071024075592,0,0.5103413528610379
2023-11-22,-0.027722044079110053,0,0.5351605540387917
2023-11-24,-0.013823065322152495,0,0.6087654757247246
2023-11-27,0.009121395898127105,1,0.553173406494798
2023-11-28,0.002964520666319803,1,0.5420379729742879
2023-11-29,-0.007337945680323976,0,0.5420379729742879
2023-11-30,-0.031213448788272147,0,0.6087654757247246
2023-12-01,-0.009629239671283707,0,0.5404529729032116
2023-12-04,-0.01317372147585505,0,0.5420379729742879
2023-12-05,0.03846836619024918,1,0.5363793687154339
2023-12-06,-0.03208729557879586,0,0.5349874853080261
2023-12-07,0.019584442085553988,1,0.552807221100364
2023-12-08,0.019229543391168447,1,0.5312800665146824
2023-12-11,-0.03042688446931019,0,0.5345016508000747
2023-12-12,0.0343785415065867,1,0.5296950664436062
2023-12-13,0.015977682995758524,1,0.5296950664436062
2023-12-14,-0.004050470629439196,0,0.5477079188996125
2023-12-15,0.025023976651244784,1,0.5367455541098679
2023-12-18,0.00048571739909308853,1,0.5461229188285363
2023-12-19,0.004673865411060962,1,0.552807221100364
2023-12-20,-0.016997175118661056,0,0.552807221100364
2023-12-21,0.007867022875776453,1,0.553173406494798
2023-12-22,-0.00461424949416589,0,0.5535099410103812
2023-12-26,0.011088873924223863,1,0.536397343463001
2023-12-27,0.0026659062031662017,1,0.5535099410103812
2023-12-28,0.0034244135853103153,1,0.5535099410103812
2023-12-29,-0.01142239937001166,0,0.5535099410103812
2024-01-02,-0.035720265251899086,0,0.5535099410103812
2024-01-03,0.005938712078882746,1,0.5535099410103812
2024-01-04,0.014549802264330891,1,0.5199957069820084
2024-01-05,0.021666517174288247,1,0.5269753466339521
2024-01-08,0.058349531454935155,1,0.5535099410103812
2024-01-09,0.02318649540080986,1,0.5091024607946445
2024-01-10,0.025794566414856668,1,0.49198986324726435
2024-01-11,-0.006891070215237938,0,0.5028831094346282
2024-01-12,0.007286735178188453,1,0.5535099410103812
2024-01-16,0.024155772012407706,1,0.5535099410103812
2024-01-17,0.016203085165384934,1,0.536397343463001
2024-01-18,0.012731393735921914,1,0.5535099410103812
2024-01-19,0.03552405741826381,1,0.5091024607946445
2024-01-22,-0.007976765960536092,0,0.5535099410103812
2024-01-23,0.012321628612594004,1,0.5535099410103812
2024-01-24,0.03392796811755083,1,0.5535099410103812
2024-01-25,-0.022293407505509788,0,0.561124388289232
2024-01-26,0.004461868248740286,1,0.5516669175201598
2024-01-29,0.027240692160849678,1,0.561124388289232
2024-01-30,-0.023211432493371098,0,0.5306082184406963
2024-01-31,0.010742226274446764,1,0.561124388289232
2024-02-01,0.030176974659296585,1,0.561124388289232
2024-02-02,0.06644894685667246,1,0.561124388289232
2024-02-05,0.02059373103748774,1,0.561124388289232
2024-02-06,-0.018828235640471647,0,0.561124388289232
2024-02-07,0.025688329118534803,1,0.561124388289232
2024-02-08,0.006550485402565531,1,0.5393868580667607
2024-02-09,0.02930520567708972,1,0.5306082184406963
2024-02-12,-0.030302773930179994,0,0.545720966854915
2024-02-13,0.0398010606279382,1,0.561124388289232
2024-02-14,0.009111682857913195,1,0.561124388289232
2024-02-15,0.0031271486557935546,1,0.5152047970063793
2024-02-16,-0.02905533843694419,0,0.5088706882182251
2024-02-20,-0.05477650798393008,0,0.5088706882182251
2024-02-21,0.10321149949649566,1,0.6275388291517323
2024-02-22,0.07684103125501829,1,0.561124388289232
2024-02-23,-0.013491726652067104,0,0.5187423464856932
2024-02-26,-0.004002699240464258,0,0.5484224012947165
2024-02-27,-0.022183921952614982,0,0.5048481669289503
2024-02-28,0.018989935143716608,1,0.4648015873015872
2024-02-29,0.011454655709590478,1,0.47642439431913114
2024-03-01,0.05162505237927295,1,0.5048481669289503
2024-03-04,0.013598036566599747,1,0.4682629538963688
2024-03-05,0.03227398264998871,1,0.4608033536756689
2024-03-06,0.02426656076746614,1,0.5527132488956465
2024-03-07,0.05523640010780473,1,0.43983918128654964
2024-03-08,-0.09154079711305019,0,0.5023600116423658
2024-03-11,0.018743830732919298,1,0.5527132488956465
2024-03-12,0.03413994821698485,1,0.5527132488956465
2024-03-13,-0.016231794613848494,0,0.5484224012947165
2024-03-14,-0.02955004955301732,0,0.5548800087279337
2024-03-15,0.03977894846314345,1,0.5591708563288638
2024-03-18,-0.040801789365375596,0,0.5591708563288638
2024-03-19,0.03572101399407468,1,0.5527132488956465
2024-03-20,0.027873849888829128,1,0.5484224012947165
2024-03-21,-0.012556905442285604,0,0.5444928719903332
2024-03-22,0.030721782822191512,1,0.5484224012947165
2024-03-25,0.02033181030720521,1,0.49727176418316904
2024-03-26,-0.028575607528699143,0,0.560486935459355
2024-03-27,-0.03342202832540453,0,0.560486935459355
2024-03-28,0.0033222269366144364,1,0.5579192417151907
2024-04-01,-0.02049864896965481,0,0.560486935459355
2024-04-02,0.0004071832748888671,1,0.560486935459355
2024-04-03,0.021721173605423028,1,0.560486935459355
2024-04-04,-0.03915668765405145,0,0.560486935459355
2024-04-05,0.02111305299421473,1,0.5290269871389417
2024-04-08,-0.014182660531973146,0,0.560486935459355
2024-04-09,-0.04020945078550253,0,0.560486935459355
2024-04-10,0.04163194259003755,1,0.560486935459355
2024-04-11,0.02606943605381895,1,0.5333954321913813
2024-04-12,-0.006700141171539942,0,0.560486935459355
2024-04-15,-0.02991088073269932,0,0.5618772286848355
2024-04-16,0.02206336918142071,1,0.560486935459355
2024-04-17,-0.0381481842263397,0,0.560486935459355
2024-04-18,-0.0214191422647918,0,0.560486935459355
2024-04-19,-0.06068554730102049,0,0.560486935459355
2024-04-22,0.03412096772555162,1,0.5618772286848355
2024-04-23,0.03938403927853207,1,0.52857855185939
2024-04-24,-0.0605359494554395,0,0.560486935459355
2024-04-25,0.06276300958799808,1,0.5503140311842692
2024-04-26,0.04506201393905429,1,0.5512813737009076
2024-04-29,-0.004052851547888259,0,0.5627976069152539
2024-04-30,-0.024793701408049595,0,0.5347776960269077
2024-05-01,-0.007381388273128953,0,0.5512813737009076
2024-05-02,0.03955044734526458,1,0.5512813737009076
2024-05-03,0.018236948169830125,1,0.5512813737009076
2024-05-06,0.019107104597472224,1,0.5512813737009076
2024-05-07,-0.017728150303466306,0,0.5512813737009076
2024-05-08,0.011689516430176905,1,0.5503140311842692
2024-05-09,-0.002474412585976249,0,0.5082410806606146
2024-05-10,0.001915773695298384,1,0.5508236075994825
2024-05-13,-0.009715071206921277,0,0.5512813737009076
2024-05-14,0.032065044614281835,1,0.600881144998792
2024-05-15,0.026364911895151888,1,0.5715250843927314
2024-05-16,-0.00570027664041628,0,0.5627976069152539
2024-05-17,-0.006559390869350645,0,0.5627976069152539
2024-05-20,-0.0016106597253889854,0,0.5259179945183887
2024-05-21,0.019871790345070695,1,0.5508236075994825
2024-05-22,0.06881519447492956,1,0.5402750843927314
2024-05-23,0.023728722979547978,1,0.5217565658742128
2024-05-24,0.05548159258399554,1,0.5230433177907471
2024-05-28,0.025452781135706815,1,0.5230433177907471
2024-05-29,0.014152858609114194,1,0.4344387039929513
2024-05-30,-0.018578277401122834,0,0.514272030651341
2024-05-31,0.00978492572516343,1,0.5535138132688042
2024-06-03,0.018438529073149024,1,0.554395527864572
2024-06-04,0.02294404665870431,1,0.5404479617980845
2024-06-05,0.047959430860154306,1,0.5423422060899374
2024-06-06,-0.034486583589800834,0,0.5503881831014318
2024-06-07,0.0050096041181943995,1,0.554395527864572
2024-06-10,0.01171386536332819,1,0.5535138132688042
2024-06-11,0.010593641231797069,1,0.5419590643274853
2024-06-12,0.051438535813462805,1,0.554395527864572
2024-06-13,0.004405200638184059,1,0.5500050413389796
2024-06-14,0.023315087480709984,1,0.5436684660368871
2024-06-17,-0.013910977006909686,0,0.5173976608187134
2024-06-18,0.0660362507195944,1,0.5512698976971996
2024-06-20,-0.09070105611295187,0,0.5423422060899374
2024-06-21,-0.030522421386155574,0,0.5503881831014318
2024-06-24,-0.016553003650353615,0,0.554395527864572
2024-06-25,0.04067649957931563,1,0.5512698976971996
2024-06-26,-0.016094424150987496,0,0.542842076982609
2024-06-27,0.0038678722071430194,1,0.5583059945083823
2024-06-28,-0.00890994723969385,0,0.5583059945083823
2024-07-01,-0.018952038255134918,0,0.5648546555989612
2024-07-02,0.004375756081933746,1,0.545399638370585
2024-07-03,0.04701600776343362,1,0.5519482994611641
2024-07-05,0.0008635722303753646,1,0.5583059945083823
2024-07-08,0.022433188676568516,1,0.5519482994611641
2024-07-09,0.028231588504642913,1,0.5425567637967017
2024-07-10,0.012832969755014023,1,0.5310425685425685
2024-07-11,-0.055175058260965915,0,0.5414559810178368
2024-07-12,0.017932437101474408,1,0.5583059945083823
2024-07-15,-0.016237744638433638,0,0.5519482994611641
2024-07-16,-0.055200919398164405,0,0.5321433513214334
2024-07-17,0.004120289860950699,1,0.5519482994611641
2024-07-18,-0.012310126885810013,0,0.5648546555989612
2024-07-19,-2.588492309385515e-09,0,0.545399638370585
2024-07-22,0.020191118660124685,1,0.5519482994611641
2024-07-23,-0.029402107273234557,0,0.5300578058396616
2024-07-24,-0.05143915417395728,0,0.5480046421084156
2024-07-25,0.02786620155879116,1,0.574711893889976
2024-07-26,-0.02151648470554479,0,0.5676984179160145
2024-07-29,-0.01908706048516906,0,0.552437842543467
2024-07-30,0.012374469871146099,1,0.552437842543467
2024-07-31,0.041009824934806094,1,0.5638577529089301
2024-08-01,-0.11716163725351791,0,0.552437842543467
2024-08-02,-0.11276019028560769,0,0.547811211545933
2024-08-05,0.12795989900393523,1,0.5638577529089301
2024-08-06,0.038232004580331935,1,0.5186166833347535
2024-08-07,-0.053891081518276374,0,0.5186166833347535
2024-08-08,0.035686234524164195,1,0.5346632246977506
2024-08-09,0.0064370273436877845,1,0.5016903313049358
2024-08-12,0.05756214546890859,1,0.5503659171327817
2024-08-13,0.054162213515321245,1,0.4659700452803901
2024-08-14,0.0019403961615493959,1,0.4659700452803901
2024-08-15,0.026776629302224242,1,0.46361561866125767
2024-08-16,0.019189675768690684,1,0.4659700452803901
2024-08-19,0.03315114914285222,1,0.5295479134440658
2024-08-20,-0.008411136133225527,0,0.5363913011804698
2024-08-21,0.021206222386433993,1,0.5186166833347535
2024-08-22,-0.031994915397349444,0,0.5343193757697846
2024-08-23,0.02947715233712378,1,0.5594273731620947
2024-08-26,-0.03488448615016293,0,0.5490144833163676
2024-08-27,0.024549984903893263,1,0.5894519205316965
2024-08-28,-0.05276309564689696,0,0.5490144833163676
2024-08-29,-0.015079123887204893,0,0.5483658183523467
2024-08-30,-0.0294485987109937,0,0.5483658183523467
2024-09-03,-0.09137142259107411,0,0.5557319987080772
2024-09-04,-0.003984448544429919,0,0.5619847511036726
2024-09-05,0.02905044333775586,1,0.5483658183523467
2024-09-06,-0.02924859766996546,0,0.5483658183523467
2024-09-09,0.027936734338384728,1,0.5557319987080772
2024-09-10,0.014655438986584501,1,0.541648302960637
2024-09-11,0.06819630947809219,1,0.5341656472659481
2024-09-12,0.019171487094887585,1,0.5490144833163676
2024-09-13,-0.019230739494144,0,0.5483658183523467
2024-09-16,0.011816100672484398,1,0.5483658183523467
2024-09-17,-0.019294289703517986,0,0.5483658183523467
2024-09-18,0.012598158961944383,1,0.5490144833163676
2024-09-19,-0.0024712078349889977,0,0.5557319987080772
2024-09-20,-0.004356747877824918,0,0.541648302960637
2024-09-23,-0.00025741107645049777,0,0.5490144833163676
2024-09-24,0.047202187914249016,1,0.5490144833163676
2024-09-25,0.03917398365374747,1,0.555839936541691
2024-09-26,-0.022318615642920814,0,0.5485271474650752
2024-09-27,-0.04565628551267786,0,0.5485271474650752
2024-09-30,0.02924513387364791,1,0.5264218237902448
2024-10-01,-0.04377091640536246,0,0.5264218237902448
2024-10-02,0.03847477407234079,1,0.555839936541691
2024-10-03,0.03324511027099075,1,0.5542957589378914
2024-10-04,0.00040006881899468105,1,0.555839936541691
2024-10-07,0.04216342092052128,1,0.5616085480145071
2024-10-08,0.029556256269879233,1,0.5284082455591477
2024-10-09,-0.016404326185695095,0,0.47025641025641024
2024-10-10,0.015919873054394795,1,0.5485271474650752
2024-10-11,0.018356926684977015,1,0.5616085480145071
2024-10-14,0.010258563787623798,1,0.5616085480145071
2024-10-15,-0.028215065410063356,0,0.5614353203500492
2024-10-16,0.04000617632498393,1,0.7321581831385754
2024-10-17,-0.004808546589759599,0,0.555839936541691
2024-10-18,-0.0038940011390303786,0,0.5616085480145071
2024-10-21,0.03460515249983254,1,0.5614353203500492
2024-10-22,-0.0061577566402755135,0,0.5616085480145071
2024-10-23,-0.00851938542503683,0,0.5616085480145071
2024-10-24,0.0007810926841176347,1,0.5548735492941675
2024-10-25,0.014687943807136117,1,0.5548735492941675
2024-10-28,-0.01895092114658281,0,0.5756018406106942
2024-10-29,-0.005346100410472454,0,0.543878964653813
2024-10-30,-0.01390259399051852,0,0.5643273308067726
2024-10-31,-0.021075657388236135,0,0.5548735492941675
2024-11-01,0.01863401210413196,1,0.5548735492941675
2024-11-04,0.0017490344738393393,1,0.5548735492941675
2024-11-05,0.04008735372688066,1,0.5548735492941675
2024-11-06,0.023992814146354347,1,0.546760253591373
2024-11-07,0.016257785608016384,1,0.546760253591373
2024-11-08,-0.0006049682541476864,0,0.5548735492941675
2024-11-11,-0.012779102878296311,0,0.546760253591373
2024-11-12,0.015601476060064012,1,0.5357656689510185
2024-11-13,-0.009592850726877766,0,0.5548735492941675
2024-11-14,-0.018761647762126854,0,0.543878964653813
2024-11-15,-0.037067798819442555,0,0.5643273308067726
2024-11-18,0.013046691566509061,1,0.5669995458894889
2024-11-19,0.04309360381418181,1,0.5548735492941675
2024-11-20,0.013160773905220635,1,0.5548735492941675
2024-11-21,-0.022899482604955557,0,0.5422685072773609
2024-11-22,-0.0269991953293498,0,0.5459741400914232
2024-11-25,-0.030213235224572865,0,0.5801145179035895
2024-11-26,-0.019535298481648034,0,0.5601218713123252
2024-11-27,0.013110117886583339,1,0.5526692967865799
2024-11-29,0.014987465339520778,1,0.5459741400914232
2024-12-02,-0.004105612603526043,0,0.5532366080988503
2024-12-03,0.027050409185053192,1,0.48458548555696135
2024-12-04,0.021971911514977016,1,0.5532366080988503
2024-12-05,-0.003514650312582024,0,0.5601218713123252
2024-12-06,-0.0389350034649375,0,0.5601218713123252
2024-12-09,0.00028794895096839745,1,0.5532366080988503
2024-12-10,-0.011869675387912504,0,0.5801145179035895
2024-12-11,-0.002038489263645249,0,0.5601218713123252
2024-12-12,0.013568838354007795,1,0.54377115112544
2024-12-13,-0.03425967334283608,0,0.5601218713123252
2024-12-16,-0.03793402156922998,0,0.5601218713123252
2024-12-17,0.03695091854380994,1,0.5601218713123252
2024-12-18,-0.015687962308068015,0,0.5459741400914232
2024-12-19,-0.014799624910734499,0,0.5390888768779484
2024-12-20,0.04984205811634346,1,0.5351103459317336
2024-12-23,0.0272968358366239,1,0.5526692967865799
2024-12-24,-0.0021429163362463033,0,0.5628163265306122
2024-12-26,-0.00823192461183031,0,0.5856518589538724
2024-12-27,-0.026849530221695894,0,0.5550396140559132
2024-12-30,0.02373371161563309,1,0.5550396140559132
2024-12-31,-0.014707062044996944,0,0.5856518589538724
2025-01-02,0.029485260270218916,1,0.5628163265306122
2025-01-03,0.06128154490083482,1,0.5206939350435675
2025-01-06,0.029880688362608376,1,0.5550396140559132
2025-01-07,-0.06828703438860007,0,0.5550396140559132
2025-01-08,-0.035979990382083216,0,0.5550396140559132
2025-01-10,-0.05427421271237021,0,0.5550396140559132
2025-01-13,0.04661899024013305,1,0.5856518589538724
2025-01-14,-0.01764065842725937,0,0.5550396140559132
2025-01-15,0.03733625698527354,1,0.5550396140559132
2025-01-16,-0.014065112937515112,0,0.5550396140559132
2025-01-17,0.018070086551603026,1,0.5195142928163063
2025-01-21,0.03952294389809752,1,0.5330396140559133
2025-01-22,0.002695936967946677,1,0.5856518589538724
2025-01-23,0.022888542028033587,1,0.5550396140559132
2025-01-24,-0.15885958039332826,0,0.48516861380396065
2025-01-27,-0.023958251945302433,0,0.5550396140559132
2025-01-28,0.03850260878343037,1,0.514825883905683
2025-01-29,-0.02687756086951565,0,0.5477437724687327
2025-01-30,0.005524015395219406,1,0.5477437724687327
2025-01-31,-0.07295203413568907,0,0.5477437724687327
2025-02-03,0.01925918405610849,1,0.5564925505723496
2025-02-04,0.041039700000179424,1,0.5311062943601513
2025-02-05,0.046484828342328255,1,0.4954758619469653
2025-02-06,0.014126579916708959,1,0.5404198943008648
2025-02-07,0.006732614828056871,1,0.5477437724687327
2025-02-10,0.0191408418594341,1,0.5477437724687327
2025-02-11,-0.01930921774519523,0,0.5477437724687327
2025-02-12,0.01184434826686842,1,0.5477437724687327
2025-02-13,0.0373973631988791,1,0.5477437724687327
2025-02-14,0.035096866399077165,1,0.5477437724687327
2025-02-18,-0.012458548187596064,0,0.5477437724687327
2025-02-19,0.0037274719719102567,1,0.5283937505100151
2025-02-20,7.125255151074761e-05,1,0.5477437724687327
2025-02-21,-0.024850194681029003,0,0.514825883905683
2025-02-24,-0.048183820662344834,0,0.5564925505723496
2025-02-25,7.706373572813341e-05,1,0.5564925505723496
2025-02-26,0.03854128527535616,1,0.5283937505100151
2025-02-27,-0.1257777276583697,0,0.555059963870066
2025-02-28,0.046517537657987384,1,0.5412668604217901
2025-03-03,-0.10412111206733676,0,0.555059963870066
2025-03-04,0.0626298509957881,1,0.555059963870066
2025-03-05,-0.03444462782588453,0,0.5184194890077243
2025-03-06,-0.020082694297082426,0,0.555059963870066
2025-03-07,-0.01213496286195137,0,0.5153086419753087
2025-03-10,-0.026478653527387985,0,0.5412668604217901
2025-03-11,0.06674004979042314,1,0.555059963870066
2025-03-12,0.025499347588356258,1,0.4624881291547958
2025-03-13,0.013500833684165547,1,0.5412668604217901
2025-03-14,0.03482000531428975,1,0.5368266797226876
2025-03-17,-0.03861820378251146,0,0.5412668604217901
2025-03-18,-0.0061864457288459684,0,0.4947997511215902
2025-03-19,-0.006139670679930043,0,0.555059963870066
2025-03-20,0.0033461819003028914,1,0.48100664767331436
2025-03-21,0.0251410876649365,1,0.49044746103569636
2025-03-24,0.005588902738977719,1,0.5069648661197957
2025-03-25,-0.015097415275115655,0,0.49044746103569636
2025-03-26,-0.062157966004861676,0,0.555059963870066
2025-03-27,0.0012573709188736792,1,0.5322125924560002
2025-03-28,-0.0570454567437535,0,0.5263846413618936
2025-03-31,0.03224583390027491,1,0.5440316135362421
2025-04-01,-0.0113343782391091,0,0.5586108268959432
2025-04-02,-0.03523147448552977,0,0.5151085400122629
2025-04-03,-0.04444011997889896,0,0.5263846413618936
2025-04-04,-0.11576193027752868,0,0.5319393024453732
2025-04-07,0.18694260623324088,1,0.5586108268959432
2025-04-08,-0.04739424972526729,0,0.5440316135362421
2025-04-09,0.10597629696448885,1,0.5440316135362421
2025-04-10,-0.007954582815271172,0,0.5263846413618936
2025-04-11,0.05170504912545182,1,0.5440316135362421
2025-04-14,-0.02751734851296983,0,0.556558396631926
2025-04-15,-0.05785340550550311,0,0.4785408021471777
2025-04-16,-0.0009565590178941541,0,0.5296877533719639
2025-04-17,-0.0543800977087151,0,0.5296877533719639
2025-04-21,0.00010120409228786542,1,0.5263846413618936
2025-04-22,0.058108886459689035,1,0.5440316135362421
2025-04-23,-0.009950156938377308,0,0.5327555121866113
2025-04-24,0.03256664077424665,1,0.5327555121866113
2025-04-25,0.026579409915373997,1,0.5586108268959432
2025-04-28,-0.01841555998379074,0,0.5586108268959432
2025-04-29,-0.02972050560440087,0,0.5555473758134265
2025-04-30,0.0824161166912234,1,0.5335995020137009
2025-05-01,0.009727619307568158,1,0.5555473758134265
2025-05-02,-0.01112274110064937,0,0.5555473758134265
2025-05-05,-0.01266498044588038,0,0.5555473758134265
2025-05-06,0.01408321750776742,1,0.5555473758134265
2025-05-07,0.04599730877077346,1,0.5555473758134265
2025-05-08,-0.007611011028098802,0,0.5555473758134265
2025-05-09,0.0393694170967509,1,0.520699235934244
2025-05-12,0.024678287606757277,1,0.5669328353470342
2025-05-13,0.06577048906442884,1,0.5335995020137009
2025-05-14,0.008182953474243915,1,0.5440580444782378
2025-05-15,0.014372088231356939,1,0.5440580444782378
2025-05-16,-0.028116230768881034,0,0.5555473758134265
2025-05-19,0.014351360289886816,1,0.5555473758134265
2025-05-20,-0.00915909357333411,0,0.4675077465725419
2025-05-21,-0.006237977591684651,0,0.5555473758134265
2025-05-22,-0.016864550755310126,0,0.5555473758134265
2025-05-23,0.031923046781179965,1,0.5555473758134265
2025-05-27,0.014014167332040417,1,0.5555473758134265
2025-05-28,0.04572530217355841,1,0.48040801265199873
2025-05-29,-0.024815387476967654,0,0.5464169592924958
2025-05-30,-0.023284353195205942,0,0.5336920805752654
2025-06-02,0.024282205444299043,1,0.552024337421613
2025-06-03,0.02457131256591638,1,0.5197379197379197
2025-06-04,-0.00014068763940378037,0,0.5498425192397948
2025-06-05,0.0023915491971051583,1,0.5498425192397948
2025-06-06,0.004771592228603572,1,0.5240900900900901
2025-06-09,-0.00349186620125963,0,0.548598777474314
2025-06-10,0.013526134870774253,1,0.552024337421613
2025-06-11,-0.018255978946348672,0,0.5507691296446661
2025-06-12,0.0035922574774764904,1,0.5324483388097846
2025-06-13,0.0061060967426631585,1,0.5324368727983185
2025-06-16,0.007952592291757599,1,0.5498425192397948
2025-06-17,-0.003322047352478319,0,0.5324368727983185
2025-06-18,0.009999207004151467,1,0.5231634796852188
2025-06-20,-0.02028177032143641,0,0.5302665206279663
2025-06-23,0.021473575903723452,1,0.5336920805752654
2025-06-24,0.025487796003696106,1,0.5231634796852188
2025-06-25,0.04495213386357766,1,0.5197314762532154
2025-06-26,0.00038464635344825915,1,0.5302665206279663
2025-06-27,0.01512422574755301,1,0.5497579221387289
2025-06-30,-0.013320697426790096,0,0.5557616986188414
2025-07-01,-0.02117843585921142,0,0.5557616986188414
2025-07-02,0.03523318002179954,1,0.5557616986188414
2025-07-03,-0.0010734140077582888,0,0.5557616986188414
2025-07-07,0.007142929720290958,1,0.5557616986188414
2025-07-08,0.011862174996942532,1,0.5557616986188414
2025-07-09,0.019228454799008032,1,0.5557616986188414
2025-07-10,-0.0036514044866680084,0,0.5452634452634452
2025-07-11,0.010078136130021953,1,0.5452634452634452
2025-07-14,0.035193847307260384,1,0.5557616986188414
2025-07-15,-0.0007592935743050422,0,0.5544006255965012
2025-07-16,0.0056119342984024545,1,0.5509785353535354
2025-07-17,0.009417531784156496,1,0.5452634452634452
2025-07-18,-0.005125524552219485,0,0.5557616986188414
2025-07-21,-0.008162121927443144,0,0.5557616986188414
2025-07-22,-0.010563698716118841,0,0.5557616986188414
2025-07-23,0.01716503653862045,1,0.5557616986188414
2025-07-24,0.006784964939481775,1,0.5126756626756626
2025-07-25,0.002361662419331445,1,0.5557616986188414
2025-07-28,0.022640992245037905,1,0.5557616986188414
2025-07-29,-0.00814790100236773,0,0.5423976608187133
2025-07-30,0.0362019981077617,1,0.552367990372768
2025-07-31,-0.0481684476821308,0,0.5402173750973865
2025-08-01,0.006146238967341899,1,0.5398668693970707
2025-08-04,0.02546232524850711,1,0.5565413768990958
2025-08-05,-0.0183163149413198,0,0.5565413768990958
2025-08-06,0.02971709788610255,1,0.552367990372768
2025-08-07,-0.00011023828906786548,0,0.5739857148132322
2025-08-08,0.0027540799612821854,1,0.5565413768990958
2025-08-11,0.004998637268031958,1,0.585882635882636
2025-08-12,-0.0018583809990948552,0,0.5698123282869046
2025-08-13,-0.015715710162697905,0,0.5565413768990958
2025-08-14,0.011849830513170012,1,0.5508001491102702
2025-08-15,-0.00703760143921528,0,0.5508001491102702
2025-08-18,0.0101328790212738,1,0.5668704567060016
2025-08-19,-0.03979605101060868,0,0.5682444870244068
2025-08-20,-0.0018268918549594337,0,0.552367990372768
2025-08-21,-0.01281097794282482,0,0.5508001491102702
2025-08-22,0.033254245981074515,1,0.5617492412764491
2025-08-25,0.00958782830030347,1,0.538299028134573
2025-08-26,0.01066311767578787,1,0.5318037823866153
2025-08-27,-0.006374318316249905,0,0.5318037823866153
2025-08-28,-0.014987331216255506,0,0.5450420894687317
2025-08-29,-0.045533524909744716,0,0.5364519867609819
2025-09-02,0.006235194451864379,1,0.5542812543903638
2025-09-03,-0.002864376554239878,0,0.5456911516826141
2025-09-04,-0.014891337227269208,0,0.5251965755055706
2025-09-05,-0.0028565668138791356,0,0.5450420894687317
2025-09-08,0.009191206010483954,1,0.5530600118835413
2025-09-09,0.04465085987746664,1,0.5450420894687317
2025-09-10,0.017267307716341662,1,0.5364519867609819
2025-09-11,-0.01062983718955468,0,0.5541861188920012
2025-09-12,-0.011813122561311062,0,0.5444699091757914
2025-09-15,0.007571060061432933,1,0.5364519867609819
2025-09-16,-0.02463278709065686,0,0.5364519867609819
2025-09-17,0.007761857663153515,1,0.5364519867609819
2025-09-18,0.01028849169604884,1,0.5530600118835413
2025-09-19,-0.002673841721658743,0,0.5364519867609819
2025-09-22,0.03804901160267482,1,0.5450420894687317
2025-09-23,-0.012089962904711316,0,0.5541861188920012
2025-09-24,-0.029426527230406063,0,0.5364519867609819
2025-09-25,0.021148635117224313,1,0.5364519867609819
2025-09-26,0.012684444178177934,1,0.5364519867609819
2025-09-29,0.009144860600559523,1,0.5510165484633571
2025-09-30,0.017355119888311954,1,0.5513812901046944
2025-10-01,0.023537013653175176,1,0.5585264155413409
2025-10-02,-0.0021625490866223895,0,0.5577521062383285
2025-10-03,-0.01950410528833757,0,0.5451890304292887
2025-10-06,0.003935225796948272,1,0.5523341558659352
2025-10-07,0.001825742385569873,1,0.5585264155413409
2025-10-08,0.03033706270450054,1,0.5451890304292887
2025-10-09,0.006658720888645053,1,0.5601277227308833
2025-10-10,-0.028628918310809603,0,0.5513812901046944
2025-10-13,-0.017024060924479056,0,0.5985264155413408
2025-10-14,0.00016238325423723055,1,0.5184992784992785
2025-10-15,-0.013907024831680048,0,0.5480186097427476
2025-10-16,-0.01124947822700717,0,0.5480186097427476
2025-10-17,0.016372549256360003,1,0.5476538681014103
2025-10-20,-0.0018566301414214559,0,0.5513812901046944
2025-10-21,-0.009026757722135681,0,0.5418263500673419
2025-10-22,-0.003974837434943201,0,0.5451890304292887
2025-10-23,0.01895578278194443,1,0.5513812901046944
2025-10-24,0.0334531026955831,1,0.5480186097427476
2025-10-27,0.01610604883948219,1,0.5513812901046944
2025-10-28,0.0773374950034138,1,0.538165701643028
2025-10-29,-0.013607118440187582,0,0.5405159608776302
2025-10-30,0.00633681208905279,1,0.51000077713664
2025-10-31,0.007895433683468456,1,0.5435568965501448
2025-11-03,-0.024413747227945537,0,0.5523150664847855
2025-11-04,-0.020837380310599674,0,0.5674061028993512
2025-11-05,-0.011822676541830224,0,0.5519721970965928
2025-11-06,-0.05865001920301094,0,0.5405159608776302
2025-11-07,0.05521923780514726,1,0.5435568965501448
2025-11-10,0.0002562278059405898,1,0.5674061028993512
2025-11-11,0.002869382605885873,1,0.5523150664847855
2025-11-12,-0.02386055758361394,0,0.5523150664847855
2025-11-13,-0.04286842365883403,0,0.5496219378619907
2025-11-14,0.0170076304463751,1,0.5523150664847855
2025-11-17,-0.013926993016410982,0,0.5763346743279226
2025-11-18,0.007688868568633156,1,0.5523150664847855
2025-11-19,0.06039291184210205,1,0.5519721970965928
2025-11-20,-0.07507012267957425,0,0.5320065491424121
2025-11-21,-0.00965567389688049,0,0.5405159608776302
2025-11-24,-0.025516738987099608,0,0.5435568965501448
2025-11-25,0.0384196491217732,1,0.5198249323096324
2025-11-26,-0.014424915126392657,0,0.6155881155881157
2025-11-28,-0.023741710858430243,0,0.5311740311740313
2025-12-01,0.040054982977537845,1,0.5824005824005823
2025-12-02,-0.003741081192659257,0,0.5824005824005823
2025-12-03,0.0030377538171280083,1,0.5824005824005823
2025-12-04,0.012498694459176285,1,0.5824005824005823
2025-12-05,-0.006797485853661689,0,0.5493231525840221
2025-12-08,0.015987700017202622,1,0.5824005824005823
2025-12-09,-0.0031795451436472666,0,0.5597153972153972
2025-12-10,-0.02535551961945659,0,0.5597153972153972
2025-12-11,0.004603973739715217,1,0.5493231525840221
2025-12-12,-0.017503216499280216,0,0.5614538735344387
2025-12-15,-0.009441414561450978,0,0.5808046340655036
2025-12-16,-0.0009077117244972177,0,0.5247763407963658
2025-12-17,-0.00891538761165156,0,0.5311740311740313
2025-12-18,0.012261575058706509,1,0.5808046340655036
2025-12-19,0.04103692296309358,1,0.5247763407963658
2025-12-22,-0.005165217064394878,0,0.5311740311740313
2025-12-23,0.027162854523309132,1,0.5493231525840221
2025-12-24,0.010535277546025679,1,0.508488845988846
2025-12-26,-0.011636467259645733,0,0.5650730517751795
2025-12-29,0.002823555732404337,1,0.539298511796834
2025-12-30,0.007065373207894021,1,0.5559477557143282
2025-12-31,0.0014242684118497273,1,0.5758957120751119
2026-01-02,0.010113829552677478,1,0.5559477557143282
2026-01-05,-0.00646638598864846,0,0.532755474883661
2026-01-06,-0.010235186599169444,0,0.5752086189448787
2026-01-07,0.0028636275002167366,1,0.6042568435584856
2026-01-08,-0.02131037188007967,0,0.5552606625840949
2026-01-09,-0.010049679764426833,0,0.5334425680138942
2026-01-12,0.009715127862741424,1,0.6042568435584856
2026-01-13,-0.0036756491568821215,0,0.5618036994972679
2026-01-14,0.01182714694977971,1,0.532755474883661
2026-01-15,0.013833834136445233,1,0.539298511796834
2026-01-16,-0.03797334222532034,0,0.532755474883661
2026-01-20,-0.01566788917514217,0,0.5334425680138942
2026-01-21,0.03183460963608398,1,0.539298511796834
2026-01-22,0.014884974561217845,1,0.5312183985443467
2026-01-23,-0.0018132977807571171,0,0.539298511796834
2026-01-26,0.0004274242820354601,1,0.532755474883661
2026-01-27,0.021523131976873167,1,0.5460157382323704
2026-01-28,0.00036601595451024593,1,0.5626649821498645
2026-01-29,-0.0006793782971096229,0,0.5538820312749565
2026-01-30,-0.020971812719034144,0,0.5477835069282571
2026-02-02,-0.0051281388525517,0,0.5538820312749565
2026-02-03,-0.03640454735035681,0,0.5577659977757454
2026-02-04,-0.025242506873154436,0,0.5477835069282571
2026-02-05,0.01006123724449548,1,0.5538820312749565
2026-02-06,0.04284332152729098,1,0.5477835069282571
2026-02-09,0.03864112887831106,1,0.5477835069282571
2026-02-10,0.005590973773770269,1,0.5477835069282571
2026-02-11,0.003013756716679916,1,0.5538820312749565
2026-02-12,-0.028752081169013954,0,0.5538820312749565
2026-02-13,-0.030563202102183773,0,0.5538820312749565
2026-02-17,0.03851438397080842,1,0.5538820312749565
2026-02-18,-0.008953605941197873,0,0.5477835069282571
2026-02-19,-0.00261940538639327,0,0.5477835069282571
2026-02-20,0.02588826082260054,1,0.5319139496053823
2026-02-23,0.0004703426403072086,1,0.5538820312749565
2026-02-24,0.015457629592553479,1,0.5538820312749565
2026-02-25,-0.0009256390258449709,0,0.5538820312749565
2026-02-26,-0.06702012639534638,0,0.5319139496053823
2026-02-27,-0.03442759002371809,0,0.5319139496053823
2026-03-02,0.019884555353110622,1,0.5433904834485226
2026-03-03,0.010925024908881698,1,0.3563145470362487
2026-03-04,0.004045554630541792,1,0.4382366171839856
2026-03-05,-0.00734107229091574,0,0.522936310633307
2026-03-06,-0.01673710275623097,0,0.5395514284466769
2026-03-09,0.031499071064263084,1,0.552033443709901
2026-03-10,0.01929868597636708,1,0.5433904834485226
2026-03-11,-0.010004802025267434,0,0.5412608301560785
2026-03-12,0.004726908714167255,1,0.5433904834485226
2026-03-13,-0.01054503523200756,0,0.5433904834485226
2026-03-16,0.011422582188156838,1,0.5433904834485226
2026-03-17,-0.01394141179592756,0,0.5433904834485226
2026-03-18,-0.024495873822012904,0,0.5524093257512822
2026-03-19,-5.615292991834053e-05,0,0.522936310633307
2026-03-20,-0.004157307813999589,0,0.5433904834485226
2026-03-23,-0.01370868454702101,0,0.522936310633307
2026-03-24,0.012984109989058634,1,0.522936310633307
2026-03-25,-0.005815882196339328,0,0.5433904834485226
2026-03-26,-0.034475035442788515,0,0.5433904834485226
2026-03-27,-0.007176412992330405,0,0.5433904834485226
2026-03-30,-0.010723990619714296,0,0.5433904834485226
2026-03-31,0.054081563114718234,1,0.5445002574002574
2026-04-01,-0.021704661557965355,0,0.5445002574002574
2026-04-02,0.02892329145322181,1,0.5312638937638938
2026-04-06,-0.00807183594763905,0,0.5445002574002574
2026-04-07,0.0499061887977823,1,0.5499566066066066
2026-04-08,-0.01441739578601775,0,0.5445002574002574
2026-04-09,0.013583385344828613,1,0.5616960245960246
2026-04-10,0.009332100342905658,1,0.5652084656084656
2026-04-13,0.025856056357926427,1,0.5499566066066066
2026-04-14,0.02986794054937869,1,0.5445002574002574
2026-04-15,0.0045282854611234935,1,0.5445002574002574
2026-04-16,0.012510774512501266,1,0.5445002574002574
2026-04-17,0.0004002086778422953,1,0.5377501346707533
2026-04-20,0.010751173591735386,1,0.5615047619047618
2026-04-21,-0.005639940432479618,0,0.5377501346707533
2026-04-22,0.007313787677899697,1,0.5652084656084656
2026-04-23,-0.012348160975616751,0,0.5445002574002574
2026-04-24,0.048459648514612486,1,0.5445002574002574
2026-04-27,-0.0007630821072230898,0,0.5445002574002574
2026-04-28,0.015322881362245688,1,0.5584583428789615
2026-04-29,-0.013023095290836895,0,0.5445002574002574
2026-04-30,-0.041204142704511226,0,0.5448406883548698
2026-05-01,-0.008843450481970327,0,0.5491865987930658
2026-05-04,-0.001002495897440392,0,0.5491865987930658
2026-05-05,0.002960374129486132,1,0.5979268440550501
2026-05-06,0.04227323482008272,1,0.5491865987930658
2026-05-07,0.022511312396581662,1,0.5893798355080416
2026-05-08,0.004741053986378585,1,0.5454292194093546
2026-05-11,0.021070890697901357,1,0.5470889560830137
2026-05-12,0.029192376136021547,1,0.5448406883548698
2026-05-13,0.02187353566687089,1,0.5491865987930658
2026-05-14,-0.0003916073850808166,0,0.5448406883548698
2026-05-15,0.00047877174260735345,1,0.5470889560830137
2026-05-18,-0.04459045192075284,0,0.5979268440550501
2026-05-19,0.016209819958230565,1,0.5828438877956233
2026-05-20,-0.003987818055228853,0,0.5448406883548698
2026-05-21,-0.006253083392417036,0,0.5222319927026958
2026-05-22,-0.01973743112620685,0,0.5491865987930658
2026-05-26,-0.011175785916152647,0,0.5491865987930658
2026-05-27,-0.013263581883411368,0,0.5733494602846944
2026-05-28,0.015619151523785346,1,0.5491865987930658
2026-05-29,0.005359248079407131,1,0.5491865987930658
2026-06-01,0.05307555528862795,1,0.5466344790191624
2026-06-02,-0.024033748078559514,0,0.5466344790191624
2026-06-03,-0.03410014955072638,0,0.5466344790191624
2026-06-04,0.0028983923452541305,1,0.5466344790191624
2026-06-05,-0.02027691291785627,0,0.5366519741308223
2026-06-08,0.002093455403650024,1,0.5492731896167947
2026-06-09,-0.02938943398019822,0,0.5366519741308223
2026-06-10,-0.014381388680475449,0,0.5366519741308223
2026-06-11,0.016725371111778742,1,0.5534412955465587
2026-06-12,0.019818400597957364,1,0.5366519741308223
2026-06-15,0.010817511615179853,1,0.5383959966343385
2026-06-16,-0.01254850832651011,0,0.5366519741308223
2026-06-17,-0.005754553087166325,0,0.5366519741308223
2026-06-18,0.019823472599497016,1,0.5501079622132253
2026-06-22,-0.04384224444487428,0,0.5466344790191624
2026-06-23,-0.010139996390783557,0,0.5408200800605864
2026-06-24,-0.00019984652762650157,0,0.5383959966343385
2026-06-25,-0.03478611880333815,0,0.5366519741308223
2026-06-26,0.0037800901242004414,1,0.5383959966343385
2026-06-29,0.017487744559771867,1,0.5872848855232274
2026-06-30,-0.00527280732081481,0,0.5366519741308223
2026-07-01,0.0047910420796501985,1,0.5425174259818129
2026-07-02,-0.013797307644944357,0,0.5773883669467533
2026-07-06,-0.010544198493286805,0,0.5469954447505524
2026-07-07,0.014607254924979163,1,0.5425174259818129
2026-07-08,0.04754592881608111,1,0.5425174259818129
2026-07-09,-0.012031725682714378,0,0.5425174259818129
2026-07-10,0.032376204386796115,1,0.5425174259818129
