date,fwd_ret,y,prob_up
2019-05-23,-0.010755701925225458,0,0.6515803495870247
2019-05-24,-0.014991842029028701,0,0.7097039706094286
2019-05-28,-0.030508862023975514,0,0.6810399038073653
2019-05-29,-0.006646142620724271,0,0.6713549543463682
2019-05-30,-0.022592821980728095,0,0.7214889012706823
2019-05-31,-0.008968998696071373,0,0.7464974463153247
2019-06-03,0.0033110362405863736,1,0.7887786635047366
2019-06-04,0.07047536934234788,1,0.5121045053043153
2019-06-05,-0.03096529084240851,0,0.3828288995996285
2019-06-06,0.01816884756896875,1,0.6396202778788859
2019-06-07,0.025968712704696806,1,0.5039504619559778
2019-06-10,0.020844594803158145,1,0.567216626233756
2019-06-11,-0.012198369297408806,0,0.7015296063439997
2019-06-12,-0.012818803345561292,0,0.355814660306308
2019-06-13,-0.017540227373959993,0,0.37460739699055184
2019-06-14,0.0004151655757720363,1,0.6103937218662513
2019-06-17,0.02026702979754713,1,0.29548787816849037
2019-06-18,0.046101422012064575,1,0.6413477872772758
2019-06-19,0.016008073294429437,1,0.48816550309479817
2019-06-20,-0.020858742277444886,0,0.3540415740361734
2019-06-21,-0.005732745626864877,0,0.4098266638014567
2019-06-24,0.0015724895703945752,1,0.6028735231601206
2019-06-25,0.024532373860255197,1,0.8205816953453936
2019-06-26,0.03895024348097631,1,0.744245824080152
2019-06-27,0.014073870225102203,1,0.16988703620961448
2019-06-28,0.04587891159208857,1,0.2335488896432062
2019-07-01,-0.04096889555673089,0,0.4118679743401303
2019-07-02,-0.014078384062259808,0,0.3527105130363751
2019-07-03,-0.01697642517362985,0,0.6620143155084103
2019-07-05,-0.016022259962748753,0,0.8656254645927132
2019-07-08,-0.014699685169872079,0,0.9793952168589608
2019-07-09,0.022828563710584948,1,0.6762657314139544
2019-07-10,0.024770168706629958,1,0.6081767562895275
2019-07-11,0.026994095503709792,1,0.5675729772008995
2019-07-12,0.006331931807694868,1,0.6145133295923326
2019-07-15,-0.010625663532667362,0,0.7610685212073892
2019-07-16,0.002879848489367509,1,0.7021554726136536
2019-07-17,0.01782867275452249,1,0.5576535339104203
2019-07-18,0.00934569727980561,1,0.3156557814844022
2019-07-19,-0.014092609971659842,0,0.862828112637237
2019-07-22,0.021263913777082255,1,0.3221567358940282
2019-07-23,0.026026379955115697,1,0.4835118079914474
2019-07-24,-0.0023109493370441214,0,0.2403098838984115
2019-07-25,-0.014238051733262869,0,0.3206967861096204
2019-07-26,0.0017765737089407985,1,0.6885120359973665
2019-07-29,-0.010470308558768737,0,0.6182042923708438
2019-07-30,0.007111610236242072,1,0.23692498482890956
2019-07-31,-0.028934836383425644,0,0.22458389344905652
2019-08-01,-0.04700314373212622,0,0.5185479693951963
2019-08-02,-0.045846199014686895,0,0.5471556234292183
2019-08-05,1.235611224448263e-07,1,0.6877103583070203
2019-08-06,-0.025357741946015144,0,0.6226180001946703
2019-08-07,0.04209477004732376,1,0.2201383024263772
2019-08-08,0.002560712127332776,1,0.6529140656547506
2019-08-09,-0.028925539685690782,0,0.24897656729912276
2019-08-12,-0.004536932299090579,0,0.6938453751956044
2019-08-13,0.00733202863517346,1,0.6999390820003248
2019-08-14,-0.010950656410305126,0,0.42564737448960305
2019-08-15,0.05648738057370406,1,0.7492593850307248
2019-08-16,0.02993403587733945,1,0.5838193164441027
2019-08-19,0.039239937307083306,1,0.49655492179811495
2019-08-20,-0.00017617035515726798,0,0.7461884062590101
2019-08-21,0.0063915915261287815,1,0.48474913804761643
2019-08-22,-0.018762365766077038,0,0.10136606402386798
2019-08-23,-0.01656776471321353,0,0.18890046174184588
2019-08-26,0.008333130042050385,1,0.7719240208224293
2019-08-27,-0.037433701959670995,0,0.7228805733191517
2019-08-28,0.026902411368064927,1,0.3181859526824213
2019-08-29,0.024014857964974157,1,0.28881028546167137
2019-08-30,-0.025346857153331626,0,0.6526301094111802
2019-09-03,0.012334343964659489,1,0.8208840778163604
2019-09-04,0.03757337437001973,1,0.912742012171198
2019-09-05,0.034302946228502273,1,0.7911501651441288
2019-09-06,0.006152028850589852,1,0.412046502983275
2019-09-09,-0.004002217787128282,0,0.49200032891421236
2019-09-10,0.02561682908384899,1,0.4028304149581015
2019-09-11,0.013223093275280373,1,0.4486198552965648
2019-09-12,-0.02475840995849543,0,0.6551560273652636
2019-09-13,-0.014703524530002454,0,0.7999861620103424
2019-09-16,0.008718916140360466,1,0.2823414565655792
2019-09-17,0.001717775960736967,1,0.18685378106946077
2019-09-18,-0.003152883166143039,0,0.544601312714025
2019-09-19,-0.018421640259617567,0,0.7316947839004969
2019-09-20,-0.023742683387405483,0,0.4332370600076021
2019-09-23,0.01968735283311518,1,0.5201154693076613
2019-09-24,-0.020385846567839816,0,0.8259953201474161
2019-09-25,0.030896466842195824,1,0.9148947239200215
2019-09-26,-0.012258145460387282,0,0.5580099117616741
2019-09-27,-0.016281547717829525,0,0.484987286205443
2019-09-30,0.012731492844673342,1,0.2214281582033794
2019-10-01,-0.010742585116133685,0,0.3408554995886151
2019-10-02,0.0005773684882652841,1,0.384376185968467
2019-10-03,0.04722330118754048,1,0.7386542324495166
2019-10-04,0.017530409071350617,1,0.2760255738921266
2019-10-07,-0.02134571970354182,0,0.32200582162808716
2019-10-08,-0.0017717743801516361,0,0.18161749981081457
2019-10-09,0.001663927036001045,1,0.8727229721861802
2019-10-10,0.032056326475469854,1,0.33139740583496236
2019-10-11,-0.004130514457676315,0,0.6296722637733025
2019-10-14,0.024347675050796713,1,0.3727708762756807
2019-10-15,0.0254526390398937,1,0.4014363096300459
2019-10-16,0.005128073247155918,1,0.6648005239846055
2019-10-17,-0.008622573772995246,0,0.10661331973609219
2019-10-18,-0.006947614016832526,0,0.19277061326678402
2019-10-21,0.027674215465173235,1,0.5688350715950219
2019-10-22,-0.03020704918604089,0,0.2593376609557273
2019-10-23,0.023088169787618185,1,0.41002310360582883
2019-10-24,0.01702656681081094,1,0.7118081571782648
2019-10-25,0.030984372675620264,1,0.8074116682310571
2019-10-28,-0.0003392607261736291,0,0.4064401110820621
2019-10-29,-0.010813386406440917,0,0.20642344658865147
2019-10-30,-0.00901951015199609,0,0.19398398924391025
2019-10-31,-0.012662920400666966,0,0.12729507215332106
2019-11-01,0.031312411393892736,1,0.9080069963846786
2019-11-04,0.022540802326828313,1,0.7367199318727992
2019-11-05,-0.008789259299934127,0,0.38876971256068243
2019-11-06,0.0118386840839948,1,0.47030097174830604
2019-11-07,-0.01634182261161321,0,0.8392394898219914
2019-11-08,0.0004329177048105759,1,0.25508841555157885
2019-11-11,0.009482813808626478,1,0.7134692963295791
2019-11-12,-0.006532581207922439,0,0.28034210388321623
2019-11-13,0.0027837994110668784,1,0.5003505568594172
2019-11-14,0.0036855207381802924,1,0.8904609502345403
2019-11-15,-0.02770625747106592,0,0.30573361092731693
2019-11-18,0.03501885318053555,1,0.6360567632996129
2019-11-19,-0.01876501538471609,0,0.7623117701333291
2019-11-20,0.01897875519490433,1,0.6538728149934416
2019-11-21,0.00042660760569712686,1,0.9641042252691616
2019-11-22,0.023449569843514873,1,0.8377676849655651
2019-11-25,0.02064435156427824,1,0.8747221735423931
2019-11-26,-0.007567301424378559,0,0.23299198730902348
2019-11-27,-0.00763702653014231,0,0.8398016391243903
2019-11-29,-0.0024888812842414065,0,0.7968330923684935
2019-12-02,-0.06740243292535397,0,0.7976468209620823
2019-12-03,0.045326131230344124,1,0.5290707607452176
2019-12-04,-0.0034121523998789094,0,0.2910618512381829
2019-12-05,0.005801560533378547,1,0.7265953922658006
2019-12-06,-0.001276495210888573,0,0.36906021111532683
2019-12-09,0.010082587353730688,1,0.7497034712617023
2019-12-10,0.0047802449614291476,1,0.6027889980853629
2019-12-11,0.008302234339931491,1,0.5065433934285969
2019-12-12,0.037052448312308695,1,0.4311765856081667
2019-12-13,0.00762750719123928,1,0.22573502084664104
2019-12-16,-1.0697557661920598e-07,0,0.6461060537885702
2019-12-17,0.016777587198807176,1,0.5603974802665808
2019-12-18,0.005267838740895536,1,0.5010862740698343
2019-12-19,0.031312327109333404,1,0.4786634429486892
2019-12-20,0.010036446507584618,1,0.20329215427025182
2019-12-23,-0.009645702631984387,0,0.14524331331584223
2019-12-24,0.002350903539101612,1,0.07853034001453874
2019-12-26,0.004355873679832367,1,0.35553505883504705
2019-12-27,-0.015888367401883374,0,0.48785919651034926
2019-12-30,-0.021568427662068568,0,0.4993481742514144
2019-12-31,0.03399735614962074,1,0.37325545737352817
2020-01-02,-0.015288204476684997,0,0.5395996776287242
2020-01-03,-0.011824553215984857,0,0.210325606025075
2020-01-06,0.025309631118621168,1,0.5249274728132972
2020-01-07,0.006549426382171264,1,0.521370812406822
2020-01-08,0.017058838570852553,1,0.48021478873810486
2020-01-09,0.014270930335869014,1,0.5401475242464145
2020-01-10,0.0013340068600622423,1,0.08768005758505931
2020-01-13,0.010498386034241802,1,0.7212884597936652
2020-01-14,-0.00986973059812335,0,0.6581444735530737
2020-01-15,-0.0002825867336834209,0,0.4022413699090037
2020-01-16,0.007992990896973362,1,0.19252623151179835
2020-01-17,-0.007569181135018699,0,0.5281701886641077
2020-01-21,0.007869103311554992,1,0.876591755030758
2020-01-22,0.007847519130628422,1,0.8254765446527934
2020-01-23,0.02296191377526835,1,0.8152746281584914
2020-01-24,-0.07479602912334582,0,0.3175360902836471
2020-01-27,0.019350205471591053,1,0.5127651681828566
2020-01-28,0.018694713676238983,1,0.7748953029166656
2020-01-29,-0.023363972076852035,0,0.5966427022462008
2020-01-30,0.009767650137949557,1,0.8080282403686262
2020-01-31,-0.0338973226831345,0,0.8612096660406796
2020-02-03,0.043826857379994255,1,0.1501890698696592
2020-02-04,0.024224689386771026,1,0.23594973864481927
2020-02-05,0.0005952337947705555,1,0.19780040192769635
2020-02-06,0.001982971358154062,1,0.13820467959134372
2020-02-07,-0.0005542938102285344,0,0.49624588488613314
2020-02-10,0.05869320945323997,1,0.9513542797290748
2020-02-11,0.01006293933861735,1,0.1235129155124312
2020-02-12,0.0007406022384470745,1,0.12473391191333486
2020-02-13,0.06309918832411854,1,0.35428754313250227
2020-02-14,-0.005639583343657106,0,0.38993700481283144
2020-02-18,0.055489415267629516,1,0.19998976289644985
2020-02-19,0.037414181924094736,1,0.096354779090752
2020-02-20,-0.027432213835145602,0,0.051355053841378714
2020-02-21,-0.11177232874479515,0,0.5327926458123501
2020-02-24,0.022613815732193565,1,0.6911741676515296
2020-02-25,-0.05153824478401492,0,0.8206042912785002
2020-02-26,-0.02674022370166418,0,0.659875930999901
2020-02-27,-0.04880344385524604,0,0.6554698826304617
2020-02-28,0.14204395788966218,1,0.9217818460988552
2020-03-02,0.006392234755654869,1,0.8030735651730673
2020-03-03,-0.030394355305814136,0,0.9055877925126511
2020-03-04,0.02331597814228603,1,0.9453484343878571
2020-03-05,-0.03768513969338594,0,0.4334459486418157
2020-03-06,-0.09839148999102065,0,0.643970861854682
2020-03-09,0.06936190921673502,1,0.7820079255204779
2020-03-10,-0.004209454580863747,0,0.8701473658081939
2020-03-11,-0.11743539519610069,0,0.4569592921033469
2020-03-12,0.022354470016648476,1,0.7422207600107562
2020-03-13,-0.07848182521236968,0,0.6197751081888029
2020-03-16,-0.05414038965825818,0,0.5341722940490226
2020-03-17,-0.004031597153238864,0,0.8832190712276284
2020-03-18,0.009295217941049483,1,0.37256997040994555
2020-03-19,0.08437304337187901,1,0.8116741674890791
2020-03-20,-0.06068481769422496,0,0.12225996959846158
2020-03-23,0.11321770859331814,1,0.8119549464667376
2020-03-24,0.10829684555873542,1,0.07996144520837373
2020-03-25,0.0005516303733872352,1,0.13683624159632238
2020-03-26,-0.015515635284876761,0,0.09613337103142018
2020-03-27,0.02144018833572492,1,0.11255830918441889
2020-03-30,0.04636580450593475,1,0.2402697664264016
2020-03-31,-0.04322599497829982,0,0.3378750652923269
2020-04-01,-0.044631368293616025,0,0.3583394149363536
2020-04-02,0.03979677554636307,1,0.3937021496023746
2020-04-03,0.0050404299449373635,1,0.37922123792731194
2020-04-06,0.0864283109842654,1,0.28314967729388935
2020-04-07,-0.05009015456270771,0,0.43723791700191733
2020-04-08,0.03261084506009371,1,0.5222018778967987
2020-04-09,-0.04209556055078556,0,0.2730307290399105
2020-04-13,0.05545954901466654,1,0.6516676126730913
2020-04-14,0.008000029674707143,1,0.6901921683682949
2020-04-15,0.03564200988049904,1,0.8618866670449158
2020-04-16,0.038038294573222275,1,0.8151715207711795
2020-04-17,-0.03610743812560835,0,0.18869324357374478
2020-04-20,-0.01716338768805914,0,0.4315970137258019
2020-04-21,-0.01799450765814692,0,0.8530417907800063
2020-04-22,0.03827212741700192,1,0.6320460839835842
2020-04-23,-0.014730854359482404,0,0.8834410171985371
2020-04-24,0.04016238024961183,1,0.9020679606124665
2020-04-27,0.027153320681662985,1,0.36669012092069003
2020-04-28,-0.02056106844402683,0,0.04242989151520736
2020-04-29,-0.0016175204970529933,0,0.7623356949413721
2020-04-30,-0.04029828104122701,0,0.15921916939473185
2020-05-01,-0.01220333734947332,0,0.23118301200892138
2020-05-04,0.05194404751335857,1,0.7222378116725036
2020-05-05,0.004941187386048762,1,0.28703464966673214
2020-05-06,0.02172236726680321,1,0.2569394912116623
2020-05-07,0.0144042635749142,1,0.33713370481061183
2020-05-08,0.014784634463875124,1,0.1118153904148287
2020-05-11,0.04047402427182378,1,0.21111938286043766
2020-05-12,-0.025358357698272438,0,0.20001436186482724
2020-05-13,-0.009567515919716829,0,0.5165385950515613
2020-05-14,0.006121078386369216,1,0.3455768418766602
2020-05-15,0.11036456388982496,1,0.25730947487260025
2020-05-18,0.003396114796548666,1,0.4209030186264397
2020-05-19,0.022837349318015843,1,0.5637702052414246
2020-05-20,0.006729351385329707,1,0.6682603448650322
2020-05-21,-0.024995847763478518,0,0.6011729697136734
2020-05-22,0.03756266104294337,1,0.16060429060563816
2020-05-26,-0.05807208121893459,0,0.7082667522285527
2020-05-27,-0.024666469876321817,0,0.7735480369071831
2020-05-28,0.016909909285449,1,0.2949753880577465
2020-05-29,0.03258495421291685,1,0.26117116123530193
2020-06-01,-0.0041884609570511655,0,0.5416440798883118
2020-06-02,0.002955796819234191,1,0.491006400890581
2020-06-03,-0.010231865206586366,0,0.4087439428962179
2020-06-04,0.007619367705143043,1,0.3109576986961522
2020-06-05,0.009409199240012045,1,0.5425622858937312
2020-06-08,-0.008701929294479216,0,0.5731841153508238
2020-06-09,0.0417894668504708,1,0.7115135601935252
2020-06-10,-0.0019359979764212998,0,0.5988012301888972
2020-06-11,0.0013662796055997628,1,0.5932741837882781
2020-06-12,-0.037899157322778154,0,0.8795848740462651
2020-06-15,0.04648198176295959,1,0.35600633694026207
2020-06-16,-0.012059379789873148,0,0.1405051830116082
2020-06-17,0.012426041138704491,1,0.7529964507416113
2020-06-18,0.0016795031818035433,1,0.5844069235420899
2020-06-19,0.006221501383538497,1,0.35417952776671363
2020-06-22,0.026989122678600097,1,0.41714478257640825
2020-06-23,-0.007826334370626076,0,0.8784177859039428
2020-06-24,-0.012716018759631353,0,0.5838183761006431
2020-06-25,0.015418575558320713,1,0.7690921212663467
2020-06-26,-0.03476333019617239,0,0.5167043268012567
2020-06-29,0.01573126671519942,1,0.9115701701056641
2020-06-30,0.022197710418919714,1,0.9303556985301004
2020-07-01,0.012420089755089458,1,0.4503166910504258
2020-07-02,0.010659935503582574,1,0.4253232876958238
2020-07-06,0.02099224652385523,1,0.625084608542209
2020-07-07,0.0047754431389428476,1,0.1999952398123758
2020-07-08,0.038674062747984905,1,0.6664413764203756
2020-07-09,0.020086254653379765,1,0.6731246418185703
2020-07-10,0.0005903124839909957,1,0.30246019303545774
2020-07-13,-0.04907988158657317,0,0.5244051722387952
2020-07-14,0.03367282751054623,1,0.6066206961295139
2020-07-15,-0.03833708952886916,0,0.7269131603935723
2020-07-16,0.021018602137306885,1,0.6796591756508479
2020-07-17,0.004767572993181757,1,0.5599525403294681
2020-07-20,0.023237396113724662,1,0.7229686837243502
2020-07-21,-0.013840054143981373,0,0.1763534979803598
2020-07-22,0.007957841109518693,1,0.7692431649485869
2020-07-23,-0.05502420929102292,0,0.9338765515711032
2020-07-24,0.03617746591516946,1,0.9382467748801187
2020-07-27,0.013877489046696168,1,0.8790741984077197
2020-07-28,0.0015905622598466618,1,0.7603196601580484
2020-07-29,-0.0015157426344613034,0,0.8872423664996502
2020-07-30,0.018144584487163273,1,0.7073730141660046
2020-07-31,0.01602245528545332,1,0.5808609659580002
2020-08-03,0.02958334848181199,1,0.6228368138623673
2020-08-04,0.017556416981960865,1,0.5672751127041737
2020-08-05,0.00940490200367261,1,0.1702070169244642
2020-08-06,-0.0032821614237052987,0,0.8677030428707918
2020-08-07,0.001922944578614194,1,0.8835936526350964
2020-08-10,-0.022983728301924633,0,0.6772226417217947
2020-08-11,-0.007494839304007406,0,0.9174199681737668
2020-08-12,0.050519462227679224,1,0.9284071614692027
2020-08-13,-0.0013857267322091582,0,0.4701400616205415
2020-08-14,0.02786203776006535,1,0.7927864276067408
2020-08-17,0.05052222035223175,1,0.5830590487319525
2020-08-18,-0.01232933960352589,0,0.4652531378443426
2020-08-19,-0.02614571330653892,0,0.8620941966754351
2020-08-20,0.018935536516444973,1,0.744900856809143
2020-08-21,0.055893440883608925,1,0.20688949042195756
2020-08-24,-0.01963719339705028,0,0.06832175748975679
2020-08-25,0.013340533756494022,1,0.22583253190948807
2020-08-26,-0.0013867624603567386,0,0.34568853034522923
2020-08-27,-0.008332416533449738,0,0.40478682957667644
2020-08-28,0.04005912661409483,1,0.17304433013042717
2020-08-31,0.022854510127378935,1,0.30409490356342067
2020-09-01,0.09078249577052011,1,0.46358701075644243
2020-09-02,-0.05950848922878749,0,0.16946784149057514
2020-09-03,-0.07556728228146448,0,0.2572492677654086
2020-09-04,-0.08207681394060562,0,0.8067996081278171
2020-09-08,0.056713008533687326,1,0.9245718227982925
2020-09-09,0.04752009789602729,1,0.5942871600995964
2020-09-10,-0.038782043802677135,0,0.3448894760465009
2020-09-11,0.04769555249666246,1,0.7699007034500801
2020-09-14,0.015212681080421175,1,0.39945239321948817
2020-09-15,-0.02430363188487794,0,0.5226846460044049
2020-09-16,-0.06367091796631974,0,0.7198670775128245
2020-09-17,0.03803941457753113,1,0.6760176473356968
2020-09-18,-0.05310170801984404,0,0.5552975850422198
2020-09-21,0.054507432135316725,1,0.4654807849484827
2020-09-22,3.9551088806266677e-05,1,0.45701949011635373
2020-09-23,-0.04001830650571481,0,0.2656046688768391
2020-09-24,0.0310838545518608,1,0.9322591134997724
2020-09-25,0.047619696502809505,1,0.2923328036329299
2020-09-28,-0.007879412591549007,0,0.18072110122121807
2020-09-29,0.017004993686567937,1,0.4580670030247061
2020-09-30,0.04563937119444739,1,0.1107425247397188
2020-10-01,-0.0387411028957374,0,0.04043692337169867
2020-10-02,0.0008316236609651195,1,0.07777963369852879
2020-10-05,0.044877730133014326,1,0.4585635235068805
2020-10-06,0.012274015551660078,1,0.11776634261409812
2020-10-07,0.005374819317678137,1,0.10243733112371596
2020-10-08,-0.021882432670974228,0,0.42263206919685015
2020-10-09,0.016161737533272102,1,0.566995955158562
2020-10-12,0.021945082663842763,1,0.873254401326445
2020-10-13,-0.00041961881776064747,0,0.29457261609182184
2020-10-14,-0.03357133931293299,0,0.6450702472351598
2020-10-15,0.016364064763001007,1,0.385448034638086
2020-10-16,-0.009528565703455616,0,0.8630017251885351
2020-10-19,-0.02298074228320368,0,0.6939026623100343
2020-10-20,0.003055251961622707,1,0.6155962572836888
2020-10-21,-0.007523053313702621,0,0.6505095666441475
2020-10-22,-0.005361493918162874,0,0.34208887033322255
2020-10-23,-0.0017097108899765123,0,0.7371326231767266
2020-10-26,-0.009011878375471571,0,0.6777968857264646
2020-10-27,-0.008116524865918628,0,0.8102467165913767
2020-10-28,-0.027239057422070778,0,0.6968365617421771
2020-10-29,0.0008956207605852473,1,0.39938426592894016
2020-10-30,-0.01496103338255561,0,0.17147842583000078
2020-11-02,0.00400948716792815,1,0.8649613717188038
2020-11-03,0.05356643600042221,1,0.6664324411999302
2020-11-04,0.05775160089489684,1,0.6645576547985739
2020-11-05,-0.00372458190912206,0,0.3671404173813031
2020-11-06,0.03137897280307045,1,0.34603071187116485
2020-11-09,-0.06500611973701587,0,0.7294999668538773
2020-11-10,-0.04062366619169766,0,0.6477124376478833
2020-11-11,0.03257666337430076,1,0.7003152547797785
2020-11-12,0.010998567618335953,1,0.4161208148167801
2020-11-13,-0.03337058774924062,0,0.5529040448663535
2020-11-16,0.02884805143062552,1,0.7669366068423448
2020-11-17,-0.006438122669479407,0,0.2119731881325827
2020-11-18,-0.018751771034191345,0,0.4473848967177962
2020-11-19,0.0182586875753592,1,0.5905339232008598
2020-11-20,-0.021016042688759895,0,0.2485070616897434
2020-11-23,-0.002182813804859296,0,0.9200265857685863
2020-11-24,-0.008369689605301933,0,0.7729748845454995
2020-11-25,0.02628048927892901,1,0.7798672256008481
2020-11-27,-0.008224346062780441,0,0.8480472959000512
2020-11-30,0.017131525006018666,1,0.863267287129335
2020-12-01,-0.010505910823275233,0,0.3311763390131413
2020-12-02,0.018052838945828986,1,0.9416556734705899
2020-12-03,-0.010230186439045386,0,0.55670565257917
2020-12-04,0.011358145869748926,1,0.4730013364875486
2020-12-07,-0.0011946274443646043,0,0.643899531986742
2020-12-08,-0.02094238624665201,0,0.38958714752353596
2020-12-09,-0.032442254566334316,0,0.6716254584469082
2020-12-10,0.007634778359455474,1,0.4742002736283502
2020-12-11,0.009311823607408565,1,0.6701180240084781
2020-12-14,0.026875682111196175,1,0.10666299613004815
2020-12-15,-0.0012835850585930508,0,0.6794174602728812
2020-12-16,-0.0041535772546592575,0,0.5274175910577763
2020-12-17,0.000916471532744989,1,0.718449987487332
2020-12-18,-0.022740546824708496,0,0.8007583248567782
2020-12-21,0.018699914042449084,1,0.4737266799247305
2020-12-22,-0.004748783529732514,0,0.27438755960193134
2020-12-23,-0.01650170193902023,0,0.39123387458554243
2020-12-24,0.0019366047230562344,1,0.9051459510042419
2020-12-28,-0.010526172514907062,0,0.7574778320137047
2020-12-29,0.005048294709750767,1,0.8383931637440344
2020-12-30,0.011258398162575789,1,0.8671766016414166
2020-12-31,-0.0024550355858198314,0,0.4507100620969628
2021-01-04,-0.00034332958959926163,0,0.8544599590224853
2021-01-05,0.009370295507963533,1,0.47413536651608695
2021-01-06,-0.01928539389621775,0,0.060096069024026776
2021-01-07,0.030460883309222142,1,0.4356115355558034
2021-01-08,0.004209536390301638,1,0.28026625104696323
2021-01-11,0.024871974795626972,1,0.2284439519633046
2021-01-12,-0.019087568993969906,0,0.8315917636288752
2021-01-13,0.006301109965986207,1,0.7446832742931686
2021-01-14,-0.025561759343981305,0,0.5530430041850264
2021-01-15,-0.01600756826296723,0,0.5825955108220353
2021-01-19,0.007336938156624173,1,0.8034057481624335
2021-01-20,0.02339501143016176,1,0.34632920778482146
2021-01-21,0.023959292224245088,1,0.37378518851415365
2021-01-22,0.0030387204418422797,1,0.6977378072052964
2021-01-25,-0.014602803943422504,0,0.7070916412921586
2021-01-26,-0.0258091488428015,0,0.733081090240046
2021-01-27,-0.017668051791114747,0,0.7324037457947356
2021-01-28,0.006059515468353149,1,0.7716702032307886
2021-01-29,-0.0016633972996470403,0,0.5553123297306678
2021-02-01,0.026468557945140248,1,0.7251012755394246
2021-02-02,0.017706521074868586,1,0.7849606305195728
2021-02-03,-0.007699905956572439,0,0.6774409562701308
2021-02-04,0.014337379138468886,1,0.6166605702686433
2021-02-05,0.00016406638936694584,1,0.4399381372003234
2021-02-08,0.04469206885238952,1,0.5604953976610805
2021-02-09,0.008541999193648842,1,0.6927148956427056
2021-02-10,0.03574585898804972,1,0.6951695714279745
2021-02-11,0.0046559930195491095,1,0.7780002314220772
2021-02-12,0.0009469461675610802,1,0.7732909028840718
2021-02-16,0.007086274030098094,1,0.753561481741484
2021-02-17,-0.029134520578805723,0,0.3566844837945158
2021-02-18,0.020062429012312588,1,0.7212252953257294
2021-02-19,-0.016622633398906905,0,0.75935023139078
2021-02-22,-0.04734450452834038,0,0.7882819934861764
2021-02-23,0.0033747109495061434,1,0.7813377205773683
2021-02-24,-0.005469807998878307,0,0.6461394591542141
2021-02-25,-0.02086076980551954,0,0.7885525052953822
2021-02-26,0.00890762779521026,1,0.6150202909995998
2021-03-01,0.001801444752320247,1,0.29477567690005135
2021-03-02,-0.034082610477028874,0,0.5927215144545847
2021-03-03,-0.04658791518750993,0,0.8764015687551249
2021-03-04,-0.01958858248305506,0,0.7643961408974846
2021-03-05,-0.00796812388068624,0,0.5315351418562629
2021-03-08,-0.025346529099396164,0,0.7393565373295014
2021-03-09,0.05855227440212296,1,0.7946812105769895
2021-03-10,0.008527584203263938,1,0.5748390529454424
2021-03-11,-0.02330127806926796,0,0.21229144369617683
2021-03-12,0.017116976349470514,1,0.07381193032409837
2021-03-15,0.03822467475542202,1,0.3698173784619977
2021-03-16,-0.02371514862816726,0,0.2663453870812941
2021-03-17,0.007419857274818309,1,0.6921262067012508
2021-03-18,-0.029422163987809946,0,0.591830800486253
2021-03-19,0.012765012172647694,1,0.42912211649244053
2021-03-22,0.0264466784611459,1,0.18278905327692727
2021-03-23,-0.007771138453275261,0,0.5413523790229221
2021-03-24,-0.04955792991957275,0,0.8881462396375506
2021-03-25,0.004400162796525775,1,0.3791934887710993
2021-03-26,0.021167502438367736,1,0.667885186863546
2021-03-29,0.0016967822962927759,1,0.6730736400910725
2021-03-30,0.013510266223924594,1,0.7427023563100914
2021-03-31,0.042775904371434414,1,0.6205133760257361
2021-04-01,0.02175390857717474,1,0.5227866476039574
2021-04-05,0.009536624077816525,1,0.6206423831124537
2021-04-06,-0.008499974801189691,0,0.42007040153754627
2021-04-07,0.026799701000166154,1,0.3557931721420429
2021-04-08,-0.002718833867206172,0,0.2265315024855946
2021-04-09,0.0053292370938202716,1,0.6487674601444705
2021-04-12,0.0659037616365874,1,0.605506680529303
2021-04-13,0.025834693552650778,1,0.12482114340576783
2021-04-14,0.002400249315238634,1,0.13598767218592764
2021-04-15,0.024931948917217506,1,0.7727722162999026
2021-04-16,-0.0321746167088538,0,0.09598749478260254
2021-04-19,-0.013725851338036166,0,0.7276058619202658
2021-04-20,-0.013345664284093228,0,0.6569611369067841
2021-04-21,0.01694916535014923,1,0.4575940593729954
2021-04-22,-0.028666924147790263,0,0.6848203436541862
2021-04-23,0.016790575553604636,1,0.7860526958025104
2021-04-26,0.02591373268364694,1,0.3836147024207082
2021-04-27,-0.013737004177022283,0,0.1279614857627531
2021-04-28,0.002310558136044305,1,0.6226775546522737
2021-04-29,-0.0146426782754695,0,0.6868981171214344
2021-04-30,-0.003262303258453003,0,0.6856018976838626
2021-05-03,-0.0322477423410884,0,0.6523668447248678
2021-05-04,0.004901692100151012,1,0.3490485086654919
2021-05-05,-0.014531984063031134,0,0.724941628757268
2021-05-06,0.021593427292274203,1,0.6902013719940144
2021-05-07,-0.0014181370387081893,0,0.6604159600996471
2021-05-10,-0.06507297635014797,0,0.473000774593866
2021-05-11,0.013345403337093886,1,0.8373151439192266
2021-05-12,0.0017309526515536522,1,0.7342615862054658
2021-05-13,-0.010243031801676294,0,0.6358053043027733
2021-05-14,0.01922218938379161,1,0.29986716438680894
2021-05-17,0.00777018967447729,1,0.6051284151752797
2021-05-18,-0.04909947831569805,0,0.7083121614634357
2021-05-19,0.05425146453825702,1,0.40911678903376375
2021-05-20,0.06021690253701806,1,0.5247191110898095
2021-05-21,0.0032146195501741026,1,0.3714107966127225
2021-05-24,0.036384534087777975,1,0.5370462013543145
2021-05-25,-0.0020137258292113325,0,0.3637294863780854
2021-05-26,-0.002192773135026971,0,0.4107664864828006
2021-05-27,-0.012659299846958127,0,0.4864229833354126
2021-05-28,0.049609855184074236,1,0.7177664803223998
2021-06-01,-0.0010909673812629084,0,0.3890009075399445
2021-06-02,0.02759590241888299,1,0.5157548918316083
2021-06-03,0.02465460779110784,1,0.32440303735801856
2021-06-04,0.026808022927748754,1,0.8191566916303915
2021-06-07,-0.002504206918291896,0,0.4256709055608648
2021-06-08,-0.00042690962673186394,0,0.2205718577848772
2021-06-09,-0.009463200809016636,0,0.7480366630243802
2021-06-10,0.0074642812492247135,1,0.7548098042263681
2021-06-11,0.02439988569302165,1,0.35436000870433637
2021-06-14,0.0005028227250163386,1,0.047498966522910795
2021-06-15,-0.0069357646561690744,0,0.23902581206680315
2021-06-16,-0.00091339407206803,0,0.3800150814115602
2021-06-17,0.056795066916523806,1,0.31583147035297426
2021-06-18,-0.01856666676562324,0,0.38831095423644435
2021-06-21,0.001966783277838946,1,0.26214145117680593
2021-06-22,0.029031026796217052,1,0.5695275462896555
2021-06-23,0.011574137755406166,1,0.32817480025835305
2021-06-24,0.0027434861196806715,1,0.3569676817843612
2021-06-25,0.004188063051577817,1,0.593599783135055
2021-06-28,0.026922107271920126,1,0.1638631595811801
2021-06-29,0.005871842485339673,1,0.09538875395589766
2021-06-30,0.006287905563490792,1,0.0847382537406365
2021-07-01,0.015664958641515847,1,0.0991151586338116
2021-07-02,0.014542208838981274,1,0.26954798947203024
2021-07-06,0.005593850121451638,1,0.2921147674485704
2021-07-07,-0.04780983993409327,0,0.3129575322729908
2021-07-08,0.00533822297998543,1,0.6653613327445173
2021-07-09,0.01390129550649677,1,0.6088843141057412
2021-07-12,0.007929470602246358,1,0.7460244882584077
2021-07-13,-0.0020951079607292034,0,0.6301688371887125
2021-07-14,-0.02682040748280823,0,0.6674472523735617
2021-07-15,-0.03943361894811048,0,0.7026088979197691
2021-07-16,-0.05860322244376204,0,0.8836243399018859
2021-07-19,0.045478038640535345,1,0.8935677511242064
2021-07-20,0.00811495711387189,1,0.8487405529452127
2021-07-21,0.04025039240314432,1,0.6886172974255801
2021-07-22,0.0007128456986362774,1,0.6058790796461831
2021-07-23,-0.01755207555151095,0,0.5197488984171023
2021-07-26,-0.002382398998123536,0,0.5153515887161946
2021-07-27,0.0028030976739723545,1,0.28521490818380596
2021-07-28,0.010352858198613646,1,0.20393210302566483
2021-07-29,-0.005174509670044292,0,0.44560275113744935
2021-07-30,0.014522307885289631,1,0.21313839617283098
2021-08-02,0.0020304485968005714,1,0.6512993531392103
2021-08-03,0.01266479280487287,1,0.48614170784738
2021-08-04,0.025512672878549525,1,0.5905458438633907
2021-08-05,0.0011708316776426475,1,0.6466365911526075
2021-08-06,-0.00380045715367916,0,0.4678610732497209
2021-08-09,-0.006064731030921755,0,0.653383901072267
2021-08-10,-0.013728997130229015,0,0.6824642779714641
2021-08-11,-0.008631212786784137,0,0.2609017213059692
2021-08-12,0.0017614113538204634,1,0.7837151909625633
2021-08-13,0.011554756907917074,1,0.7799441979356354
2021-08-16,-0.022349225290927976,0,0.7887043296237061
2021-08-17,-0.009398143497309053,0,0.6979030948198491
2021-08-18,-0.0003072748290069427,0,0.39358699406201225
2021-08-19,0.025494830961074744,1,0.3810039452403708
2021-08-20,0.04902201388053706,1,0.045267194660296745
2021-08-23,0.03728970175061286,1,0.7995436882683972
2021-08-24,-0.0007356274295382548,0,0.2930738033860675
2021-08-25,0.021300081973930185,1,0.48217058975897126
2021-08-26,-0.0007205683818932718,0,0.39348334807080426
2021-08-27,0.029120024817600454,1,0.507402570225489
2021-08-30,-0.005738038606313278,0,0.1752648845254457
2021-08-31,-0.009253120331185305,0,0.6183211183253164
2021-09-01,0.0014675627714486605,1,0.7846876318628483
2021-09-02,-0.008570811348453722,0,0.8792322055444254
2021-09-03,0.022754720232833092,1,0.7281272076538199
2021-09-07,-0.014014673013928003,0,0.5389743255563147
2021-09-08,-0.008928393998412831,0,0.5420158077826853
2021-09-09,0.0016133694459068426,1,0.723449057995407
2021-09-10,0.015035049989862381,1,0.8309807254278565
2021-09-13,-0.01803035358727101,0,0.7364397119572502
2021-09-14,0.0015264455098471519,1,0.9170663700392808
2021-09-15,-0.005647972583892491,0,0.7088794543921336
2021-09-16,0.005274485187946487,1,0.8340711306193904
2021-09-17,-0.05174905214109904,0,0.8514424483091161
2021-09-20,0.012815547383793646,1,0.8319187370747498
2021-09-21,-0.0023812309751397587,0,0.501538060043532
2021-09-22,0.03622568687263894,1,0.1310113810990038
2021-09-23,-0.0031615970899632195,0,0.6156785579539062
2021-09-24,-0.016311671916836468,0,0.488091701821958
2021-09-27,-0.02284658235043535,0,0.7950699921734135
2021-09-28,-0.0129162314783966,0,0.4594186046360019
2021-09-29,-0.008213752580398248,0,0.5293436164358051
2021-09-30,-0.0008668137349707727,0,0.47794066274072206
2021-10-01,-0.011855358155548945,0,0.5977200024244022
2021-10-04,-0.027018967471346467,0,0.8289418999117278
2021-10-05,0.008521351413232514,1,0.9635063730318694
2021-10-06,0.04830987267580222,1,0.8254237642232121
2021-10-07,0.00042673892994637974,1,0.5231429444712196
2021-10-08,-0.024927566054651962,0,0.4623756570551471
2021-10-11,0.012296191333006412,1,0.4596674207441349
2021-10-12,0.004321406638335468,1,0.7473917557335015
2021-10-13,0.017687918059605234,1,0.698013124881839
2021-10-14,0.024520979507878238,1,0.7948003226758354
2021-10-15,-0.0027969461520946926,0,0.6488994539704309
2021-10-18,0.024230960822436476,1,0.671249451210363
2021-10-19,0.0013019101643156894,1,0.32367300106924146
2021-10-20,-0.00932542256163571,0,0.17563902790264288
2021-10-21,0.03285523319358585,1,0.2930525397943594
2021-10-22,0.006572353742545944,1,0.4736895559719379
2021-10-25,0.04422578043189884,1,0.1619904273470096
2021-10-26,0.020217498525917588,1,0.5722090403035536
2021-10-27,0.016507335226772835,1,0.2699281639676928
2021-10-28,0.0049442690535108635,1,0.6101459390073367
2021-10-29,0.025918975434720215,1,0.27260395346967564
2021-11-01,0.006745113168707517,1,0.21903697779862016
2021-11-02,0.03283989250181474,1,0.31851591645962635
2021-11-03,0.02095990188554553,1,0.37908769591748503
2021-11-04,0.10863413607366956,1,0.31197568643357293
2021-11-05,-0.0012587138834803113,0,0.17041406882805632
2021-11-08,0.07074859341869377,1,0.36213446817546713
2021-11-09,-0.09063866679598243,0,0.1827821974763017
2021-11-10,0.037879703370727436,1,0.42766792967453254
2021-11-11,-0.015032170700813974,0,0.7373516441554737
2021-11-12,0.018060692228159203,1,0.41480568714804394
2021-11-15,-0.02595564648132276,0,0.49630715671634046
2021-11-16,0.022144325281135746,1,0.9047431531143381
2021-11-17,0.06407409482193827,1,0.3871495786210511
2021-11-18,-0.003831029306631817,0,0.7660821878795688
2021-11-19,0.039512287244614086,1,0.13109132947005067
2021-11-22,-0.05913411717997252,0,0.2577631892274768
2021-11-23,-0.002346544159585351,0,0.5953088613959595
2021-11-24,0.03620353537922272,1,0.8228520565419785
2021-11-26,-0.007177876352644885,0,0.6579891938470402
2021-11-29,0.024810066785040163,1,0.7617450222850971
2021-11-30,0.0016300132429678538,1,0.385274867317465
2021-12-01,-0.060357303749969504,0,0.44427640733508433
2021-12-02,0.02518122474828499,1,0.7301146880257592
2021-12-03,-0.06624998531601534,0,0.30595099786311725
2021-12-06,0.036044667655086515,1,0.7910539467168882
2021-12-07,0.03365919841030385,1,0.5823981864510347
2021-12-08,-0.008281811376769976,0,0.36887382893827014
2021-12-09,-0.01840288354433184,0,0.7237197887161637
2021-12-10,-0.028924612803567062,0,0.8074614094547651
2021-12-13,-0.08430013214055043,0,0.8999974071955108
2021-12-14,0.025307723335003862,1,0.6791143054362107
2021-12-15,0.09690148215412275,1,0.8545844556862728
2021-12-16,-0.10166292069361693,0,0.27319547000749705
2021-12-17,-0.02429862684636519,0,0.17078963880384157
2021-12-20,0.03915020742089115,1,0.8543470960762545
2021-12-21,0.018220877678564396,1,0.6481962131234275
2021-12-22,0.02990548268362092,1,0.3635061107414101
2021-12-23,-0.003192590967452169,0,0.7480584088522868
2021-12-27,0.055697688072742224,1,0.37991517544843617
2021-12-28,-0.03318193898685062,0,0.1050721982767611
2021-12-29,-0.014732673755239234,0,0.8273412263551433
2021-12-30,-0.005129522810075393,0,0.5161685922138063
2021-12-31,0.004751532320518281,1,0.8955536574844919
2022-01-03,0.015495583953672343,1,0.5876520914823837
2022-01-04,-0.04386155530937408,0,0.37486319063232687
2022-01-05,-0.045217518138859325,0,0.6443236600376515
2022-01-06,0.018126026429536646,1,0.690972828426601
2022-01-07,-0.05543511268266288,0,0.3172765644009028
2022-01-10,0.02791456072711962,1,0.733713492709089
2022-01-11,0.02722963366810016,1,0.4724715727804615
2022-01-12,0.01111626328828863,1,0.52711392739698
2022-01-13,-0.07325819192954841,0,0.7849051014293447
2022-01-14,-0.0015210478514552372,0,0.2633581734659274
2022-01-18,-0.006892502830274538,0,0.19991001665625782
2022-01-19,-0.02971728091450221,0,0.7909010930218087
2022-01-20,-0.07101635682814245,0,0.6161369836817348
2022-01-21,-0.05007038632433536,0,0.6092138766375919
2022-01-24,0.009673112319649846,1,0.45773881935718436
2022-01-25,0.030781469106221815,1,0.3849475017757012
2022-01-26,0.01411366398398095,1,0.5676644942641916
2022-01-27,-0.06602173556816282,0,0.193784028503828
2022-01-28,0.05315258983845306,1,0.6379366533118283
2022-01-31,0.08290925891550138,1,0.4318335413071123
2022-02-01,0.027485609795816712,1,0.5029315078838877
2022-02-02,-0.051795041630862904,0,0.42371484571663676
2022-02-03,-0.019870778299939995,0,0.5015416279957616
2022-02-04,0.016686215024775963,1,0.4617249812645295
2022-02-07,-0.0005334656058019194,0,0.6717405227109656
2022-02-08,0.05184957023873826,1,0.5729932101904626
2022-02-09,0.01455767846170919,1,0.3188114330832418
2022-02-10,-0.003038997046098335,0,0.8218316577227586
2022-02-11,-0.0764778777402294,0,0.6945348650376865
2022-02-14,0.042408275666409256,1,0.5973614635557051
2022-02-15,0.052507152667905066,1,0.20430390018248742
2022-02-16,-0.023953559338816377,0,0.3622433822783103
2022-02-17,-0.03753440269898001,0,0.4172366461839099
2022-02-18,-0.06619912560554131,0,0.753645776189145
2022-02-22,0.03329734031795262,1,0.709220224768177
2022-02-23,-0.11709116037497469,0,0.7934602253878543
2022-02-24,0.1287651644687533,1,0.38619131203996443
2022-02-25,0.01142452429310259,1,0.4083450056098863
2022-02-28,0.012462588795691065,1,0.3076791273521064
2022-03-01,-0.021857946419299723,0,0.4109919925321419
2022-03-02,0.021299821834819488,1,0.578120234783139
2022-03-03,-0.03618819599526735,0,0.24756077270200694
2022-03-04,-0.024247379438939065,0,0.6197493097439718
2022-03-07,-0.06609099080813918,0,0.30662298203216043
2022-03-08,0.05058867938207401,1,0.5090853746125288
2022-03-09,0.0064324265228516975,1,0.2654390616421588
2022-03-10,0.02179228318215154,1,0.31008272438878476
2022-03-11,-0.05008274838035354,0,0.11752473558989796
2022-03-14,-0.01604998793780954,0,0.773951586048363
2022-03-15,0.09210901986943942,1,0.5091518242501314
2022-03-16,0.026382894865777384,1,0.3120412639017998
2022-03-17,0.02815093108286959,1,0.29673018093720127
2022-03-18,0.06887368472319366,1,0.18844611198102676
2022-03-21,0.008299761173389708,1,0.13189971606862186
2022-03-22,-0.022486632227535774,0,0.1846339221376154
2022-03-23,0.0015310812551621034,1,0.4417252000346485
2022-03-24,0.06573398424281174,1,0.42845657801979525
2022-03-25,-0.004661460717571009,0,0.09126054747027368
2022-03-28,0.03383034635997184,1,0.711024463447343
2022-03-29,-0.013626114224413177,0,0.3304919131703205
2022-03-30,-0.018442743416710483,0,0.13964137690309888
2022-03-31,-0.014649829073034248,0,0.33000265084952346
2022-04-01,-0.0236344847764971,0,0.2193130037493213
2022-04-04,0.01967962416489355,1,0.8666314761022715
2022-04-05,-0.08512517923181728,0,0.644669065393366
2022-04-06,-0.019772209329146917,0,0.8656697637553075
2022-04-07,-0.021439260505069724,0,0.8805723699929205
2022-04-08,-0.07120453273243377,0,0.7908150929159697
2022-04-11,0.014540340055740009,1,0.9515999376562783
2022-04-12,-0.035896503615193365,0,0.785534103391501
2022-04-13,0.035760311003866674,1,0.716565317047274
2022-04-14,-0.0579869799301872,0,0.4829483818812661
2022-04-18,0.024528027291542243,1,0.7086474349739452
2022-04-19,0.03669426227875494,1,0.055157060338305634
2022-04-20,-0.03588394252604976,0,0.3530072012287573
2022-04-21,-0.06476574875853891,0,0.16373478845467
2022-04-22,-0.054228193820157755,0,0.2891365935887528
2022-04-25,0.026872153359727147,1,0.7333398221914217
2022-04-26,-0.056801084507445365,0,0.11637667683548926
2022-04-27,0.01984071501123008,1,0.5487685328678584
2022-04-28,0.022934672263470013,1,0.5643834361236573
2022-04-29,-0.04437665668250468,0,0.2384493093290945
2022-05-02,0.04632982537567765,1,0.6932483573226529
2022-05-03,0.02695850913062614,1,0.3146093032158966
2022-05-04,-0.0028109103570775895,0,0.46081564918086454
2022-05-05,-0.056928477238862074,0,0.5126099296249528
2022-05-06,-0.0374678873892349,0,0.29940448402381753
2022-05-09,-0.01913045643942146,0,0.7555302676252416
2022-05-10,-0.019334116776285604,0,0.9418934764123987
2022-05-11,-0.06502572711327725,0,0.5463415771278913
2022-05-12,0.0350823203588686,1,0.7858337197070531
2022-05-13,0.04294730742159536,1,0.48572058722000133
2022-05-16,0.03226921145410899,1,0.3291161624835965
2022-05-17,-0.020416169736163114,0,0.332053159787762
2022-05-18,-0.04337753450433601,0,0.25861117733154554
2022-05-19,0.02332175964460026,1,0.6456986572514555
2022-05-20,-0.061043310378582016,0,0.30164912877082767
2022-05-23,0.01450167636087829,1,0.750679757377206
2022-05-24,-0.02967895188398928,0,0.4934316135799666
2022-05-25,0.0009985917614605544,1,0.8230314273263537
2022-05-26,0.13407372760338832,1,0.34735989792218785
2022-05-27,0.04365974361310454,1,0.20600996478146558
2022-05-31,-0.013487861282245661,0,0.1508911446127667
2022-06-01,-0.02307194199865059,0,0.25833134227555515
2022-06-02,0.04318837654030294,1,0.23498052998866115
2022-06-03,0.002987133362319483,1,0.252201698662375
2022-06-06,-0.03485034753410943,0,0.8192730391441831
2022-06-07,0.017917588546142227,1,0.3962783479463402
2022-06-08,-0.016915893475401456,0,0.64352142325263
2022-06-09,-0.04767056546129855,0,0.6664492995300048
2022-06-10,-0.09090918736691733,0,0.12181893363226592
2022-06-13,-0.01681246758700239,0,0.8696060921045043
2022-06-14,0.023139026159159526,1,0.8667371218461146
2022-06-15,-0.014600700244204012,0,0.5461911200320881
2022-06-16,-0.013367071606246395,0,0.7533231547093845
2022-06-17,0.05285020418732822,1,0.6052428542631894
2022-06-21,-0.015113773789283247,0,0.8272200814528008
2022-06-22,0.018057171153115448,1,0.6630934804740084
2022-06-23,-0.0011499705198777521,0,0.43763490836542523
2022-06-24,0.0492121088094466,1,0.21743787456782587
2022-06-27,-0.023798431921741692,0,0.6721955771334477
2022-06-28,-0.06426030361997837,0,0.36159074791018264
2022-06-29,-0.028645538711716267,0,0.6225623059596715
2022-06-30,-0.030076140137316076,0,0.3542105864486877
2022-07-01,-0.048593883283642336,0,0.5480092899133816
2022-07-05,0.058906522566247954,1,0.9215385976166441
2022-07-06,0.029713487026527652,1,0.4819970462025872
2022-07-07,-0.0016820413159083225,0,0.19826519443970284
2022-07-08,0.006221487622737776,1,0.18082779054954495
2022-07-11,-0.016617250861513888,0,0.795359336488509
2022-07-12,-0.044406637214866485,0,0.8434157488198737
2022-07-13,0.03550387116769116,1,0.5651815624209411
2022-07-14,0.03647084588277627,1,0.5077639933281036
2022-07-15,0.0410625191363454,1,0.43186743943952327
2022-07-18,0.011287072038397072,1,0.8546880775253907
2022-07-19,0.027963059313055316,1,0.3188080854975087
2022-07-20,0.055349092091151686,1,0.6140065727675932
2022-07-21,0.00044724759267555925,1,0.5827175053236234
2022-07-22,-0.048846010873819456,0,0.3040747306707107
2022-07-25,-0.007638429145039538,0,0.8209813282056614
2022-07-26,0.008467146627291866,1,0.5104962707155065
2022-07-27,0.05536607361768087,1,0.7810639467045747
2022-07-28,-0.009012403096045896,0,0.8155613991998125
2022-07-29,0.02071517697979819,1,0.2817961183327555
2022-08-01,-0.0033000356888273075,0,0.5074372124235583
2022-08-02,0.0034210875435061183,1,0.5556163064831473
2022-08-03,0.036570931191100664,1,0.7756056360270683
2022-08-04,-0.0020689632305710415,0,0.5836593451166645
2022-08-05,-0.06953749387188313,0,0.4297961056870055
2022-08-08,-0.014284451048237834,0,0.7484806166720678
2022-08-09,0.0258523987180721,1,0.831085170523371
2022-08-10,0.02446601209290944,1,0.4801138662349872
2022-08-11,0.001599487848019887,1,0.3942953619333399
2022-08-12,0.02979062264455523,1,0.7757849280592923
2022-08-15,0.011710750305705009,1,0.47196479788603785
2022-08-16,-0.02098300253336849,0,0.3881503353086235
2022-08-17,-0.011985236913033548,0,0.6841131059647356
2022-08-18,0.0057372395860206815,1,0.4632886228394264
2022-08-19,-0.04976632691105465,0,0.6648446421067625
2022-08-22,-0.028644878608023006,0,0.737431345400031
2022-08-23,0.0013535771029786758,1,0.8667175070454026
2022-08-24,-0.009875246791193226,0,0.784154155206874
2022-08-25,0.06013996048715775,1,0.7826088467357984
2022-08-26,-0.10287254789369549,0,0.4554785174267763
2022-08-29,-0.0037453996581712223,0,0.7207709931512701
2022-08-30,-0.03609023060931271,0,0.6453645930183459
2022-08-31,-0.07637813756152545,0,0.8387874479409454
2022-09-01,-0.0076711314039235035,0,0.794213123873419
2022-09-02,-0.026170179441067587,0,0.5971936444676914
2022-09-06,-0.011941769197788776,0,0.9405750417911469
2022-09-07,-0.007667709050628413,0,0.9298288447990626
2022-09-08,0.0518610855827355,1,0.555207907594266
2022-09-09,0.014975041888707796,1,0.24291535213760412
2022-09-12,-0.03945992189044145,0,0.6983915424865724
2022-09-13,-0.039704364562544336,0,0.6974358484294712
2022-09-14,-0.0180322818246198,0,0.9046057616326364
2022-09-15,-0.020975722924547968,0,0.8046941746781227
2022-09-16,0.02118973477739705,1,0.7087549946104909
2022-09-19,0.015600853627566691,1,0.6602879345834624
2022-09-20,-0.00015120776981780715,0,0.6007959757993907
2022-09-21,-0.010822865516420421,0,0.7124958741967061
2022-09-22,-0.04973205721694085,0,0.3314990918300165
2022-09-23,0.005716258134695895,1,0.5085686505639381
2022-09-26,0.0012811308101432495,1,0.6028673722052084
2022-09-27,-0.007755595674242111,0,0.5699284599339213
2022-09-28,0.003062065287680049,1,0.3709590923949687
2022-09-29,-0.029000699175934286,0,0.6902991212796915
2022-09-30,0.02151081234958041,1,0.8737897126976939
2022-10-03,0.043087331793292494,1,0.8569196822172309
2022-10-04,0.0024847780411025866,1,0.8836069044818005
2022-10-05,0.023932921244160577,1,0.8383319133789248
2022-10-06,-0.054084774117844625,0,0.8302051325683782
2022-10-07,-0.03742499736110694,0,0.4332426147028408
2022-10-10,-0.039544562199846034,0,0.709339532477988
2022-10-11,0.0015568049752645585,1,0.46663474700988433
2022-10-12,-0.05250896990059151,0,0.7876726603991694
2022-10-13,0.09898835891075852,1,0.7115242141947468
2022-10-14,-0.044704414659722524,0,0.7178919381171734
2022-10-17,0.07171387384350059,1,0.8631563129889368
2022-10-18,-0.03767013855156376,0,0.6775560267413933
2022-10-19,0.019698637546576414,1,0.49928202179462194
2022-10-20,-0.0012382038727744016,0,0.5493356950571383
2022-10-21,0.03388975145202844,1,0.5978889995732031
2022-10-24,0.014870703331905766,1,0.690056832595644
2022-10-25,0.013785988844152941,1,0.643130096719582
2022-10-26,0.05913426471078265,1,0.6393898400880839
2022-10-27,-0.03859134126327812,0,0.6612945473899103
2022-10-28,0.05143461423681095,1,0.39961833692640103
2022-10-31,0.002395195158858998,1,0.6006490028301635
2022-11-01,0.002823894636704294,1,0.8095674070350297
2022-11-02,-0.058267238409738686,0,0.8052659237525537
2022-11-03,0.07229949987211959,1,0.916066495277861
2022-11-04,0.0173028125952861,1,0.5492206159752582
2022-11-07,0.0402729182135797,1,0.7653895079614982
2022-11-08,-0.04317294206207545,0,0.6056491121507266
2022-11-09,0.045050178486755854,1,0.6980592130334328
2022-11-10,0.0680402471762398,1,0.6347043909679517
2022-11-11,0.026001372899301822,1,0.24465102118015603
2022-11-14,0.031076534826788516,1,0.35081018352725085
2022-11-15,-0.03348871133841402,0,0.39743863171084887
2022-11-16,-0.02765752321655468,0,0.09127382890369877
2022-11-17,0.01597196110980459,1,0.4680077339006313
2022-11-18,-0.05129640608228225,0,0.5514250517096676
2022-11-21,0.011949604887212084,1,0.783012005661768
2022-11-22,0.050234845085503466,1,0.36905478554878046
2022-11-23,0.013666216593162472,1,0.581647205214809
2022-11-25,-0.01789429769327977,0,0.48776097064602814
2022-11-28,-0.01241729354710075,0,0.4044492748794588
2022-11-29,-0.007960081440193556,0,0.30475577562663103
2022-11-30,0.08294565475933524,1,0.6499082965129396
2022-12-01,-0.020001130073980633,0,0.4255796542423995
2022-12-02,0.0012004959976055218,1,0.17809708818680922
2022-12-05,-0.008933276537376078,0,0.4855782580744575
2022-12-06,-0.04585616900669365,0,0.3577808537414225
2022-12-07,0.03176538040474708,1,0.4915947478878441
2022-12-08,0.05450723180711692,1,0.33770737755471725
2022-12-09,-0.007167680054325332,0,0.41506103520181825
2022-12-12,0.08769125171454317,1,0.5077209951827061
2022-12-13,-0.029356076987730684,0,0.5239343368584553
2022-12-14,-0.046755904695859996,0,0.45593098542840493
2022-12-15,-0.016446918429122492,0,0.5919479034042132
2022-12-16,-0.017315304084095096,0,0.4181204466352667
2022-12-19,-0.03065411128415063,0,0.6912917153207122
2022-12-20,0.003112716303019125,1,0.45798532679945086
2022-12-21,-0.0012409529971858513,0,0.2655743459682693
2022-12-22,-0.05579745629223265,0,0.47375513829148197
2022-12-23,-0.008028229406175202,0,0.4937133638159819
2022-12-27,-0.07609130178806467,0,0.6497758530577034
2022-12-28,0.03410644911689009,1,0.525380994109821
2022-12-29,-0.00472172325435305,0,0.5409681601117596
2022-12-30,0.03606819025100161,1,0.6632772901839011
2023-01-03,-0.019123480730235287,0,0.5072245915948184
2023-01-04,-0.005216969973021124,0,0.3548800433692269
2023-01-05,-0.0011732560152422078,0,0.2989130999430857
2023-01-06,0.05596237796460901,1,0.46930572798910847
2023-01-09,0.014590445761747617,1,0.6878471165857378
2023-01-10,0.021474151573600775,1,0.5476793002733693
2023-01-11,0.01641403911838668,1,0.3837899489054508
2023-01-12,0.011055856547752096,1,0.45150474272214264
2023-01-13,0.03814977526739893,1,0.6227338556028796
2023-01-17,0.04544659277814733,1,0.6502785655579234
2023-01-18,-0.03571646684449781,0,0.18503826611341775
2023-01-19,-0.001467096302481985,0,0.22727470308728237
2023-01-20,0.061900703297364856,1,0.14229617902866656
2023-01-23,0.04223871387032774,1,0.2081146354270394
2023-01-24,0.004568064013457329,1,0.3840633504550514
2023-01-25,0.04166435132441415,1,0.11643296981617046
2023-01-26,-0.01213132295932895,0,0.22734385169524796
2023-01-27,0.02507468013900671,1,0.20390157169128523
2023-01-30,-0.03909795379465053,0,0.4675348907897027
2023-01-31,0.02717791627784183,1,0.8150680645014828
2023-02-01,0.06647718980824258,1,0.29077660589784593
2023-02-02,-1.7525441287080668e-07,0,0.21600099575810955
2023-02-03,-0.009237946617279835,0,0.14088322273530277
2023-02-06,0.027684223667060914,1,0.33914109113336793
2023-02-07,0.04700228413316854,1,0.4280393553913502
2023-02-08,0.009782421634784377,1,0.23339812280874336
2023-02-09,-0.04052030345674218,0,0.46516430608550063
2023-02-10,-0.007007706126111013,0,0.6825183387627125
2023-02-13,0.0018571968350498125,1,0.8370062982607513
2023-02-14,0.04499951442203565,1,0.5286544078565575
2023-02-15,-0.018448747085290207,0,0.7263614069065819
2023-02-16,-0.02268107425084609,0,0.47836329399670274
2023-02-17,-0.029171353335845418,0,0.5707745474998269
2023-02-21,-0.013951985191444027,0,0.3112815334006832
2023-02-22,0.13198431474130468,1,0.48659249387875914
2023-02-23,-0.009172635369431803,0,0.6488395647882518
2023-02-24,0.01916050985703599,1,0.3683909365186275
2023-02-27,-0.012589864786323623,0,0.7730716385697411
2023-02-28,-0.007701369381782119,0,0.18104526239372357
2023-03-01,-0.03035537973554836,0,0.7768750349624176
2023-03-02,0.03699756681531019,1,0.5277135625169441
2023-03-03,0.02448554845457851,1,0.5350985259910358
2023-03-06,-0.01201268249905374,0,0.27783366568712675
2023-03-07,-0.004788181752488074,0,0.6221628582681923
2023-03-08,0.029292667193788757,1,0.2131823576844507
2023-03-09,-0.031685425566583825,0,0.17303265781394073
2023-03-10,-0.02806605710361687,0,0.30442174224852125
2023-03-13,0.03270024446769826,1,0.4767589570513698
2023-03-14,0.011278459835463162,1,0.5228472237892335
2023-03-15,0.011194955730344347,1,0.48706385389381623
2023-03-16,0.08136672107589771,1,0.6704212866884636
2023-03-17,-0.014125170433874734,0,0.38228400968750487
2023-03-20,0.022057546883179624,1,0.2603702901968634
2023-03-21,0.009358180450843356,1,0.5658580049819661
2023-03-22,0.026111582095698527,1,0.20296391291032218
2023-03-23,-0.003097919779532332,0,0.36579512935446157
2023-03-24,-0.007176830105380172,0,0.2654822930913591
2023-03-27,-0.014532271072428826,0,0.6117374824975871
2023-03-28,0.014292738142190009,1,0.610821873696009
2023-03-29,0.015060529891294916,1,0.8648002491713752
2023-03-30,-0.0032685724307974784,0,0.549842861120991
2023-03-31,0.013596411549567033,1,0.519887174638536
2023-04-03,0.016612487301338907,1,0.5322656432309799
2023-04-04,-0.04065631573670825,0,0.7082516723061637
2023-04-05,-0.009132102563890077,0,0.8332276594316104
2023-04-06,0.008990510374121241,1,0.5116494855186268
2023-04-10,0.033590546282790346,1,0.7578356283759154
2023-04-11,-0.012768773726959615,0,0.37393094442523306
2023-04-12,-0.02323711250069216,0,0.6907042647130817
2023-04-13,-0.008603316332692401,0,0.7500129234235823
2023-04-14,0.0023016158556143917,1,0.5717208795583617
2023-04-17,0.03643885088101184,1,0.9414313697883329
2023-04-18,-0.006247093967495787,0,0.6219480849642469
2023-04-19,0.011330084692326992,1,0.18498809211248157
2023-04-20,-0.02598388620144232,0,0.22813992962980217
2023-04-21,0.0022633354474812517,1,0.22722021233141335
2023-04-24,0.0024061024492041394,1,0.7580605270175753
2023-04-25,-0.0028065926329862156,0,0.4605819113599022
2023-04-26,0.013369506568456924,1,0.3132941744388396
2023-04-27,-0.0050433740600855925,0,0.4653914117136637
2023-04-28,0.022589474100395357,1,0.2999834862240689
2023-05-01,0.030172361496771938,1,0.47400544404682954
2023-05-02,-0.029288681512455672,0,0.21219034364006045
2023-05-03,-0.0067889009146425705,0,0.2687504518299358
2023-05-04,0.006328930521773524,1,0.37050170180401915
2023-05-05,0.025012755114278695,1,0.36517835419490335
2023-05-08,0.013217841822741105,1,0.7893002342978735
2023-05-09,0.003667693039066222,1,0.633332909520421
2023-05-10,-0.0037578224867480525,0,0.3795293394556765
2023-05-11,-0.012700718790182641,0,0.6313734873653452
2023-05-12,-0.000736053387418445,0,0.5778875008294861
2023-05-15,0.011680816440654995,1,0.607285561402666
2023-05-16,0.025762088988698917,1,0.5503871058905991
2023-05-17,0.027920594615478134,1,0.6190825793264719
2023-05-18,0.037027116204938926,1,0.6060670122775772
2023-05-19,-0.02013566138009759,0,0.47731427490484574
2023-05-22,0.0032037944367071525,1,0.45006583088755786
2023-05-23,-0.025483945978576283,0,0.6915667135892077
2023-05-24,0.2751739928998511,1,0.5365588428680907
2023-05-25,-0.016431927570012994,0,0.9344289091193347
2023-05-26,0.07139091656962315,1,0.40163249311137506
2023-05-30,-0.02726942587556025,0,0.3103992191230458
2023-05-31,-0.025298719190519958,0,0.25612454228273107
2023-06-01,0.04177828637549941,1,0.4125606460078113
2023-06-02,-0.029628366817743834,0,0.28926014785968013
2023-06-05,-0.002030113492062613,0,0.5853892037483969
2023-06-06,0.0022925179558579423,1,0.7059789224709814
2023-06-07,-0.030605192836510864,0,0.8169966907352529
2023-06-08,0.03480547924242128,1,0.3745368653208833
2023-06-09,0.004175490342315902,1,0.2176969560994977
2023-06-12,0.025153090291834657,1,0.539220189754171
2023-06-13,0.015876116162591103,1,0.6057259757002112
2023-06-14,0.04355290685362134,1,0.22695787581908086
2023-06-15,0.01990500132460049,1,0.2882644003626915
2023-06-16,-0.010402649020215482,0,0.6435171653458689
2023-06-20,0.011698267074816027,1,0.5657881475116153
2023-06-21,-0.02868902469274348,0,0.7319118125539523
2023-06-22,0.004993827123859429,1,0.18942179096026365
2023-06-23,-7.078549592409722e-05,0,0.4476299346349163
2023-06-26,-0.03914169841960102,0,0.9505097990195409
2023-06-27,-0.003406926010388278,0,0.7380598582920568
2023-06-28,0.0220855948765164,1,0.5132244702342277
2023-06-29,0.002935523195624068,1,0.49614690890679863
2023-06-30,0.020081344795154665,1,0.77891219669311
2023-07-03,-0.008984462495109646,0,0.25464250673731764
2023-07-05,-0.006906169658949746,0,0.2804879821038154
2023-07-06,0.011423291176055228,1,0.7642264192864351
2023-07-07,0.007915383579415014,1,0.6312640502382143
2023-07-10,-0.004125859928340914,0,0.5259191489837005
2023-07-11,0.012993982840767693,1,0.7695204209430563
2023-07-12,0.03450862595384918,1,0.7868579991336437
2023-07-13,0.04638557017093947,1,0.20978104876789277
2023-07-14,-0.00631131153971376,0,0.5311372467705672
2023-07-17,0.008900705993398095,1,0.288721639886806
2023-07-18,0.01633778575015321,1,0.2548773032141038
2023-07-19,-0.020162578485702243,0,0.5048931226220551
2023-07-20,-0.015460023836256331,0,0.3693426687217765
2023-07-21,-0.023084631011899837,0,0.6312992839290016
2023-07-24,0.004694783766274524,1,0.5515561408342716
2023-07-25,0.024031369549113668,1,0.5887692400759389
2023-07-26,0.010821116959837784,1,0.521276293029953
2023-07-27,0.0032031052964047735,1,0.8530822769831464
2023-07-28,0.0018427856018827793,1,0.3947453638930131
2023-07-31,-0.006288292050394606,0,0.4803448912356325
2023-08-01,-0.013538411032493092,0,0.8561775973156147
2023-08-02,-0.04431524684519961,0,0.7197322053614381
2023-08-03,0.02705512190622783,1,0.907929776040589
2023-08-04,0.0028009340803685223,1,0.6266432034165834
2023-08-07,-0.005719296558168718,0,0.6249940786584047
2023-08-08,-0.012909019683328138,0,0.5490316706428532
2023-08-09,-0.04774809366606747,0,0.6433425001710862
2023-08-10,-0.009700935896889029,0,0.8262282188145453
2023-08-11,-0.03029878852082646,0,0.7131810177893573
2023-08-14,0.10062750549734245,1,0.8235976669289734
2023-08-15,-0.0008977885442902345,0,0.529193180616398
2023-08-16,-0.01235405966802594,0,0.4439694020253213
2023-08-17,-0.03036159807335015,0,0.507802165234732
2023-08-18,0.0436028949962306,1,0.33097178168011465
2023-08-21,0.08183114952138748,1,0.5698253632475372
2023-08-22,-0.04713831913112432,0,0.7212451921434141
2023-08-23,0.09484161006622349,1,0.6147093636522379
2023-08-24,-0.06380429157403866,0,0.24572298639727413
2023-08-25,-0.011273908548828704,0,0.29166667940122293
2023-08-28,0.003958512872594522,1,0.5105819560976078
2023-08-29,0.05095800088511271,1,0.27023125462356684
2023-08-30,0.006851038369394047,1,0.2680954738976826
2023-08-31,0.007735719348918257,1,0.2368766341237297
2023-09-01,-0.030927067768669825,0,0.6491434670702227
2023-09-05,0.004603388624945914,1,0.5587730673410666
2023-09-06,-0.060196875438446096,0,0.4758188541484895
2023-09-07,0.009159610488600256,1,0.7661573498356605
2023-09-08,0.0044840661953389205,1,0.4970316962129875
2023-09-11,-0.030553985045104315,0,0.6794489562979329
2023-09-12,-0.0030845467261441106,0,0.5246481030574821
2023-09-13,0.03026901871001275,1,0.40857976249650474
2023-09-14,-0.01325357916526726,0,0.5216920978865336
2023-09-15,-0.0571887006499231,0,0.5693582226710657
2023-09-18,0.025381360006657916,1,0.9498975317053521
2023-09-19,-0.0053157498147275994,0,0.8411542921839658
2023-09-20,-0.046261507822661585,0,0.7931108854698108
2023-09-21,-0.00026439472428796407,0,0.40938842623946164
2023-09-22,0.0004570355096067402,1,0.770023348693012
2023-09-25,0.00985773646574084,1,0.5635573518350767
2023-09-26,0.007833094395082396,1,0.47084522232334614
2023-09-27,0.0030712011244116155,1,0.6906065132311587
2023-09-28,0.032195025344535555,1,0.400290744480161
2023-09-29,0.004631699133902378,1,0.463822638105893
2023-10-02,0.01766999250510559,1,0.5372424403528059
2023-10-03,-0.023790435529576937,0,0.3214966723876685
2023-10-04,0.007041174137959683,1,0.7395693527387873
2023-10-05,0.003246462034116382,1,0.2908406401288766
2023-10-06,0.01468556924171982,1,0.31753303930344023
2023-10-09,0.010436848393581721,1,0.452461615161888
2023-10-10,0.019553947528555105,1,0.4691851960888849
2023-10-11,0.012576750758192867,1,0.3872787729528849
2023-10-12,0.003912282593263594,1,0.3164528088086294
2023-10-13,-0.04039607762871511,0,0.24412941771707777
2023-10-16,-0.02358916757910534,0,0.5948747268882971
2023-10-17,-0.03202280351307929,0,0.2599077504246003
2023-10-18,0.005165516473977894,1,0.8166531673900906
2023-10-19,-0.021513225561196614,0,0.5877697374187587
2023-10-20,-0.015779356331312,0,0.7095025781468969
2023-10-23,0.044822628249168384,1,0.8666232657292274
2023-10-24,0.007451874585156171,1,0.22540548948760475
2023-10-25,-0.03560069484227768,0,0.4213032278777585
2023-10-26,-0.017274753365833173,0,0.8133891020820638
2023-10-27,-0.0010453575835580597,0,0.3993938004810645
2023-10-30,-0.015503748559948516,0,0.7175555257971639
2023-10-31,0.01072915668734331,1,0.5068975451857436
2023-11-01,0.05977897730085613,1,0.6294388773858653
2023-11-02,0.015971149416245556,1,0.5220970866488833
2023-11-03,0.028737037835732115,1,0.30915169607961207
2023-11-06,0.009583725880605298,1,0.3835492216917411
2023-11-07,0.008333458485020095,1,0.6331256534422463
2023-11-08,0.029652900004181193,1,0.7281249570562375
2023-11-09,0.0006952496558321197,1,0.7885680058605896
2023-11-10,0.01726302891880649,1,0.6841017668735803
2023-11-13,0.028145845006164016,1,0.32093322029659926
2023-11-14,0.005132833028147488,1,0.8091355379364353
2023-11-15,-0.025152624172053994,0,0.5254585319995585
2023-11-16,0.017358476947376467,1,0.7824833760144071
2023-11-17,-0.004280769214153213,0,0.7387963115538673
2023-11-20,0.016507044646968394,1,0.8040190494472425
2023-11-21,-0.005466004525077395,0,0.31774693699276096
2023-11-22,-0.027722192218266883,0,0.5309978817348447
2023-11-24,-0.013822885460624379,0,0.58315326263383
2023-11-27,0.009121224889026891,1,0.6561705477265853
2023-11-28,0.002964704156085629,1,0.5305869430728201
2023-11-29,-0.007337835279793925,0,0.6122151482243251
2023-11-30,-0.031213564647689096,0,0.9507467173785199
2023-12-01,-0.009629407298825665,0,0.32766533652437946
2023-12-04,-0.013173635374463255,0,0.525252516848216
2023-12-05,0.03846837359067168,1,0.3768068503615158
2023-12-06,-0.032087161477632686,0,0.3677051979856979
2023-12-07,0.019584288705633446,1,0.14278421307991035
2023-12-08,0.019229367903877526,1,0.42929973828462636
2023-12-11,-0.03042662682982189,0,0.173595251991494
2023-12-12,0.034378545669170535,1,0.35066017707166786
2023-12-13,0.01597757251309062,1,0.18204995863800513
2023-12-14,-0.004050474903639412,0,0.4546789147116438
2023-12-15,0.025024069914023395,1,0.7670579007561281
2023-12-18,0.00048561406833025345,1,0.6581988711225609
2023-12-19,0.00467396952597654,1,0.7221961010170245
2023-12-20,-0.016997322345546517,0,0.7138160283353656
2023-12-21,0.007866959561048326,1,0.6014932905253099
2023-12-22,-0.0046140683610625954,0,0.5383377716906932
2023-12-26,0.011088980468443088,1,0.6617882274719084
2023-12-27,0.00266580586948284,1,0.5141654726354804
2023-12-28,0.0034244135853105373,1,0.46032543532150877
2023-12-29,-0.01142271406837192,0,0.6128063905387611
2024-01-02,-0.035719974094003404,0,0.5511253944039313
2024-01-03,0.005938589800298821,1,0.5430880116968672
2024-01-04,0.014550076563318637,1,0.3409785757032148
2024-01-05,0.021666438327515136,1,0.17039544590088135
2024-01-08,0.05834941064438626,1,0.7380311092727161
2024-01-09,0.023186561167375608,1,0.7422162103153884
2024-01-10,0.025794569901435915,1,0.7132668625140701
2024-01-11,-0.006891053342013453,0,0.380047027481064
2024-01-12,0.007286735774897579,1,0.6099407011337521
2024-01-16,0.02415561677115252,1,0.4163248290081345
2024-01-17,0.01620324192356426,1,0.2833546770820736
2024-01-18,0.012731344605103612,1,0.5211280257047941
2024-01-19,0.0355240358229727,1,0.5612555936262342
2024-01-22,-0.007976825794960507,0,0.5901573979406781
2024-01-23,0.012321662390502253,1,0.5882497513553184
2024-01-24,0.03392800564975618,1,0.5005935899676139
2024-01-25,-0.022293492992166097,0,0.46095269816684575
2024-01-26,0.00446201925364198,1,0.6874822410862138
2024-01-29,0.027240652824899403,1,0.41902897248433474
2024-01-30,-0.023211536843034675,0,0.625543708146061
2024-01-31,0.01074215015704394,1,0.8101351620084811
2024-02-01,0.030177181961601907,1,0.7172412113290414
2024-02-02,0.0664491660259463,1,0.7162617402844009
2024-02-05,0.020593485473922923,1,0.6140083119307631
2024-02-06,-0.01882819857439766,0,0.6921026418830968
2024-02-07,0.025688219175822535,1,0.6645492269553781
2024-02-08,0.006550214061422643,1,0.5117056514868619
2024-02-09,0.02930551308182472,1,0.6806894603234623
2024-02-12,-0.03030303599752482,0,0.3076373748938873
2024-02-13,0.039801298600636414,1,0.7532625127002489
2024-02-14,0.009111932996286987,1,0.699043770373129
2024-02-15,0.0031268760468503576,1,0.6514447148885245
2024-02-16,-0.02905537169035488,0,0.5342422613003063
2024-02-20,-0.05477635731267927,0,0.301505213516154
2024-02-21,0.10321174393146126,1,0.7465411491096425
2024-02-22,0.07684090499445961,1,0.8411763128294865
2024-02-23,-0.013491897186820756,0,0.3177000260674276
2024-02-26,-0.004002620402340562,0,0.6138683708045367
2024-02-27,-0.022183998197278232,0,0.3190180733235529
2024-02-28,0.018989926457203543,1,0.18828089082907343
2024-02-29,0.011454671508807968,1,0.26394055948799405
2024-03-01,0.051625014395628055,1,0.492710230042676
2024-03-04,0.01359820927201505,1,0.3443497581455035
2024-03-05,0.03227390252114204,1,0.3095572187080771
2024-03-06,0.02426642963218817,1,0.603375159415007
2024-03-07,0.05523640606705649,1,0.3070090185841638
2024-03-08,-0.0915405980967845,0,0.41674614133995835
2024-03-11,0.018743722719530176,1,0.7379083932530027
2024-03-12,0.034139956522318604,1,0.34005948701389244
2024-03-13,-0.016231841387999824,0,0.24307716482855954
2024-03-14,-0.029549935397763738,0,0.7476964936884695
2024-03-15,0.039778981972263594,1,0.6596477520225987
2024-03-18,-0.04080187973996985,0,0.5851525718810395
2024-03-19,0.035720877560728725,1,0.7061679814692364
2024-03-20,0.027873976619703367,1,0.5207673140104355
2024-03-21,-0.012556874445646682,0,0.20337170495047316
2024-03-22,0.03072172236485682,1,0.3086607511839265
2024-03-25,0.020331726286297425,1,0.1685549373358189
2024-03-26,-0.028575443431291925,0,0.6693757743650093
2024-03-27,-0.0334221508692204,0,0.6899888299469904
2024-03-28,0.0033222288698233626,1,0.6150785037323889
2024-04-01,-0.02049866887049745,0,0.6616594537468874
2024-04-02,0.0004072372378718381,1,0.8934924327861947
2024-04-03,0.02172122985387248,1,0.548205488265859
2024-04-04,-0.03915664172904798,0,0.683944104491382
2024-04-05,0.02111287759900682,1,0.5502695891316601
2024-04-08,-0.014182589569237458,0,0.5079405046542855
2024-04-09,-0.040209329952095696,0,0.577006731450093
2024-04-10,0.041631685505835625,1,0.7335095482446652
2024-04-11,0.026069665137531617,1,0.4301437499954538
2024-04-12,-0.006700364378434909,0,0.7157755461960237
2024-04-15,-0.02991072618501367,0,0.7850054389723179
2024-04-16,0.022063340643674323,1,0.6313764727672916
2024-04-17,-0.038148183272149416,0,0.7755459007102339
2024-04-18,-0.021419129341033627,0,0.8911253517424482
2024-04-19,-0.06068561535421613,0,0.8122414515974731
2024-04-22,0.034121147384632344,1,0.8134211837212716
2024-04-23,0.03938378427102118,1,0.3210236736835196
2024-04-24,-0.06053584366352949,0,0.22735728348858913
2024-04-25,0.06276322421582159,1,0.5746974200772486
2024-04-26,0.04506166939001832,1,0.5291530286598461
2024-04-29,-0.004052692259444934,0,0.6625910357489447
2024-04-30,-0.024793659719211214,0,0.5816963661381581
2024-05-01,-0.007381568092680979,0,0.6199117412954682
2024-05-02,0.039550688992349814,1,0.803897783732623
2024-05-03,0.018236866303151356,1,0.6194767021205425
2024-05-06,0.019107195315261283,1,0.41524985738643666
2024-05-07,-0.017728213897052147,0,0.7497096290125141
2024-05-08,0.011689299227178873,1,0.6791983067365466
2024-05-09,-0.0024742062742850734,0,0.6744421552110201
2024-05-10,0.001915620552950248,1,0.6121287586823018
2024-05-13,-0.009714990497856735,0,0.5770998079994614
2024-05-14,0.03206519711372646,1,0.7596423228564109
2024-05-15,0.026364693295860553,1,0.7829081186916607
2024-05-16,-0.005700109846211054,0,0.7436189607595258
2024-05-17,-0.006559431333914123,0,0.8032582315496173
2024-05-20,-0.0016106897984399238,0,0.8258168231799382
2024-05-21,0.019872055974495595,1,0.6209791681055679
2024-05-22,0.06881494640672736,1,0.6518463293083746
2024-05-23,0.023728684074681983,1,0.5955262136650268
2024-05-24,0.05548172886379543,1,0.2690008443551821
2024-05-28,0.02545251605276655,1,0.507917652957399
2024-05-29,0.014153097166372364,1,0.27288918605957935
2024-05-30,-0.018578331151359095,0,0.3152354919963784
2024-05-31,0.009784984977319278,1,0.5111518986267953
2024-06-03,0.018438337628456924,1,0.398317590452747
2024-06-04,0.02294423810510926,1,0.4932261075887172
2024-06-05,0.047959240725256924,1,0.7708842191304058
2024-06-06,-0.034486527816971035,0,0.42833516123003135
2024-06-07,0.005009598920014069,1,0.6279296102810312
2024-06-10,0.011713785449499525,1,0.6547323199556607
2024-06-11,0.010593858164309689,1,0.7444042995061481
2024-06-12,0.051438346457323814,1,0.6540049060587392
2024-06-13,0.004405318909947109,1,0.5431939506197805
2024-06-14,0.023314990307232053,1,0.5581436340120796
2024-06-17,-0.013910931097911083,0,0.32006327581775723
2024-06-18,0.06603624746270587,1,0.7997068839842654
2024-06-20,-0.09070098792386849,0,0.5134746128887329
2024-06-21,-0.030522376474517166,0,0.4971293915520429
2024-06-24,-0.016553061172256855,0,0.541549565073852
2024-06-25,0.04067645786959484,1,0.48084701997137863
2024-06-26,-0.01609439262854917,0,0.4234505085562665
2024-06-27,0.003867945949977969,1,0.49855160172507623
2024-06-28,-0.008910121349671507,0,0.7020217159886152
2024-07-01,-0.018951941381344928,0,0.7532253217014695
2024-07-02,0.004375725562683508,1,0.8315583336506118
2024-07-03,0.04701592272418664,1,0.849472262488998
2024-07-05,0.0008636114392566174,1,0.5205039096796882
2024-07-08,0.022433314863513854,1,0.5555747885272936
2024-07-09,0.028231486629130886,1,0.6409169880317702
2024-07-10,0.012833005264095032,1,0.38795715189779356
2024-07-11,-0.05517505210127893,0,0.2463993278467468
2024-07-12,0.017932255029509347,1,0.5265469124281933
2024-07-15,-0.016237521878915695,0,0.5459817329811094
2024-07-16,-0.05520098698641385,0,0.45136407922365374
2024-07-17,0.004120315215794923,1,0.4339466340840762
2024-07-18,-0.012310137341573602,0,0.8037789005945304
2024-07-19,9.01555601284798e-08,1,0.32783735366397465
2024-07-22,0.0201909956242321,1,0.7456384532226656
2024-07-23,-0.029402159632425318,0,0.3176450941519136
2024-07-24,-0.05143909904553634,0,0.3674206163275609
2024-07-25,0.027866137656723522,1,0.5127858442498324
2024-07-26,-0.021516418521828284,0,0.5449440178207157
2024-07-29,-0.019087030975014296,0,0.6749580027334197
2024-07-30,0.012374451557301214,1,0.6421475539671732
2024-07-31,0.041009732639453844,1,0.7416082265640679
2024-08-01,-0.117161559375079,0,0.4862105713043339
2024-08-02,-0.11276022220428317,0,0.746538134285323
2024-08-05,0.1279601302659057,1,0.7648970599718664
2024-08-06,0.03823185255505579,1,0.14735763950552855
2024-08-07,-0.05389112979297506,0,0.1401413392228863
2024-08-08,0.035686372339649,1,0.5808306825876687
2024-08-09,0.006436847955988867,1,0.1593215037687659
2024-08-12,0.05756224441484026,1,0.5593702549483283
2024-08-13,0.05416199048626824,1,0.12849734138247923
2024-08-14,0.0019405351312420382,1,0.18393530334840613
2024-08-15,0.026776665443281278,1,0.2607434281459301
2024-08-16,0.019189659258410652,1,0.27033623172163884
2024-08-19,0.03315101156219891,1,0.17890695970427464
2024-08-20,-0.008410967916903989,0,0.34767811497844026
2024-08-21,0.021206147461793723,1,0.3277698631512379
2024-08-22,-0.031994887751065515,0,0.35086777019661386
2024-08-23,0.029477113378875597,1,0.7319731284493056
2024-08-26,-0.034884535865703614,0,0.45583536617170173
2024-08-27,0.024550079710512263,1,0.7469563261696063
2024-08-28,-0.05276309722676875,0,0.2946076341860419
2024-08-29,-0.015079038796268374,0,0.7415383139907846
2024-08-30,-0.029448590129885988,0,0.5730071154447111
2024-09-03,-0.09137153959672273,0,0.7062865732515695
2024-09-04,-0.00398442952544753,0,0.7663195123012059
2024-09-05,0.029050394567675886,1,0.42998496470055614
2024-09-06,-0.029248498446104887,0,0.7659364964255867
2024-09-09,0.027936690645006035,1,0.7834157065679008
2024-09-10,0.014655410800147761,1,0.25437639805809276
2024-09-11,0.06819642363567002,1,0.560597215129544
2024-09-12,0.019171431318104393,1,0.3247779268909557
2024-09-13,-0.019230633515438078,0,0.24408024441896162
2024-09-16,0.011816030592507465,1,0.39729831915692665
2024-09-17,-0.019294204524503145,0,0.5701720311245142
2024-09-18,0.012598103135136096,1,0.53584299363932
2024-09-19,-0.0024712414646850256,0,0.6710449535584748
2024-09-20,-0.004356811499887869,0,0.4114808732554602
2024-09-23,-0.00025732683859869265,0,0.6812290967344158
2024-09-24,0.04720206715752617,1,0.4001904440036941
2024-09-25,0.0391740175218398,1,0.4248889952477862
2024-09-26,-0.022318625916846302,0,0.2503533689328933
2024-09-27,-0.04565623439599087,0,0.22359846983260906
2024-09-30,0.02924517161798068,1,0.5072010387025222
2024-10-01,-0.04377094155282912,0,0.3046285579968699
2024-10-02,0.03847471423571225,1,0.5322498612810036
2024-10-03,0.03324516027952562,1,0.6112472461442373
2024-10-04,0.00040004207987998086,1,0.6210297724181403
2024-10-07,0.042163434899896934,1,0.3815939210937723
2024-10-08,0.029556428031148885,1,0.5349099807626306
2024-10-09,-0.01640444331617752,0,0.3296886109298871
2024-10-10,0.015919673465013773,1,0.6852941860481425
2024-10-11,0.0183570605347132,1,0.559387458540529
2024-10-14,0.010258540791525217,1,0.5073661747262502
2024-10-15,-0.02821513896582062,0,0.48286428900548506
2024-10-16,0.04000635116678941,1,0.8613647848513615
2024-10-17,-0.004808629312188173,0,0.6017237250084642
2024-10-18,-0.003893935646412938,0,0.7258490677170674
2024-10-21,0.03460495672138819,1,0.49942093281183847
2024-10-22,-0.0061577323818479135,0,0.5610020993272439
2024-10-23,-0.008519258832190402,0,0.4465479132784687
2024-10-24,0.0007810540975248248,1,0.46353292651409544
2024-10-25,0.014688098161871777,1,0.6235772674087968
2024-10-28,-0.018950986473049825,0,0.6446099134259874
2024-10-29,-0.0053461751271535185,0,0.23994806369726987
2024-10-30,-0.013902621777395985,0,0.5587816847276529
2024-10-31,-0.021075537023794055,0,0.5784481426413526
2024-11-01,0.018633958896203007,1,0.6140616591284395
2024-11-04,0.0017489578222968927,1,0.4439825088884265
2024-11-05,0.04008745173680395,1,0.19549757699948508
2024-11-06,0.02399282983170936,1,0.2839294796620054
2024-11-07,0.01625774159354898,1,0.4590626228527348
2024-11-08,-0.0006050031212684326,0,0.5274199484537391
2024-11-11,-0.012778939165686176,0,0.6337456032860256
2024-11-12,0.015601399847685604,1,0.37601289073247496
2024-11-13,-0.009592661364099975,0,0.598625792881831
2024-11-14,-0.018761912960765792,0,0.34705080394722215
2024-11-15,-0.03706778223029694,0,0.8092381901893005
2024-11-18,0.013046661306390872,1,0.8626191507619593
2024-11-19,0.043093613150964494,1,0.7087524322044803
2024-11-20,0.013160673392944133,1,0.40594745336725124
2024-11-21,-0.022899297307585775,0,0.37825328250479745
2024-11-22,-0.02699926854190915,0,0.34734314311638087
2024-11-25,-0.030213254244216725,0,0.6826877662856425
2024-11-26,-0.01953524950612151,0,0.4822291427702448
2024-11-27,0.013110097775683949,1,0.6037099358517535
2024-11-29,0.014987665920033422,1,0.4694958331196481
2024-12-02,-0.004105700476764063,0,0.7286492138789431
2024-12-03,0.02705028642666729,1,0.4794952812589096
2024-12-04,0.0219718986744748,1,0.7246711606115191
2024-12-05,-0.0035145040342066114,0,0.8761134747375481
2024-12-06,-0.03893526522647972,0,0.8150742128534227
2024-12-09,0.00028810983740457097,1,0.902759164456981
2024-12-10,-0.011869880312910697,0,0.5378638311102542
2024-12-11,-0.0020382794808584404,0,0.4065014408478343
2024-12-12,0.013568722833533942,1,0.38162994813887274
2024-12-13,-0.034259514753258946,0,0.5349667574851514
2024-12-16,-0.03793410610240211,0,0.8386700136272999
2024-12-17,0.03695113381180781,1,0.7151010673914734
2024-12-18,-0.015688142322023424,0,0.6616325254113955
2024-12-19,-0.014799622112818711,0,0.699246148247057
2024-12-20,0.049842001443210604,1,0.4087751533168453
2024-12-23,0.02729686163591727,1,0.9555891612147139
2024-12-24,-0.0021429394917767963,0,0.6751715467020097
2024-12-26,-0.008231767353330643,0,0.8160131514332692
2024-12-27,-0.02684962716618544,0,0.6898220199914185
2024-12-30,0.02373370612628123,1,0.6675932003395386
2024-12-31,-0.014707059566192893,0,0.7951742757517803
2025-01-02,0.029485210453227717,1,0.8698775133384815
2025-01-03,0.061281630921333985,1,0.5109486279094335
2025-01-06,0.029880637439193558,1,0.4331735654693095
2025-01-07,-0.06828725737297348,0,0.6341054470233448
2025-01-08,-0.03597958453321903,0,0.768539214912159
2025-01-10,-0.054274211295767594,0,0.6863916426592627
2025-01-13,0.0466186864798821,1,0.924403971905591
2025-01-14,-0.01764058073107233,0,0.7441992471488301
2025-01-15,0.03733634102443917,1,0.6143341808463908
2025-01-16,-0.014065245398568682,0,0.6047349069039165
2025-01-17,0.018070221094252492,1,0.4513327247382054
2025-01-21,0.039522877005781165,1,0.5606408369181652
2025-01-22,0.002695933891812219,1,0.5710066748050296
2025-01-23,0.022888711512107696,1,0.7094444420378229
2025-01-24,-0.15885961080780298,0,0.5148467353028933
2025-01-27,-0.023958422623718834,0,0.7447288934931802
2025-01-28,0.03850268087204212,1,0.4356563386504535
2025-01-29,-0.026877562872276384,0,0.6271369764519631
2025-01-30,0.005523953316302732,1,0.811681599677052
2025-01-31,-0.0729520248815505,0,0.8281507591225229
2025-02-03,0.0192592571514294,1,0.832385543371155
2025-02-04,0.04103970026249093,1,0.5185793205184914
2025-02-05,0.046484652423942396,1,0.4577901047071139
2025-02-06,0.014126801599710248,1,0.5038907095733252
2025-02-07,0.0067325915611262666,1,0.7705404016784058
2025-02-10,0.01914068754367726,1,0.7792504618322719
2025-02-11,-0.019309152148463182,0,0.7275783379659719
2025-02-12,0.011844410572009245,1,0.3624084611473298
2025-02-13,0.03739717761319117,1,0.716927484443618
2025-02-14,0.03509677926117427,1,0.6048493117646012
2025-02-18,-0.012458270087070678,0,0.653453384078764
2025-02-19,0.0037271829520879596,1,0.49673375632992245
2025-02-20,7.153339128840308e-05,1,0.41016025826251346
2025-02-21,-0.024850140385727082,0,0.3246811696173674
2025-02-24,-0.0481839288363477,0,0.6744293400277801
2025-02-25,7.707678658142036e-05,1,0.8015037303726247
2025-02-26,0.0385413429100927,1,0.460467311058926
2025-02-27,-0.12577774183633883,0,0.6994217492202891
2025-02-28,0.046517567427760254,1,0.42307470848661055
2025-03-03,-0.10412115289619839,0,0.7834752820132953
2025-03-04,0.06262996369304696,1,0.5358393769522284
2025-03-05,-0.03444471934069371,0,0.3894455682566242
2025-03-06,-0.020082753355689986,0,0.5430748795917966
2025-03-07,-0.012134913188739493,0,0.5152372899364474
2025-03-10,-0.02647869614438536,0,0.5329532579757884
2025-03-11,0.06674009428379724,1,0.385268132730091
2025-03-12,0.02549931990873988,1,0.23935733337098636
2025-03-13,0.013500830365090755,1,0.5104514977625703
2025-03-14,0.03482000029787069,1,0.3278660616025187
2025-03-17,-0.03861819242042319,0,0.7059579261064651
2025-03-18,-0.006186525968102097,0,0.3757648402714336
2025-03-19,-0.006139557192230138,0,0.3009886371071545
2025-03-20,0.003346154321946848,1,0.3679483122671913
2025-03-21,0.025141072069576387,1,0.22688791352921986
2025-03-24,0.005588945074321616,1,0.5300044690686414
2025-03-25,-0.015097468500793632,0,0.6190560461959536
2025-03-26,-0.06215789384241288,0,0.42293853706667706
2025-03-27,0.0012573382425651314,1,0.31672546312891364
2025-03-28,-0.0570454379935994,0,0.17551399216118674
2025-03-31,0.032245829323417574,1,0.2748887445349915
2025-04-01,-0.01133441271767266,0,0.7730529538175456
2025-04-02,-0.03523147945063876,0,0.3911778704951346
2025-04-03,-0.04444017907315423,0,0.5369492363968874
2025-04-04,-0.11576191686077886,0,0.2803893606236487
2025-04-07,0.18694269627214455,1,0.8872317077609108
2025-04-08,-0.047394271408580435,0,0.35449996532349287
2025-04-09,0.10597630002813418,1,0.6709147122262408
2025-04-10,-0.007954613305291569,0,0.5120935417643891
2025-04-11,0.051705108236962394,1,0.4378799748762272
2025-04-14,-0.027517350225933157,0,0.2542291919772588
2025-04-15,-0.05785339950340107,0,0.12601296035404375
2025-04-16,-0.0009565495949772629,0,0.2263047474213281
2025-04-17,-0.05438009836028923,0,0.4839772536159576
2025-04-21,0.00010117728124781067,1,0.4189355831055273
2025-04-22,0.0581088740261384,1,0.7703148226539538
2025-04-23,-0.009950141321524941,0,0.15110770041814556
2025-04-24,0.03256664247491048,1,0.2816484776906706
2025-04-25,0.026579370393406743,1,0.3742238526935752
2025-04-28,-0.018415530667430735,0,0.5708460859185602
2025-04-29,-0.029720480442193886,0,0.35020925264614455
2025-04-30,0.08241608141089696,1,0.23034686727400996
2025-05-01,0.009727605342421564,1,0.31037458910956806
2025-05-02,-0.011122706656085057,0,0.4625106267639255
2025-05-05,-0.01266497792447685,0,0.4680024246696556
2025-05-06,0.01408321400614021,1,0.8550092881112082
2025-05-07,0.04599726455133024,1,0.5045792001404159
2025-05-08,-0.007610902675782016,0,0.4426892691829832
2025-05-09,0.03936941072113953,1,0.17394498997164184
2025-05-12,0.02467833297909494,1,0.36083343364086334
2025-05-13,0.06577033059927118,1,0.3256664352184259
2025-05-14,0.008183147055755624,1,0.5003551422942141
2025-05-15,0.014372052553456527,1,0.4040902431390716
2025-05-16,-0.02811640236593116,0,0.6600835683869943
2025-05-19,0.014351238998302263,1,0.5466724819413297
2025-05-20,-0.009159064452025856,0,0.4325238250060697
2025-05-21,-0.006237823184491731,0,0.6470705802590195
2025-05-22,-0.01686451019713653,0,0.8323643503651519
2025-05-23,0.03192303914804162,1,0.4276457285800079
2025-05-27,0.014014228338711243,1,0.7571569362961218
2025-05-28,0.04572522796277667,1,0.31833679396506126
2025-05-29,-0.024815383754147602,0,0.42064732896528484
2025-05-30,-0.02328450826980666,0,0.2355785362125509
2025-06-02,0.024282306875783366,1,0.36582659445136656
2025-06-03,0.024571335072391065,1,0.13105068284856133
2025-06-04,-0.0001407065281556763,0,0.31443279223782145
2025-06-05,0.002391500140769498,1,0.4334728712041159
2025-06-06,0.0047716533656074755,1,0.5840325019957119
2025-06-09,-0.0034919418041591266,0,0.3876650914587425
2025-06-10,0.013526250298337983,1,0.7008741027753764
2025-06-11,-0.018256109923980746,0,0.2902312705439818
2025-06-12,0.0035922930893146354,1,0.3968313954441175
2025-06-13,0.00610620142592655,1,0.5349409428258841
2025-06-16,0.007952410919318087,1,0.6922255433677619
2025-06-17,-0.0033218901648834898,0,0.17968310837812093
2025-06-18,0.009999181604752216,1,0.4767256089031201
2025-06-20,-0.020281831728110822,0,0.12368806145904869
2025-06-23,0.02147366814941143,1,0.6088952242377541
2025-06-24,0.025487887138684773,1,0.2583060472726013
2025-06-25,0.044952023993676926,1,0.3571651105923563
2025-06-26,0.00038452065852423445,1,0.24276343417173463
2025-06-27,0.015124378832511054,1,0.3960133442879871
2025-06-30,-0.01332060630524634,0,0.7553214363998902
2025-07-01,-0.02117853862165875,0,0.8069564319452476
2025-07-02,0.03523326780937208,1,0.8910245105962126
2025-07-03,-0.0010735549130096445,0,0.6412461030611927
2025-07-07,0.00714309844406813,1,0.6863750139565997
2025-07-08,0.011862047134225229,1,0.8965367885781617
2025-07-09,0.019228573169435048,1,0.9089375344691628
2025-07-10,-0.00365149889494798,0,0.7731400839508697
2025-07-11,0.01007811941863812,1,0.705213575143042
2025-07-14,0.03519384683818694,1,0.8582456654151258
2025-07-15,-0.000759381597030484,0,0.9180640363952078
2025-07-16,0.005612133902883176,1,0.6050885146242458
2025-07-17,0.009417428405129602,1,0.7100403923609451
2025-07-18,-0.0051254664278470585,0,0.8313833517786472
2025-07-21,-0.008162230178656804,0,0.938604918240086
2025-07-22,-0.01056375805153098,0,0.9176268373332671
2025-07-23,0.017165175200503535,1,0.7721879239058069
2025-07-24,0.006784915570611227,1,0.47628542711765937
2025-07-25,0.002361640449716873,1,0.6373443349077282
2025-07-28,0.022641017842672362,1,0.8095869583182148
2025-07-29,-0.008147811710127462,0,0.7465028951952806
2025-07-30,0.03620187291707744,1,0.5097282400424352
2025-07-31,-0.048168413468385074,0,0.3154536432510847
2025-08-01,0.006146272746313519,1,0.5875852313339843
2025-08-04,0.025462388413446613,1,0.7388059874664499
2025-08-05,-0.018316494808329753,0,0.6335950844387488
2025-08-06,0.02971707736178275,1,0.6227036662696559
2025-08-07,-0.00011013816914218211,0,0.7783435017770101
2025-08-08,0.0027540953405491564,1,0.6317689313454444
2025-08-11,0.004998592549963821,1,0.5989859694732008
2025-08-12,-0.0018583686501258967,0,0.7579142309847435
2025-08-13,-0.015715672432908168,0,0.8016789926346917
2025-08-14,0.01184984355720231,1,0.5442059379947237
2025-08-15,-0.007037591882509298,0,0.2134662626330684
2025-08-18,0.010132794283456592,1,0.5241171517072354
2025-08-19,-0.039796013964441546,0,0.8296706224486352
2025-08-20,-0.0018268679324967563,0,0.6463774078689416
2025-08-21,-0.012811046972619478,0,0.40869981602379973
2025-08-22,0.033254346509149935,1,0.36582736977729646
2025-08-25,0.00958777505039543,1,0.3911870633755245
2025-08-26,0.010663080589285112,1,0.23108414764105026
2025-08-27,-0.006374285700782689,0,0.19955554671570427
2025-08-28,-0.014987347466720147,0,0.3680215486475087
2025-08-29,-0.045533586638776935,0,0.28352152649353257
2025-09-02,0.0062354013318293156,1,0.3972606267040039
2025-09-03,-0.002864458994718655,0,0.24860976178926902
2025-09-04,-0.014891465191876563,0,0.4168494337742668
2025-09-05,-0.002856442209971166,0,0.4763136987400844
2025-09-08,0.009191135369933878,1,0.7332208253288562
2025-09-09,0.04465091679938982,1,0.6694896108970481
2025-09-10,0.017267309845844236,1,0.2323335655011401
2025-09-11,-0.0106298752038132,0,0.7117593438698513
2025-09-12,-0.011813132982691599,0,0.3789439617236711
2025-09-15,0.00757106311745992,1,0.6699805589273096
2025-09-16,-0.02463276953764526,0,0.33601896273313103
2025-09-17,0.007761882953166044,1,0.6157097453620783
2025-09-18,0.010288444050825962,1,0.38188081023458464
2025-09-19,-0.0026737814749027145,0,0.43059030695095607
2025-09-22,0.03804901656552451,1,0.7353819001769866
2025-09-23,-0.012090031748054564,0,0.33265333272139713
2025-09-24,-0.02942647084531047,0,0.3742993796709334
2025-09-25,0.021148598178281075,1,0.46665209908163136
2025-09-26,0.012684423525122446,1,0.1894910485486315
2025-09-29,0.009144864118657337,1,0.20013005692646518
2025-09-30,0.017355143690990005,1,0.2808688891147386
2025-10-01,0.02353698953796446,1,0.6693559111184813
2025-10-02,-0.00216254203835875,0,0.4290243012903428
2025-10-03,-0.019504038064980134,0,0.4641735100874454
2025-10-06,0.00393517784457309,1,0.7476373524678699
2025-10-07,0.0018257221204900365,1,0.5807915435231235
2025-10-08,0.030337073233086098,1,0.5045754359424919
2025-10-09,0.006658770085737453,1,0.4041320600129059
2025-10-10,-0.028628959420174183,0,0.5173453907482142
2025-10-13,-0.01702401720552016,0,0.8647333025783582
2025-10-14,0.00016232963299755987,1,0.6151947700005884
2025-10-15,-0.013907037134775702,0,0.5357205579421759
2025-10-16,-0.011249465436275807,0,0.4920245850192102
2025-10-17,0.016372597584688453,1,0.3022095536321965
2025-10-20,-0.001856652756174637,0,0.4297814137069811
2025-10-21,-0.009026789539868574,0,0.18419701704557867
2025-10-22,-0.003974792429885743,0,0.17322191969422757
2025-10-23,0.018955777514416017,1,0.577447855851698
2025-10-24,0.03345307020001553,1,0.5878635978106412
2025-10-27,0.01610604302865415,1,0.3852819917850145
2025-10-28,0.07733754923524616,1,0.6238021781151218
2025-10-29,-0.01360716254155725,0,0.5219984563346171
2025-10-30,0.006336868101583404,1,0.3663324900967992
2025-10-31,0.007895370161485005,1,0.46460528863596295
2025-11-03,-0.024413759833115223,0,0.5462411172865451
2025-11-04,-0.02083734909561441,0,0.43882606367569094
2025-11-05,-0.011822645173967028,0,0.6102191806668292
2025-11-06,-0.05865001018363458,0,0.7160335126700901
2025-11-07,0.0552191880089179,1,0.5975531418760297
2025-11-10,0.0002562358556461586,1,0.7805934811589604
2025-11-11,0.0028693683410234705,1,0.6536587115748849
2025-11-12,-0.0238605348323202,0,0.4107160955905485
2025-11-13,-0.042868412369068576,0,0.61261244655364
2025-11-14,0.017007616789370683,1,0.5547422301093796
2025-11-17,-0.01392702136174484,0,0.7956627754216293
2025-11-18,0.007688909648630338,1,0.47103302041758766
2025-11-19,0.06039289786372137,1,0.3358685239552091
2025-11-20,-0.07507010330729846,0,0.17998194224751737
2025-11-21,-0.0096557170608228,0,0.4162348588073322
2025-11-24,-0.025516742091935107,0,0.4642175021970576
2025-11-25,0.03841969350482799,1,0.30880079287985845
2025-11-26,-0.01442495646760078,0,0.4619229918209354
2025-11-28,-0.02374165927615779,0,0.47321817070754457
2025-12-01,0.040054953131171356,1,0.6982375169172002
2025-12-02,-0.003741064445992537,0,0.7280866164504939
2025-12-03,0.003037754222322775,1,0.591628469539247
2025-12-04,0.012498697495078037,1,0.731682593297317
2025-12-05,-0.006797508684186604,0,0.5003180218889027
2025-12-08,0.015987663576193967,1,0.45349042611546697
2025-12-09,-0.003179467529631941,0,0.5608724583125676
2025-12-10,-0.025355560953520873,0,0.738629190570948
2025-12-11,0.004603940392506667,1,0.5346161447553048
2025-12-12,-0.017503223692682646,0,0.6909892214880052
2025-12-15,-0.009441361313195729,0,0.7638532717512698
2025-12-16,-0.0009077139803462808,0,0.5238388302161557
2025-12-17,-0.008915377786297363,0,0.7110741489496497
2025-12-18,0.012261587393952,1,0.8541788127293795
2025-12-19,0.04103688203826805,1,0.5602551182056729
2025-12-22,-0.005165229007628613,0,0.5803139030825133
2025-12-23,0.027162862960284473,1,0.6209518315821483
2025-12-24,0.010535315701391657,1,0.3181439356636974
2025-12-26,-0.011636467080677337,0,0.8023065775716104
2025-12-29,0.0028234945621230523,1,0.6216774834581953
2025-12-30,0.007065448342666425,1,0.4967222192956122
2025-12-31,0.0014242621554168,1,0.8093054132515372
2026-01-02,0.010113796229174632,1,0.6126572212841038
2026-01-05,-0.006466416907520811,0,0.5246458419776691
2026-01-06,-0.010235121499627242,0,0.5394679745227232
2026-01-07,0.0028635648775126032,1,0.7124813679748163
2026-01-08,-0.02131030460323513,0,0.7184413589215844
2026-01-09,-0.010049691781763515,0,0.6644438520779055
2026-01-12,0.00971509863745501,1,0.6602581760258488
2026-01-13,-0.0036756773853769964,0,0.7441321448482889
2026-01-14,0.011827152337551494,1,0.5700056774013104
2026-01-15,0.013833834720000215,1,0.6911846446044679
2026-01-16,-0.03797334241327366,0,0.38768018277028454
2026-01-20,-0.015667880808063805,0,0.48412866334223553
2026-01-21,0.03183462707215745,1,0.7185649612253779
2026-01-22,0.014884978240589763,1,0.2978430904508601
2026-01-23,-0.0018132807480217839,0,0.36452109077094313
2026-01-26,0.00042742235441339815,1,0.49156033208304667
2026-01-27,0.021523089351947355,1,0.4542450192665899
2026-01-28,0.00036605020098745555,1,0.49590371661433524
2026-01-29,-0.0006793750991168634,0,0.6243638911334121
2026-01-30,-0.020971799991440276,0,0.4642706119538534
2026-02-02,-0.005128184986262996,0,0.43254419709297093
2026-02-03,-0.03640454257451986,0,0.7641579716508154
2026-02-04,-0.02524250716136589,0,0.5251509723758523
2026-02-05,0.010061226851967975,1,0.7374839692670287
2026-02-06,0.04284338361077755,1,0.6471210477880182
2026-02-09,0.03864106676933243,1,0.7060241377703421
2026-02-10,0.005591012314554167,1,0.8015112979919621
2026-02-11,0.003013713470173318,1,0.5292498741622849
2026-02-12,-0.02875209435901649,0,0.6822662623362298
2026-02-13,-0.03056319940070895,0,0.6230982626808377
2026-02-17,0.038514402567964234,1,0.499782376848507
2026-02-18,-0.00895359403555962,0,0.7055999768812043
2026-02-19,-0.0026193675423347162,0,0.470546613285236
2026-02-20,0.02588822505793753,1,0.5710211846799407
2026-02-23,0.00047035140598850056,1,0.5757777535670946
2026-02-24,0.015457650524069111,1,0.6505949747991226
2026-02-25,-0.0009256892471628531,0,0.7009704512240935
2026-02-26,-0.06702007406014443,0,0.31180430113590785
2026-02-27,-0.03442758923953848,0,0.29746038346222864
2026-03-02,0.01988448810477328,1,0.5215965461353577
2026-03-03,0.010925088894436108,1,0.3426927158909046
2026-03-04,0.004045550167281586,1,0.25613990572234147
2026-03-05,-0.007341058316394533,0,0.3455494266887813
2026-03-06,-0.016737156035496636,0,0.2906395799739984
2026-03-09,0.031499079851289524,1,0.4497887010764654
2026-03-10,0.01929867927122242,1,0.3564647526731301
2026-03-11,-0.01000475639199061,0,0.4685631377693319
2026-03-12,0.004726871168253988,1,0.4976494414274372
2026-03-13,-0.010545010376400765,0,0.4956249198157761
2026-03-16,0.011422549718603348,1,0.58050748035415
2026-03-17,-0.013941407016950125,0,0.5044695616259122
2026-03-18,-0.02449584241516245,0,0.5443228317752005
2026-03-19,-5.621808632882974e-05,0,0.26810547712672195
2026-03-20,-0.0041572980580866226,0,0.6142222829827089
2026-03-23,-0.013708615167848381,0,0.6162242769865354
2026-03-24,0.012984075686408136,1,0.43023908598298255
2026-03-25,-0.005815912489359976,0,0.8523122737095146
2026-03-26,-0.03447505128041717,0,0.5740536055569858
2026-03-27,-0.007176407752722325,0,0.5313497106981651
2026-03-30,-0.010723961847308061,0,0.7999233847136726
2026-03-31,0.054081542327593546,1,0.5169690681897416
2026-04-01,-0.021704662240167982,0,0.4341566868507296
2026-04-02,0.028923317293081174,1,0.31082562287323157
2026-04-06,-0.008071865213171159,0,0.4898271507692174
2026-04-07,0.04990620679747626,1,0.7569802808769761
2026-04-08,-0.014417404570202574,0,0.47634967361984987
2026-04-09,0.013583413677403788,1,0.6588012409245109
2026-04-10,0.00933208004882502,1,0.6227960560495878
2026-04-13,0.025856039848787704,1,0.7480207843584767
2026-04-14,0.029867993902781942,1,0.5766441785412778
2026-04-15,0.004528281983414706,1,0.37198706878511306
2026-04-16,0.012510746400516304,1,0.5303936292798894
2026-04-17,0.0004001937767519337,1,0.5122924172289967
2026-04-20,0.010751212149668454,1,0.6528175215161816
2026-04-21,-0.005639963794125125,0,0.4409138102384244
2026-04-22,0.007313768124173059,1,0.7448166320634195
2026-04-23,-0.012348129912097328,0,0.7579679287834055
2026-04-24,0.048459662814335225,1,0.8244577704501266
2026-04-27,-0.0007631310613652742,0,0.8086504309756712
2026-04-28,0.015322895134903591,1,0.8556250554596567
2026-04-29,-0.013023038381118401,0,0.5826565112764782
2026-04-30,-0.041204212302867194,0,0.5182294426514394
2026-05-01,-0.008843435656004761,0,0.5175455119366172
2026-05-04,-0.001002485678010534,0,0.7215011054114994
2026-05-05,0.002960371511382842,1,0.8040700246500779
2026-05-06,0.042273273822151625,1,0.5654187493268332
2026-05-07,0.022511290861027877,1,0.6631132367364456
2026-05-08,0.004741069202329973,1,0.1826822156489769
2026-05-11,0.021070893462903806,1,0.5757142746360708
2026-05-12,0.029192339568826497,1,0.32453649572190324
2026-05-13,0.021873540437939987,1,0.3811006204551132
2026-05-14,-0.00039156550659225076,0,0.29353371373428433
2026-05-15,0.00047873817760746284,1,0.22014251281544386
2026-05-18,-0.04459045939317441,0,0.8569884062657146
2026-05-19,0.01620983755800043,1,0.5957557546626974
2026-05-20,-0.003987799373380896,0,0.5218123256257193
2026-05-21,-0.006253141304186527,0,0.3329530327895519
2026-05-22,-0.019737388445691506,0,0.3065790686091054
2026-05-26,-0.011175810849914591,0,0.5660423422759375
2026-05-27,-0.013263601421587778,0,0.4512224884964962
2026-05-28,0.0156191847625744,1,0.5952427407269925
2026-05-29,0.005359264339414027,1,0.46933513727091236
2026-06-01,0.053075506709288955,1,0.5592244732774274
2026-06-02,-0.02403371021950529,0,0.2235036261214213
2026-06-03,-0.03410016859032461,0,0.5552666552133633
2026-06-04,0.002898371473958772,1,0.3919749266050059
2026-06-05,-0.02027689054931392,0,0.37497327691296994
2026-06-08,0.0020934581583575973,1,0.6494351698731738
2026-06-09,-0.029389445512471912,0,0.2588977749556138
2026-06-10,-0.014381391069148819,0,0.6030740049670456
2026-06-11,0.016725404489377205,1,0.721199801302681
2026-06-12,0.019818385101100677,1,0.36322972692910366
2026-06-15,0.010817498184658492,1,0.45699829257427754
2026-06-16,-0.012548521122521805,0,0.6033050777100845
2026-06-17,-0.005754521219363928,0,0.598776135981557
2026-06-18,0.01982344047801443,1,0.650225842396994
2026-06-22,-0.04384222243443059,0,0.6960025172091739
2026-06-23,-0.010140010058517168,0,0.6961286860038702
2026-06-24,-0.00019983082045327283,0,0.873989193172264
2026-06-25,-0.03478612904422451,0,0.5576134034733561
2026-06-26,0.003780069080854709,1,0.5836288085571212
2026-06-29,0.0174877485518683,1,0.8477140401012491
2026-06-30,-0.005272796723992612,0,0.4742517049412121
2026-07-01,0.004791086103960396,1,0.4785110653390451
2026-07-02,-0.013797327753092614,0,0.6107403628204849
2026-07-06,-0.010544192048124956,0,0.745531499185488
2026-07-07,0.014607229353440276,1,0.6598032980970612
2026-07-08,0.04754591649661366,1,0.6645703315908408
2026-07-09,-0.01203171135264236,0,0.537525406739099
2026-07-10,0.032376184674447694,1,0.6416678868942944
2026-07-13,-0.0016303078936128479,0,0.49785613495115966
2026-07-14,0.018059552126985734,1,0.7437214598157008
2026-07-15,-0.008444999318323432,0,0.41540061789088073
2026-07-16,-0.03582814932570133,0,0.41071169158825777
2026-07-17,0.015939608953309925,1,0.5624938914779547
2026-07-20,0.008111886300883997,1,0.7346723280888746
2026-07-21,-0.00833569340280027,0,0.4591852368855014
2026-07-22,0.01773479508857112,1,0.19831770178140073
2026-07-23,-0.009596124463719047,0,0.2807949511070812
2026-07-24,0.0036153547040209677,1,0.4484587301827192
2026-07-27,-0.06340058993980502,0,0.673119894328774
2026-07-28,0.004359025794065996,1,0.7436706776332118
2026-07-29,-0.012254365820966506,0,0.40998589258490725
2026-07-30,0.02579482868577032,1,0.4626275787110559
2026-07-31,-0.0037794471771246396,0,0.4196137794137639
2026-08-03,0.06884510341552685,1,0.5574856529529928
2026-08-04,0.026313306251047885,1,0.5637739227090426
2026-08-05,0.021534633012263882,1,0.35664651566711103
2026-08-06,4.511937624562812e-05,1,0.38594113330510743
2026-08-07,0.008395740457825429,1,0.5030403981986237
2026-08-10,-0.005505776633789261,0,0.4356393643942963
2026-08-11,-0.005086236196586547,0,0.654036149233293
2026-08-12,0.018186817260943622,1,0.48724131356705896
2026-08-13,0.007597986368343745,1,0.4093720608810695
2026-08-14,-0.003483742773994547,0,0.6900839644617177
2026-08-17,-0.02447118904055845,0,0.7996514724980123
2026-08-18,0.0055341625060534305,1,0.7684714043149007
2026-08-19,-0.01493209580966881,0,0.6471749001038075
2026-08-20,0.00027476297569561936,1,0.5929536501507121
2026-08-21,-0.013231391692322236,0,0.7167184842690019
2026-08-24,-0.0208787816789463,0,0.6743512796952368
2026-08-25,0.007629226554606738,1,0.6231648640918447
2026-08-26,0.04806245708001167,1,0.5485720970413998
2026-08-27,0.02019204745713865,1,0.630958655746613
2026-08-28,-0.03734164462881262,0,0.22863572811547384
2026-08-31,-0.009686068789102387,0,0.5046533845887482
2026-09-01,0.00941170193067431,1,0.2737084546688989
2026-09-02,0.03304543230452128,1,0.590636987517887
2026-09-03,0.02243160145580192,1,0.4552571157778151
2026-09-04,0.008741191443895291,1,0.634910347544262
2026-09-08,-0.0335892936008686,0,0.5865117681847096
2026-09-09,-0.019989496819320496,0,0.5384941193122204
2026-09-10,0.0032195470811107185,1,0.2906928662181546
2026-09-11,-0.04519978191877683,0,0.42141924525888697
2026-09-14,0.010130653919707688,1,0.4594503349431427
2026-09-15,0.0035616950484809173,1,0.5875324814922911
2026-09-16,0.01980015646422495,1,0.6996610072500162
2026-09-17,0.004441804190010945,1,0.6057777834919017
2026-09-18,0.016366520346466018,1,0.4760097429397678
2026-09-21,0.017538367360236284,1,0.32672592436670733
2026-09-22,0.0052016426891468015,1,0.4220599827736686
2026-09-23,-0.026093044687515055,0,0.7176605487721174
2026-09-24,0.013733803253829446,1,0.4805451138216029
2026-09-25,0.020521454346311474,1,0.6277328845391573
2026-09-28,0.005310125008501032,1,0.37875548684502175
2026-09-29,-0.00736024998596152,0,0.6328873433572768
2026-09-30,0.0030967481216355175,1,0.5090673798696126
2026-10-01,0.0264370899382822,1,0.8085006644071122
2026-10-02,0.00012708116414117399,1,0.4297044228928053
2026-10-05,0.025456435507006603,1,0.5131194653046397
2026-10-06,-0.018215628050103128,0,0.397355306914576
2026-10-07,-0.011653852682103394,0,0.38676020004737643
